{
  "__type__": "cc.Skeleton",
  "_name": "Skin-5",
  "_objFlags": 0,
  "_native": "",
  "_joints": [
    "NOVA_Rodjendanska_proslava_9:Suncobran/NOVA_Rodjendanska_proslava_9:joint11",
    "NOVA_Rodjendanska_proslava_9:Suncobran/NOVA_Rodjendanska_proslava_9:joint11/NOVA_Rodjendanska_proslava_9:joint10"
  ],
  "_bindposes": [
    {
      "__type__": "cc.Mat4",
      "m00": 0.9940947890281677,
      "m01": 0,
      "m02": 0.10851521044969559,
      "m03": 0,
      "m04": 0,
      "m05": 1,
      "m06": 0,
      "m07": 0,
      "m08": -0.10851521044969559,
      "m09": 0,
      "m10": 0.9940947890281677,
      "m11": 0,
      "m12": 0.00016953521117102355,
      "m13": -0.00016182064427994192,
      "m14": 0.0006205600802786648,
      "m15": 1
    },
    {
      "__type__": "cc.Mat4",
      "m00": 0.9826141595840454,
      "m01": 0,
      "m02": 0.18565931916236877,
      "m03": 0,
      "m04": 0,
      "m05": 1,
      "m06": 0,
      "m07": 0,
      "m08": -0.18565931916236877,
      "m09": 0,
      "m10": 0.9826141595840454,
      "m11": 0,
      "m12": -0.004377450328320265,
      "m13": -0.011193458922207355,
      "m14": 0.004762145224958658,
      "m15": 1
    }
  ],
  "_hash": 1869688279
}