{
  "__type__": "cc.Skeleton",
  "_name": "Skin-1",
  "_objFlags": 0,
  "_native": "",
  "_joints": [
    "NOVA_Rodjendanska_proslava_9:Zastavice/NOVA_Rodjendanska_proslava_9:joint2"
  ],
  "_bindposes": [
    {
      "__type__": "cc.Mat4",
      "m00": 0.9997523427009583,
      "m01": -0.0005655311397276819,
      "m02": -0.003978777676820755,
      "m03": 0,
      "m04": 0.00044011371210217476,
      "m05": 1.0156704187393188,
      "m06": -0.029183795675635338,
      "m07": 0,
      "m08": 0.003992368467152119,
      "m09": 0.029651731252670288,
      "m10": 0.9995661377906799,
      "m11": 0,
      "m12": -0.03688565269112587,
      "m13": -0.00843946821987629,
      "m14": -0.0024267444387078285,
      "m15": 1
    }
  ],
  "_hash": 1798972875
}