{
  "__type__": "cc.Skeleton",
  "_name": "Skin-2",
  "_objFlags": 0,
  "_native": "",
  "_joints": [
    "NOVA_Rodjendanska_proslava_9:Zuta_ruza/NOVA_Rodjendanska_proslava_9:joint7"
  ],
  "_bindposes": [
    {
      "__type__": "cc.Mat4",
      "m00": 0.0017452399479225278,
      "m01": 1.018339995662032e-10,
      "m02": -0.003332529915496707,
      "m03": 0,
      "m04": -2.195029019658179e-10,
      "m05": 0.0037618600763380527,
      "m06": 0,
      "m07": 0,
      "m08": 0.003332529915496707,
      "m09": 1.944516908602978e-10,
      "m10": 0.0017452399479225278,
      "m11": 0,
      "m12": -0.00017444000695832074,
      "m13": 0.00006887999916216359,
      "m14": 0.0002545400056988001,
      "m15": 1
    }
  ],
  "_hash": 1059671410
}