{
  "__type__": "cc.Skeleton",
  "_name": "Skin-0",
  "_objFlags": 0,
  "_native": "",
  "_joints": [
    "NOVA_Rodjendanska_proslava_9:Ljuljaska/NOVA_Rodjendanska_proslava_9:joint1"
  ],
  "_bindposes": [
    {
      "__type__": "cc.Mat4",
      "m00": 0.9781076908111572,
      "m01": 0.20809924602508545,
      "m02": 0,
      "m03": 0,
      "m04": -0.20809924602508545,
      "m05": 0.9781076908111572,
      "m06": 0,
      "m07": 0,
      "m08": 0,
      "m09": 0,
      "m10": 1,
      "m11": 0,
      "m12": -0.001325497985817492,
      "m13": -0.016870323568582535,
      "m14": -0.010548610240221024,
      "m15": 1
    }
  ],
  "_hash": 375689154
}