{
  "__type__": "cc.Skeleton",
  "_name": "Skin-3",
  "_objFlags": 0,
  "_native": "",
  "_joints": [
    "NOVA_Rodjendanska_proslava_9:Baloni/NOVA_Rodjendanska_proslava_9:joint3",
    "NOVA_Rodjendanska_proslava_9:Baloni/NOVA_Rodjendanska_proslava_9:joint3/NOVA_Rodjendanska_proslava_9:joint6",
    "NOVA_Rodjendanska_proslava_9:Baloni/NOVA_Rodjendanska_proslava_9:joint3/NOVA_Rodjendanska_proslava_9:joint5",
    "NOVA_Rodjendanska_proslava_9:Baloni/NOVA_Rodjendanska_proslava_9:joint3/NOVA_Rodjendanska_proslava_9:joint4"
  ],
  "_bindposes": [
    {
      "__type__": "cc.Mat4",
      "m00": -0.004623679909855127,
      "m01": 5.662374927340136e-19,
      "m02": 0.000541580026037991,
      "m03": 0,
      "m04": 6.364330217922409e-19,
      "m05": 0.004655289929360151,
      "m06": 5.662374927340136e-19,
      "m07": 0,
      "m08": -0.000541580026037991,
      "m09": 6.364330217922409e-19,
      "m10": -0.004623679909855127,
      "m11": 0,
      "m12": 0.00012724999396596104,
      "m13": 0.00001714000063657295,
      "m14": -0.000023630000214325264,
      "m15": 1
    },
    {
      "__type__": "cc.Mat4",
      "m00": -0.004623679909855127,
      "m01": 5.662374927340136e-19,
      "m02": 0.000541580026037991,
      "m03": 0,
      "m04": 6.364330217922409e-19,
      "m05": 0.004655289929360151,
      "m06": 5.662374927340136e-19,
      "m07": 0,
      "m08": -0.000541580026037991,
      "m09": 6.364330217922409e-19,
      "m10": -0.004623679909855127,
      "m11": 0,
      "m12": 0.002389010041952133,
      "m13": -0.012627310119569302,
      "m14": -0.004321809858083725,
      "m15": 1
    },
    {
      "__type__": "cc.Mat4",
      "m00": -0.004623679909855127,
      "m01": 5.662374927340136e-19,
      "m02": 0.000541580026037991,
      "m03": 0,
      "m04": 6.364330217922409e-19,
      "m05": 0.004655289929360151,
      "m06": 5.662374927340136e-19,
      "m07": 0,
      "m08": -0.000541580026037991,
      "m09": 6.364330217922409e-19,
      "m10": -0.004623679909855127,
      "m11": 0,
      "m12": 0.003572189947590232,
      "m13": -0.010014530271291733,
      "m14": 0.003565340070053935,
      "m15": 1
    },
    {
      "__type__": "cc.Mat4",
      "m00": -0.004623679909855127,
      "m01": 5.662374927340136e-19,
      "m02": 0.000541580026037991,
      "m03": 0,
      "m04": 6.364330217922409e-19,
      "m05": 0.004655289929360151,
      "m06": 5.662374927340136e-19,
      "m07": 0,
      "m08": -0.000541580026037991,
      "m09": 6.364330217922409e-19,
      "m10": -0.004623679909855127,
      "m11": 0,
      "m12": -0.003099380061030388,
      "m13": -0.007239520084112883,
      "m14": -0.0010088799754157662,
      "m15": 1
    }
  ],
  "_hash": 1270274745
}