{
  "__type__": "cc.Skeleton",
  "_name": "Skin-19",
  "_objFlags": 0,
  "_native": "",
  "_joints": [
    "Teretana/Bone375/Bone274_mirrored_001/Bone275_mirrored_001",
    "Teretana/Bone375/Bone274_mirrored_001",
    "Teretana/Bone375/Bone274_mirrored_001/Bone275_mirrored_001/Bone276_mirrored_001",
    "Teretana/Bone375/Bone274_mirrored_001/Bone275_mirrored_001/Bone276_mirrored_001/Bone277_mirrored_001",
    "Teretana/Bone375",
    "Teretana/Bone375/Bone376/Bone377",
    "Teretana/Bone375/Bone376",
    "Teretana/Bone375/Bone376/Bone377/Bone378"
  ],
  "_bindposes": [
    {
      "__type__": "cc.Mat4",
      "m00": -0.974137008190155,
      "m01": 0.22595800459384918,
      "m02": -0.0000011235199508519145,
      "m03": 0,
      "m04": 0.0000011232259566895664,
      "m05": -1.298645884162397e-7,
      "m06": -1,
      "m07": 0,
      "m08": -0.22595800459384918,
      "m09": -0.974137008190155,
      "m10": -1.2729600484817638e-7,
      "m11": 0,
      "m12": -0.4220876395702362,
      "m13": 0.21756377816200256,
      "m14": 0.0007875546580180526,
      "m15": 1
    },
    {
      "__type__": "cc.Mat4",
      "m00": -0.9945859909057617,
      "m01": 0.10391300171613693,
      "m02": -3.53838998989886e-7,
      "m03": 0,
      "m04": 3.5072400805802317e-7,
      "m05": -4.8247386530420044e-8,
      "m06": -1,
      "m07": 0,
      "m08": -0.10391300171613693,
      "m09": -0.9945859909057617,
      "m10": 1.1541399835834909e-8,
      "m11": 0,
      "m12": 0.01881248503923416,
      "m13": 0.16376625001430511,
      "m14": 0.0007878861506469548,
      "m15": 1
    },
    {
      "__type__": "cc.Mat4",
      "m00": -0.9669250249862671,
      "m01": 0.2550620138645172,
      "m02": 1.5215699988857523e-7,
      "m03": 0,
      "m04": -2.1735139910106227e-7,
      "m05": -2.27416890652421e-7,
      "m06": -1,
      "m07": 0,
      "m08": -0.2550620138645172,
      "m09": -0.9669250249862671,
      "m10": 2.7533300794857496e-7,
      "m11": 0,
      "m12": -0.8429307341575623,
      "m13": 0.24293451011180878,
      "m14": 0.0007882724166847765,
      "m15": 1
    },
    {
      "__type__": "cc.Mat4",
      "m00": -0.9669150114059448,
      "m01": 0.25509700179100037,
      "m02": -4.664090056394343e-7,
      "m03": 0,
      "m04": 3.993028485638206e-7,
      "m05": -3.1484751161769964e-7,
      "m06": -1,
      "m07": 0,
      "m08": -0.25509700179100037,
      "m09": -0.9669150114059448,
      "m10": 2.0257000699075434e-7,
      "m11": 0,
      "m12": -1.2305721044540405,
      "m13": 0.2429821640253067,
      "m14": 0.0007896916940808296,
      "m15": 1
    },
    {
      "__type__": "cc.Mat4",
      "m00": 0.9945859909057617,
      "m01": 0.10391200333833694,
      "m02": -1.4334499809365298e-8,
      "m03": 0,
      "m04": 1.4901125666710868e-8,
      "m05": -2.80573345889934e-7,
      "m06": -1,
      "m07": 0,
      "m08": -0.10391200333833694,
      "m09": 0.9945859909057617,
      "m10": -2.806029897328699e-7,
      "m11": 0,
      "m12": 0.015445136465132236,
      "m13": -0.16411839425563812,
      "m14": 0.0007878847536630929,
      "m15": 1
    },
    {
      "__type__": "cc.Mat4",
      "m00": 0.9669250249862671,
      "m01": 0.25506100058555603,
      "m02": 3.073909837780775e-8,
      "m03": 0,
      "m04": 1.043257071842163e-7,
      "m05": -2.7497748078531004e-7,
      "m06": -1,
      "m07": 0,
      "m08": -0.25506100058555603,
      "m09": 0.9669250249862671,
      "m10": -2.924919897395739e-7,
      "m11": 0,
      "m12": -0.8461979627609253,
      "m13": -0.24379804730415344,
      "m14": 0.000787840283010155,
      "m15": 1
    },
    {
      "__type__": "cc.Mat4",
      "m00": 0.974137008190155,
      "m01": 0.22595800459384918,
      "m02": 2.8122800088681288e-8,
      "m03": 0,
      "m04": 9.302518577669616e-8,
      "m05": -2.7658450107992394e-7,
      "m06": -1,
      "m07": 0,
      "m08": -0.22595800459384918,
      "m09": 0.974137008190155,
      "m10": -2.9045099836366717e-7,
      "m11": 0,
      "m12": -0.42539262771606445,
      "m13": -0.2183302789926529,
      "m14": 0.0007878657779656351,
      "m15": 1
    },
    {
      "__type__": "cc.Mat4",
      "m00": 0.9669259190559387,
      "m01": 0.25505900382995605,
      "m02": -1.433440388609597e-8,
      "m03": 0,
      "m04": 5.7710085599183e-8,
      "m05": -2.749781913280458e-7,
      "m06": -1,
      "m07": 0,
      "m08": -0.25505924224853516,
      "m09": 0.9669250249862671,
      "m10": -2.8060301815457933e-7,
      "m11": 0,
      "m12": -1.2338542938232422,
      "m13": -0.2437976747751236,
      "m14": 0.000789694779086858,
      "m15": 1
    }
  ],
  "_hash": 2844378765
}