{
  "__type__": "cc.Skeleton",
  "_name": "Skin-1",
  "_objFlags": 0,
  "_native": "",
  "_joints": [
    "Animirani_objekti/Group049/Bone336",
    "Animirani_objekti/Group049/Bone370",
    "Animirani_objekti/Group049/Bone370/Bone371",
    "Animirani_objekti/Group049/Bone370/Bone371/Bone372",
    "Animirani_objekti/Group049/Bone370/Bone371/Bone372/Bone373",
    "Animirani_objekti/Group049/Bone343/Bone344/Bone345/Bone346/Bone347",
    "Animirani_objekti/Group049/Bone343/Bone344/Bone345/Bone346",
    "Animirani_objekti/Group049/Bone343/Bone344/Bone345/Bone346/Bone347/Bone348",
    "Animirani_objekti/Group049/Bone343/Bone344/Bone345",
    "Animirani_objekti/Group049/Bone343/Bone344",
    "Animirani_objekti/Group049/Bone343",
    "Animirani_objekti/Group049/Bone329/Bone330/Bone331/Bone332",
    "Animirani_objekti/Group049/Bone329/Bone330/Bone331/Bone332/Bone333",
    "Animirani_objekti/Group049/Bone329/Bone330/Bone331/Bone332/Bone333/Bone334",
    "Animirani_objekti/Group049/Bone329/Bone330/Bone331",
    "Animirani_objekti/Group049/Bone329/Bone330",
    "Animirani_objekti/Group049/Bone329",
    "Animirani_objekti/Group049/Bone355",
    "Animirani_objekti/Group049/Bone355/Bone356",
    "Animirani_objekti/Group049/Bone355/Bone356/Bone357",
    "Animirani_objekti/Group049/Bone355/Bone356/Bone357/Bone358",
    "Animirani_objekti/Group049/Bone365",
    "Animirani_objekti/Group049/Bone365/Bone366",
    "Animirani_objekti/Group049/Bone365/Bone366/Bone367",
    "Animirani_objekti/Group049/Bone365/Bone366/Bone367/Bone368",
    "Animirani_objekti/Group049/Bone350",
    "Animirani_objekti/Group049/Bone350/Bone351",
    "Animirani_objekti/Group049/Bone350/Bone351/Bone352",
    "Animirani_objekti/Group049/Bone350/Bone351/Bone352/Bone353",
    "Animirani_objekti/Group049/Bone360",
    "Animirani_objekti/Group049/Bone360/Bone361",
    "Animirani_objekti/Group049/Bone360/Bone361/Bone362",
    "Animirani_objekti/Group049/Bone360/Bone361/Bone362/Bone363"
  ],
  "_bindposes": [
    {
      "__type__": "cc.Mat4",
      "m00": -0.0801624059677124,
      "m01": -0.9967813491821289,
      "m02": 0.0000015836619695619447,
      "m03": 0,
      "m04": -0.0000026029733817267697,
      "m05": -0.0000013794395954391803,
      "m06": -1.0000001192092896,
      "m07": 0,
      "m08": 0.9967813491821289,
      "m09": -0.0801624208688736,
      "m10": -0.0000024840192054398358,
      "m11": 0,
      "m12": -0.7776623368263245,
      "m13": 0.4537167549133301,
      "m14": 0.20118527114391327,
      "m15": 1
    },
    {
      "__type__": "cc.Mat4",
      "m00": -0.09350895881652832,
      "m01": 0.31701433658599854,
      "m02": 0.943799614906311,
      "m03": 0,
      "m04": 0.23248502612113953,
      "m05": -0.9147943258285522,
      "m06": 0.3303056061267853,
      "m07": 0,
      "m08": 0.9680945873260498,
      "m09": 0.25030583143234253,
      "m10": 0.011840380728244781,
      "m11": 0,
      "m12": -0.8540250658988953,
      "m13": 0.12392743676900864,
      "m14": -0.21709240972995758,
      "m15": 1
    },
    {
      "__type__": "cc.Mat4",
      "m00": -0.2953369915485382,
      "m01": 0.17824116349220276,
      "m02": 0.9386193156242371,
      "m03": 0,
      "m04": 0.768491804599762,
      "m05": -0.5393749475479126,
      "m06": 0.34423181414604187,
      "m07": 0,
      "m08": 0.5676246881484985,
      "m09": 0.8229848742485046,
      "m10": 0.02232048474252224,
      "m11": 0,
      "m12": -0.9049880504608154,
      "m13": -0.6233282685279846,
      "m14": -0.2337033748626709,
      "m15": 1
    },
    {
      "__type__": "cc.Mat4",
      "m00": -0.36081287264823914,
      "m01": 0.063820980489254,
      "m02": 0.9304516315460205,
      "m03": 0,
      "m04": 0.9010186195373535,
      "m05": -0.23372270166873932,
      "m06": 0.36543020606040955,
      "m07": 0,
      "m08": 0.24079006910324097,
      "m09": 0.970206081867218,
      "m10": 0.026826269924640656,
      "m11": 0,
      "m12": -0.8536322712898254,
      "m13": -0.9896411895751953,
      "m14": -0.25242918729782104,
      "m15": 1
    },
    {
      "__type__": "cc.Mat4",
      "m00": -0.3431949317455292,
      "m01": -0.14773163199424744,
      "m02": 0.927573025226593,
      "m03": 0,
      "m04": 0.8829454779624939,
      "m05": 0.286079078912735,
      "m06": 0.37224528193473816,
      "m07": 0,
      "m08": -0.32035186886787415,
      "m09": 0.9467496871948242,
      "m10": 0.032258041203022,
      "m11": 0,
      "m12": -0.38688167929649353,
      "m13": -1.4215086698532104,
      "m14": -0.2651607394218445,
      "m15": 1
    },
    {
      "__type__": "cc.Mat4",
      "m00": 0.8039755821228027,
      "m01": 0.2859453856945038,
      "m02": -0.5214011669158936,
      "m03": 0,
      "m04": -0.49125412106513977,
      "m05": -0.17472447454929352,
      "m06": -0.8533119559288025,
      "m07": 0,
      "m08": -0.33510223031044006,
      "m09": 0.9421819448471069,
      "m10": -0.000002370872607571073,
      "m11": 0,
      "m12": 0.18465837836265564,
      "m13": -1.5066994428634644,
      "m14": 0.16927972435951233,
      "m15": 1
    },
    {
      "__type__": "cc.Mat4",
      "m00": 0.8068260550498962,
      "m01": -0.27777642011642456,
      "m02": -0.5214139223098755,
      "m03": 0,
      "m04": -0.493014395236969,
      "m05": 0.16973380744457245,
      "m06": -0.8533037304878235,
      "m07": 0,
      "m08": 0.32552963495254517,
      "m09": 0.9455314874649048,
      "m10": -0.0000021199339244049042,
      "m11": 0,
      "m12": -0.6413773894309998,
      "m13": -1.293051838874817,
      "m14": 0.1692812293767929,
      "m15": 1
    },
    {
      "__type__": "cc.Mat4",
      "m00": 0.6963456273078918,
      "m01": 0.49320894479751587,
      "m02": -0.5213900208473206,
      "m03": 0,
      "m04": -0.4254862368106842,
      "m05": -0.3013451099395752,
      "m06": -0.8533186316490173,
      "m07": 0,
      "m08": -0.5779828429222107,
      "m09": 0.816048800945282,
      "m10": 0.00001324681579717435,
      "m11": 0,
      "m12": 0.4868592619895935,
      "m13": -1.4287620782852173,
      "m14": 0.169252410531044,
      "m15": 1
    },
    {
      "__type__": "cc.Mat4",
      "m00": 0.289511501789093,
      "m01": -0.8026944398880005,
      "m02": -0.5214059948921204,
      "m03": 0,
      "m04": -0.17690376937389374,
      "m05": 0.49047863483428955,
      "m06": -0.8533084392547607,
      "m07": 0,
      "m08": 0.9406847953796387,
      "m09": 0.3392814099788666,
      "m10": -4.745413946238841e-7,
      "m11": 0,
      "m12": -1.2164949178695679,
      "m13": -0.31113189458847046,
      "m14": 0.16927549242973328,
      "m15": 1
    },
    {
      "__type__": "cc.Mat4",
      "m00": -0.501835286617279,
      "m01": -0.6901432871818542,
      "m02": -0.5214052200317383,
      "m03": 0,
      "m04": 0.30664071440696716,
      "m05": 0.42170459032058716,
      "m06": -0.8533092737197876,
      "m07": 0,
      "m08": 0.8087846636772156,
      "m09": -0.5881048440933228,
      "m10": -2.1906190283971227e-7,
      "m11": 0,
      "m12": -0.5516577363014221,
      "m13": 0.8321620225906372,
      "m14": 0.16927817463874817,
      "m15": 1
    },
    {
      "__type__": "cc.Mat4",
      "m00": -0.08583991974592209,
      "m01": -0.8489805459976196,
      "m02": -0.5214048027992249,
      "m03": 0,
      "m04": 0.05246369168162346,
      "m05": 0.518758237361908,
      "m06": -0.8533098101615906,
      "m07": 0,
      "m08": 0.9949267506599426,
      "m09": -0.10060279816389084,
      "m10": 0.000010490184649825096,
      "m11": 0,
      "m12": -0.7711004018783569,
      "m13": 0.44078728556632996,
      "m14": 0.1692696362733841,
      "m15": 1
    },
    {
      "__type__": "cc.Mat4",
      "m00": 0.726267397403717,
      "m01": -0.24363777041435242,
      "m02": 0.6427874565124512,
      "m03": 0,
      "m04": 0.6094108819961548,
      "m05": -0.2044370174407959,
      "m06": -0.7660437822341919,
      "m07": 0,
      "m08": 0.3180469870567322,
      "m09": 0.9480748772621155,