{
  "__type__": "cc.Skeleton",
  "_name": "Skin-15",
  "_objFlags": 0,
  "_native": "",
  "_joints": [
    "Cizme/Circle021/Bone449",
    "Cizme/Circle021/Bone449/Bone450",
    "Cizme/Circle021/Bone449/Bone450/Bone451",
    "Cizme/Circle021/Bone449/Bone450/Bone451/Bone452"
  ],
  "_bindposes": [
    {
      "__type__": "cc.Mat4",
      "m00": 0.012970022857189178,
      "m01": 0.014645620249211788,
      "m02": -0.9998089075088501,
      "m03": 0,
      "m04": 0.353016197681427,
      "m05": -0.9355721473693848,
      "m06": -0.009125168435275555,
      "m07": 0,
      "m08": -0.9355270266532898,
      "m09": -0.352830171585083,
      "m10": -0.017304552718997,
      "m11": 0,
      "m12": 0.3620339035987854,
      "m13": 0.10906048119068146,
      "m14": 0.0017700411844998598,
      "m15": 1
    },
    {
      "__type__": "cc.Mat4",
      "m00": 0.019224174320697784,
      "m01": 0.0036032081115990877,
      "m02": -0.9998089075088501,
      "m03": 0,
      "m04": -0.2952924370765686,
      "m05": -0.9553629159927368,
      "m06": -0.009120877832174301,
      "m07": 0,
      "m08": -0.9552132487297058,
      "m09": 0.29541122913360596,
      "m10": -0.017302079126238823,
      "m11": 0,
      "m12": 0.036402150988578796,
      "m13": 0.10981877893209457,
      "m14": 0.0017699161544442177,
      "m15": 1
    },
    {
      "__type__": "cc.Mat4",
      "m00": 0.014358950778841972,
      "m01": -0.013292301446199417,
      "m02": -0.9998089075088501,
      "m03": 0,
      "m04": -0.9430685639381409,
      "m05": -0.3324737846851349,
      "m06": -0.009123881347477436,
      "m07": 0,
      "m08": -0.33228883147239685,
      "m09": 0.9430191516876221,
      "m10": -0.0173095241189003,
      "m11": 0,
      "m12": -0.11148490011692047,
      "m13": 0.3343346416950226,
      "m14": 0.0017664484912529588,
      "m15": 1
    },
    {
      "__type__": "cc.Mat4",
      "m00": 0.014358475804328918,
      "m01": -0.013291744515299797,
      "m02": -0.9998089075088501,
      "m03": 0,
      "m04": -0.9430674910545349,
      "m05": -0.33247485756874084,
      "m06": -0.009123600088059902,
      "m07": 0,
      "m08": -0.3322899043560028,
      "m09": 0.9430180788040161,
      "m10": -0.01730886474251747,
      "m11": 0,
      "m12": -0.5174867510795593,
      "m13": 0.3343343734741211,
      "m14": 0.0017673542024567723,
      "m15": 1
    }
  ],
  "_hash": 1728080913
}