{
  "__type__": "cc.Skeleton",
  "_name": "Skin-12",
  "_objFlags": 0,
  "_native": "",
  "_joints": [
    "Animirani_objekti/Group115/Point011/Bone475",
    "Animirani_objekti/Group115/Point011/Bone475/Bone476",
    "Animirani_objekti/Group115/Point011/Bone475/Bone476/Bone477",
    "Animirani_objekti/Group115/Point011/Bone475/Bone476/Bone477/Bone478"
  ],
  "_bindposes": [
    {
      "__type__": "cc.Mat4",
      "m00": 0.9902269840240479,
      "m01": -0.1394670009613037,
      "m02": -0.00001181900006486103,
      "m03": 0,
      "m04": -0.000011992343388556037,
      "m05": -4.024986708373035e-7,
      "m06": -1,
      "m07": 0,
      "m08": 0.1394670009613037,
      "m09": 0.9902269840240479,
      "m10": -0.0000020710999706352595,
      "m11": 0,
      "m12": 0.1267482191324234,
      "m13": 0.03125132992863655,
      "m14": -0.00006965002103243023,
      "m15": 1
    },
    {
      "__type__": "cc.Mat4",
      "m00": 0.9996910095214844,
      "m01": 0.024879800155758858,
      "m02": 0.000002288310042786179,
      "m03": 0,
      "m04": 0.000002300132791788201,
      "m05": -4.465306915335532e-7,
      "m06": -1,
      "m07": 0,
      "m08": -0.024879800155758858,
      "m09": 0.9996910095214844,
      "m10": -5.036189918428136e-7,
      "m11": 0,
      "m12": -0.00076608284143731,
      "m13": 0.03155366703867912,
      "m14": -0.00006960518658161163,
      "m15": 1
    },
    {
      "__type__": "cc.Mat4",
      "m00": 0.9911760091781616,
      "m01": -0.13255499303340912,
      "m02": -1.549710049175701e-7,
      "m03": 0,
      "m04": -2.10168593639537e-7,
      "m05": -4.024213637876528e-7,
      "m06": -1,
      "m07": 0,
      "m08": 0.13255499303340912,
      "m09": 0.9911760091781616,
      "m10": -4.267290023562964e-7,
      "m11": 0,
      "m12": -0.1820349544286728,
      "m13": 0.060919586569070816,
      "m14": -0.00006914394907653332,
      "m15": 1
    },
    {
      "__type__": "cc.Mat4",
      "m00": 0.9911749958992004,
      "m01": -0.1325560063123703,
      "m02": -2.0854000126746541e-7,
      "m03": 0,
      "m04": -2.6471289515939134e-7,
      "m05": -4.061454887960281e-7,
      "m06": -1,
      "m07": 0,
      "m08": 0.1325560063123703,
      "m09": 0.9911749958992004,
      "m10": -4.376510105430498e-7,
      "m11": 0,
      "m12": -0.32362672686576843,
      "m13": 0.060921695083379745,
      "m14": -0.00006873264646856114,
      "m15": 1
    }
  ],
  "_hash": 1295446729
}