{
  "__type__": "cc.Skeleton",
  "_name": "Skin-14",
  "_objFlags": 0,
  "_native": "",
  "_joints": [
    "Cizme/Circle020/Bone445",
    "Cizme/Circle020/Bone445/Bone446",
    "Cizme/Circle020/Bone445/Bone446/Bone447",
    "Cizme/Circle020/Bone445/Bone446/Bone447/Bone448"
  ],
  "_bindposes": [
    {
      "__type__": "cc.Mat4",
      "m00": -0.03096010722219944,
      "m01": -0.14849057793617249,
      "m02": -0.9884293675422668,
      "m03": 0,
      "m04": 0.4717915654182434,
      "m05": -0.8739771842956543,
      "m06": 0.11651893705129623,
      "m07": 0,
      "m08": -0.8811665177345276,
      "m09": -0.4627249836921692,
      "m10": 0.09711504727602005,
      "m11": 0,
      "m12": 0.3857603967189789,
      "m13": 0.0878535583615303,
      "m14": 0.012595665641129017,
      "m15": 1
    },
    {
      "__type__": "cc.Mat4",
      "m00": -0.11895547807216644,
      "m01": -0.09412656724452972,
      "m02": -0.9884282946586609,
      "m03": 0,
      "m04": -0.19812718033790588,
      "m05": -0.9732261896133423,
      "m06": 0.11652304977178574,
      "m07": 0,
      "m08": -0.9729321599006653,
      "m09": 0.20969544351100922,
      "m10": 0.09712144732475281,
      "m11": 0,
      "m12": 0.04014492779970169,
      "m13": 0.0809100791811943,
      "m14": 0.012613904662430286,
      "m15": 1
    },
    {
      "__type__": "cc.Mat4",
      "m00": -0.14756107330322266,
      "m01": 0.03510243818163872,
      "m02": -0.9884305000305176,
      "m03": 0,
      "m04": -0.8868542909622192,
      "m05": -0.4471175968647003,
      "m06": 0.1165182888507843,
      "m07": 0,
      "m08": -0.43785449862480164,
      "m09": 0.8937863707542419,
      "m10": 0.09710787236690521,
      "m11": 0,
      "m12": -0.13807249069213867,
      "m13": 0.30570945143699646,
      "m14": 0.012596356682479382,
      "m15": 1
    },
    {
      "__type__": "cc.Mat4",
      "m00": -0.1475658416748047,
      "m01": 0.035108111798763275,
      "m02": -0.9884293079376221,
      "m03": 0,
      "m04": -0.886851966381073,
      "m05": -0.4471190273761749,
      "m06": 0.11652006208896637,
      "m07": 0,
      "m08": -0.4378542900085449,
      "m09": 0.8937850594520569,
      "m10": 0.09711532294750214,
      "m11": 0,
      "m12": -0.5332362651824951,
      "m13": 0.3057132065296173,
      "m14": 0.012606839649379253,
      "m15": 1
    }
  ],
  "_hash": 3872861470
}