{
  "__type__": "cc.Skeleton",
  "_name": "Skin-9",
  "_objFlags": 0,
  "_native": "",
  "_joints": [
    "Animirani_objekti/Group105/Bone486/Bone487",
    "Animirani_objekti/Group105/Bone486"
  ],
  "_bindposes": [
    {
      "__type__": "cc.Mat4",
      "m00": -8.471889856309645e-8,
      "m01": -1.0000005960464478,
      "m02": 1.2212453270876722e-15,
      "m03": 0,
      "m04": -3.4897698952818246e-8,
      "m05": 1.887379141862766e-15,
      "m06": -1.0000005960464478,
      "m07": 0,
      "m08": 1,
      "m09": -8.471889856309645e-8,
      "m10": -3.4897698952818246e-8,
      "m11": 0,
      "m12": -0.21720854938030243,
      "m13": 0.0014481267426162958,
      "m14": -0.0001331694220425561,
      "m15": 1
    },
    {
      "__type__": "cc.Mat4",
      "m00": -0.0060109421610832214,
      "m01": -0.9999822378158569,
      "m02": -0.000004242590421199566,
      "m03": 0,
      "m04": -4.177805212890462e-9,
      "m05": 0.000004242690920364112,
      "m06": -1.0000005960464478,
      "m07": 0,
      "m08": 0.9999819993972778,
      "m09": -0.006010939832776785,
      "m10": -2.9680290225542194e-8,
      "m11": 0,
      "m12": -0.00044850949780084193,
      "m13": 0.0014447338180616498,
      "m14": -0.0001295247784582898,
      "m15": 1
    }
  ],
  "_hash": 357110831
}