{
  "__type__": "cc.Skeleton",
  "_name": "Skin-16",
  "_objFlags": 0,
  "_native": "",
  "_joints": [
    "Objekti_iz_jezerca/KOREKCIJE_Grad_nevidljivih_ljudi_samo_anim:transform91/KOREKCIJE_Grad_nevidljivih_ljudi_samo_anim:joint17"
  ],
  "_bindposes": [
    {
      "__type__": "cc.Mat4",
      "m00": 0.002327065449208021,
      "m01": -0.00004501564399106428,
      "m02": -0.0008138005505315959,
      "m03": 0,
      "m04": -0.00004111916496185586,
      "m05": 0.002267249161377549,
      "m06": -0.0002237181324744597,
      "m07": 0,
      "m08": 0.0008904245332814753,
      "m09": 0.00022234498464968055,
      "m10": 0.0021164827048778534,
      "m11": 0,
      "m12": 0.00012105647329008207,
      "m13": -0.0009115108987316489,
      "m14": 0.0004022330977022648,
      "m15": 1
    }
  ],
  "_hash": 1579454509
}