{
  "__type__": "cc.Skeleton",
  "_name": "Skin-12",
  "_objFlags": 0,
  "_native": "",
  "_joints": [
    "Objekti_iz_jezerca/KOREKCIJE_Grad_nevidljivih_ljudi_samo_anim:transform87/KOREKCIJE_Grad_nevidljivih_ljudi_samo_anim:joint13"
  ],
  "_bindposes": [
    {
      "__type__": "cc.Mat4",
      "m00": 0.002080541802570224,
      "m01": 0.000003962760274589527,
      "m02": -0.0008415405754931271,
      "m03": 0,
      "m04": 0.000059499117924133316,
      "m05": 0.0023435011971741915,
      "m06": 0.00017578898405190557,
      "m07": 0,
      "m08": 0.0007930917199701071,
      "m09": -0.0001862095232354477,
      "m10": 0.002194451168179512,
      "m11": 0,
      "m12": 0.00012824231816921383,
      "m13": -0.0010934150777757168,
      "m14": 0.000236810912610963,
      "m15": 1
    }
  ],
  "_hash": 1703411002
}