{
  "__type__": "cc.Skeleton",
  "_name": "Skin-18",
  "_objFlags": 0,
  "_native": "",
  "_joints": [
    "Vetrenjaca/KOREKCIJE_Grad_nevidljivih_ljudi_samo_anim:Vetrenjaca_elisa/KOREKCIJE_Grad_nevidljivih_ljudi_samo_anim:joint20"
  ],
  "_bindposes": [
    {
      "__type__": "cc.Mat4",
      "m00": -0.09988785535097122,
      "m01": -0.2781567871570587,
      "m02": -0.9553279876708984,
      "m03": 0,
      "m04": 0.0009831064380705357,
      "m05": -0.960157036781311,
      "m06": 0.27946001291275024,
      "m07": 0,
      "m08": -0.9949979782104492,
      "m09": 0.02697547897696495,
      "m10": 0.09618149697780609,
      "m11": 0,
      "m12": 0.33737269043922424,
      "m13": 0.11372439563274384,
      "m14": -0.009631482884287834,
      "m15": 1
    }
  ],
  "_hash": 1235805980
}