{
  "__type__": "cc.Skeleton",
  "_name": "Skin-7",
  "_objFlags": 0,
  "_native": "",
  "_joints": [
    "Objekti_iz_jezerca/KOREKCIJE_Grad_nevidljivih_ljudi_samo_anim:transform81/KOREKCIJE_Grad_nevidljivih_ljudi_samo_anim:joint7"
  ],
  "_bindposes": [
    {
      "__type__": "cc.Mat4",
      "m00": 0.001997106010094285,
      "m01": 0,
      "m02": 0,
      "m03": 0,
      "m04": 0,
      "m05": 0.001995360478758812,
      "m06": -0.00008661306492285803,
      "m07": 0,
      "m08": 0,
      "m09": 0.00008349682320840657,
      "m10": 0.002069830661639571,
      "m11": 0,
      "m12": -0.0007952578016556799,
      "m13": -0.00016480483463965356,
      "m14": 0.00006758153176633641,
      "m15": 1
    }
  ],
  "_hash": 3203170643
}