{
  "__type__": "cc.Skeleton",
  "_name": "Skin-13",
  "_objFlags": 0,
  "_native": "",
  "_joints": [
    "Objekti_iz_jezerca/KOREKCIJE_Grad_nevidljivih_ljudi_samo_anim:transform86/KOREKCIJE_Grad_nevidljivih_ljudi_samo_anim:joint12"
  ],
  "_bindposes": [
    {
      "__type__": "cc.Mat4",
      "m00": -0.0004834078426938504,
      "m01": 0.00010519435454625636,
      "m02": -0.002363241044804454,
      "m03": 0,
      "m04": 0.00011126502795377746,
      "m05": 0.0024104085750877857,
      "m06": 0.00008453507325612009,
      "m07": 0,
      "m08": 0.002362964441999793,
      "m09": -0.0000919791345950216,
      "m10": -0.0004874449805356562,
      "m11": 0,
      "m12": 0.0001260230492334813,
      "m13": -0.0010769484797492623,
      "m14": 0.000016949288692558184,
      "m15": 1
    }
  ],
  "_hash": 1247821892
}