{
  "__type__": "cc.Skeleton",
  "_name": "Skin-6",
  "_objFlags": 0,
  "_native": "",
  "_joints": [
    "Jezerce/KOREKCIJE_Grad_nevidljivih_ljudi_samo_anim:transform80/KOREKCIJE_Grad_nevidljivih_ljudi_samo_anim:joint6"
  ],
  "_bindposes": [
    {
      "__type__": "cc.Mat4",
      "m00": 5.205150127410889,
      "m01": 0,
      "m02": 0,
      "m03": 0,
      "m04": 0,
      "m05": 1,
      "m06": -0.00015861800056882203,
      "m07": 0,
      "m08": 0,
      "m09": 0.00229183048941195,
      "m10": 14.448741912841797,
      "m11": 0,
      "m12": 0.00047870000707916915,
      "m13": -0.000924699823372066,
      "m14": -0.003493889467790723,
      "m15": 1
    }
  ],
  "_hash": 320870298
}