{
  "__type__": "cc.Skeleton",
  "_name": "Skin-21",
  "_objFlags": 0,
  "_native": "",
  "_joints": [
    "Znak_na_stali2/KOREKCIJE_Grad_nevidljivih_ljudi_samo_anim:joint5"
  ],
  "_bindposes": [
    {
      "__type__": "cc.Mat4",
      "m00": -0.0027205373626202345,
      "m01": 0.999660849571228,
      "m02": -0.025874117389321327,
      "m03": 0,
      "m04": 0.0806998759508133,
      "m05": -0.025570359081029892,
      "m06": -0.9964101910591125,
      "m07": 0,
      "m08": -0.9967349767684937,
      "m09": -0.004798810929059982,
      "m10": -0.0806029662489891,
      "m11": 0,
      "m12": 0.00009684839460533112,
      "m13": -0.012549109756946564,
      "m14": 0.000718131719622761,
      "m15": 1
    }
  ],
  "_hash": 3592360222
}