{
  "__type__": "cc.Skeleton",
  "_name": "Skin-10",
  "_objFlags": 0,
  "_native": "",
  "_joints": [
    "Objekti_iz_jezerca/KOREKCIJE_Grad_nevidljivih_ljudi_samo_anim:transform84/KOREKCIJE_Grad_nevidljivih_ljudi_samo_anim:joint10"
  ],
  "_bindposes": [
    {
      "__type__": "cc.Mat4",
      "m00": 0.001177178113721311,
      "m01": -0.000038482408854179084,
      "m02": 0.001738960389047861,
      "m03": 0,
      "m04": 0.00008018956577870995,
      "m05": 0.00211644871160388,
      "m06": -0.000007268653007486137,
      "m07": 0,
      "m08": -0.0017588710179552436,
      "m09": 0.0000707362123648636,
      "m10": 0.001163520966656506,
      "m11": 0,
      "m12": -0.0000305189641949255,
      "m13": -0.0010690015042200685,
      "m14": -0.0001760051236487925,
      "m15": 1
    }
  ],
  "_hash": 1230091347
}