{
  "__type__": "cc.Skeleton",
  "_name": "Skin-11",
  "_objFlags": 0,
  "_native": "",
  "_joints": [
    "Objekti_iz_jezerca/KOREKCIJE_Grad_nevidljivih_ljudi_samo_anim:transform85/KOREKCIJE_Grad_nevidljivih_ljudi_samo_anim:joint11"
  ],
  "_bindposes": [
    {
      "__type__": "cc.Mat4",
      "m00": -0.0003439322754275054,
      "m01": 0.00007172831828938797,
      "m02": -0.001782246632501483,
      "m03": 0,
      "m04": 0.00006668209243798628,
      "m05": 0.0018410496413707733,
      "m06": 0.00005738374966313131,
      "m07": 0,
      "m08": 0.0016511993017047644,
      "m09": -0.000059408215747680515,
      "m10": -0.00037354580126702785,
      "m11": 0,
      "m12": 0.0001652120117796585,
      "m13": -0.0010774885304272175,
      "m14": 0.000008060047548497096,
      "m15": 1
    }
  ],
  "_hash": 249646782
}