{
  "__type__": "cc.Skeleton",
  "_name": "Skin-2",
  "_objFlags": 0,
  "_native": "",
  "_joints": [
    "Znak_na_stali/KOREKCIJE_Grad_nevidljivih_ljudi_samo_anim:joint3"
  ],
  "_bindposes": [
    {
      "__type__": "cc.Mat4",
      "m00": 0.985692024230957,
      "m01": -0.1685580015182495,
      "m02": 0,
      "m03": 0,
      "m04": 0.1685580015182495,
      "m05": 0.985692024230957,
      "m06": 0,
      "m07": 0,
      "m08": 0,
      "m09": 0,
      "m10": 1,
      "m11": 0,
      "m12": -0.0008023474365472794,
      "m13": -0.004220252390950918,
      "m14": -0.0002295299927936867,
      "m15": 1
    }
  ],
  "_hash": 1925097000
}