{
  "__type__": "cc.Skeleton",
  "_name": "Skin-15",
  "_objFlags": 0,
  "_native": "",
  "_joints": [
    "Objekti_iz_jezerca/KOREKCIJE_Grad_nevidljivih_ljudi_samo_anim:transform90/KOREKCIJE_Grad_nevidljivih_ljudi_samo_anim:joint16"
  ],
  "_bindposes": [
    {
      "__type__": "cc.Mat4",
      "m00": 0.0020462956745177507,
      "m01": 0.000051973598601762205,
      "m02": -0.0008467410807497799,
      "m03": 0,
      "m04": -0.00009834659431362525,
      "m05": 0.0022106266114860773,
      "m06": -0.00010198087693424895,
      "m07": 0,
      "m08": 0.0008426140411756933,
      "m09": 0.0001317985006608069,
      "m10": 0.002044415334239602,
      "m11": 0,
      "m12": 0.00005577456977334805,
      "m13": -0.0008944489527493715,
      "m14": 0.00027135625714436173,
      "m15": 1
    }
  ],
  "_hash": 3856423014
}