{
  "__type__": "cc.Skeleton",
  "_name": "Skin-9",
  "_objFlags": 0,
  "_native": "",
  "_joints": [
    "Objekti_iz_jezerca/KOREKCIJE_Grad_nevidljivih_ljudi_samo_anim:transform83/KOREKCIJE_Grad_nevidljivih_ljudi_samo_anim:joint9"
  ],
  "_bindposes": [
    {
      "__type__": "cc.Mat4",
      "m00": -0.0005104337469674647,
      "m01": -0.00005510573464562185,
      "m02": -0.0018526521744206548,
      "m03": 0,
      "m04": -1.159615103966331e-16,
      "m05": 0.0017766273813322186,
      "m06": -0.00006257047061808407,
      "m07": 0,
      "m08": 0.0017123289871960878,
      "m09": -0.000016426649381173775,
      "m10": -0.0005522631690837443,
      "m11": 0,
      "m12": 0.0002498352841939777,
      "m13": 0.000001104341322388791,
      "m14": 0.0007174552883952856,
      "m15": 1
    }
  ],
  "_hash": 4034738686
}