{
  "__type__": "cc.Skeleton",
  "_name": "Skin-19",
  "_objFlags": 0,
  "_native": "",
  "_joints": [
    "Znak_na_stali/KOREKCIJE_Grad_nevidljivih_ljudi_samo_anim:joint3"
  ],
  "_bindposes": [
    {
      "__type__": "cc.Mat4",
      "m00": -0.003569601336494088,
      "m01": 0.9999677538871765,
      "m02": -0.007242309860885143,
      "m03": 0,
      "m04": 0.9991349577903748,
      "m05": 0.0038666408509016037,
      "m06": 0.041423555463552475,
      "m07": 0,
      "m08": 0.04145018011331558,
      "m09": -0.007088172249495983,
      "m10": -0.999114990234375,
      "m11": 0,
      "m12": -0.0006513309781439602,
      "m13": -0.014863831922411919,
      "m14": 0.00012914292165078223,
      "m15": 1
    }
  ],
  "_hash": 2150898428
}