{
  "__type__": "cc.Skeleton",
  "_name": "Skin-14",
  "_objFlags": 0,
  "_native": "",
  "_joints": [
    "Objekti_iz_jezerca/KOREKCIJE_Grad_nevidljivih_ljudi_samo_anim:transform88/KOREKCIJE_Grad_nevidljivih_ljudi_samo_anim:joint14"
  ],
  "_bindposes": [
    {
      "__type__": "cc.Mat4",
      "m00": 0.0022262425627559423,
      "m01": 0.00005873341433471069,
      "m02": -0.00081786880036816,
      "m03": 0,
      "m04": -0.00007601963443448767,
      "m05": 0.0023494395427405834,
      "m06": -0.00003395507883396931,
      "m07": 0,
      "m08": 0.0008250328828580678,
      "m09": 0.00005799655264127068,
      "m10": 0.0022037827875465155,
      "m11": 0,
      "m12": 0.00004040417115902528,
      "m13": -0.0010598843218758702,
      "m14": 0.0002871330070775002,
      "m15": 1
    }
  ],
  "_hash": 521980748
}