{
  "__type__": "cc.Skeleton",
  "_name": "Skin-1",
  "_objFlags": 0,
  "_native": "",
  "_joints": [
    "ANIM_scena/ANIM_anim2_leptir/ANIM_anim2_joint2"
  ],
  "_bindposes": [
    {
      "__type__": "cc.Mat4",
      "m00": -0.0007982853567227721,
      "m01": 9.776259605421849e-20,
      "m02": -0.0006384405423887074,
      "m03": 0,
      "m04": 4.699550717624734e-20,
      "m05": 0.0010221991688013077,
      "m06": 9.776199505580468e-20,
      "m07": 0,
      "m08": 0.0006384405423887074,
      "m09": 4.6995730127271815e-20,
      "m10": -0.0007982853567227721,
      "m11": 0,
      "m12": -0.00017161041614599526,
      "m13": -0.00001768553011061158,
      "m14": 0.00021752929023932666,
      "m15": 1
    }
  ],
  "_hash": 228851023
}