{
  "__type__": "cc.Skeleton",
  "_name": "Skin-2",
  "_objFlags": 0,
  "_native": "",
  "_joints": [
    "ANIM_scena/ANIM_Krojac/ANIM_transform25/ANIM_joint3",
    "ANIM_scena/ANIM_Krojac/ANIM_transform25/ANIM_joint3/ANIM_joint2",
    "ANIM_scena/ANIM_Krojac/ANIM_transform25/ANIM_joint3/ANIM_joint4",
    "ANIM_scena/ANIM_Krojac/ANIM_transform25/ANIM_joint3/ANIM_joint5"
  ],
  "_bindposes": [
    {
      "__type__": "cc.Mat4",
      "m00": -0.0019852861296385527,
      "m01": -1.8316695382658565e-10,
      "m02": 0.0005057131638750434,
      "m03": 0,
      "m04": -1.774983354740911e-10,
      "m05": 0.00204869220033288,
      "m06": 4.52143669726901e-11,
      "m07": 0,
      "m08": -0.0005057131638750434,
      "m09": 1.0020127789032966e-16,
      "m10": -0.0019852861296385527,
      "m11": 0,
      "m12": -0.0008828922873362899,
      "m13": -0.020072123035788536,
      "m14": -0.0018582212505862117,
      "m15": 1
    },
    {
      "__type__": "cc.Mat4",
      "m00": -0.0016926700482144952,
      "m01": -0.00021746357379015535,
      "m02": -0.0011334430892020464,
      "m03": 0,
      "m04": -0.000012846456229453906,
      "m05": 0.0020154216326773167,
      "m06": -0.0003674941835924983,
      "m07": 0,
      "m08": 0.0011540449922904372,
      "m09": -0.00029652492958121,
      "m10": -0.0016665434231981635,
      "m11": 0,
      "m12": 0.0007829475216567516,
      "m13": -0.029275348410010338,
      "m14": 0.003600312862545252,
      "m15": 1
    },
    {
      "__type__": "cc.Mat4",
      "m00": -0.0019852861296385527,
      "m01": -1.8316695382658565e-10,
      "m02": 0.0005057131638750434,
      "m03": 0,
      "m04": -1.774983354740911e-10,
      "m05": 0.00204869220033288,
      "m06": 4.52143669726901e-11,
      "m07": 0,
      "m08": -0.0005057131638750434,
      "m09": 1.0020127789032966e-16,
      "m10": -0.0019852861296385527,
      "m11": 0,
      "m12": 0.009381608106195927,
      "m13": -0.020026372745633125,
      "m14": -0.005470751319080591,
      "m15": 1
    },
    {
      "__type__": "cc.Mat4",
      "m00": -0.0019852861296385527,
      "m01": -1.8316695382658565e-10,
      "m02": 0.0005057131638750434,
      "m03": 0,
      "m04": -1.774983354740911e-10,
      "m05": 0.00204869220033288,
      "m06": 4.52143669726901e-11,
      "m07": 0,
      "m08": -0.0005057131638750434,
      "m09": 1.0020127789032966e-16,
      "m10": -0.0019852861296385527,
      "m11": 0,
      "m12": -0.011555371806025505,
      "m13": -0.008720862679183483,
      "m14": 0.0033753386233001947,
      "m15": 1
    }
  ],
  "_hash": 2678541924
}