{
  "__type__": "cc.Skeleton",
  "_name": "Skin-7",
  "_objFlags": 0,
  "_native": "",
  "_joints": [
    "papirne_vetrenjace/joint19"
  ],
  "_bindposes": [
    {
      "__type__": "cc.Mat4",
      "m00": 0.044450774788856506,
      "m01": 1.1981650292337522e-16,
      "m02": -0.999011218547821,
      "m03": 0,
      "m04": -1.0236485811796826e-16,
      "m05": 1,
      "m06": 1.1538036638547783e-16,
      "m07": 0,
      "m08": 0.999011218547821,
      "m09": 9.713491274215068e-17,
      "m10": 0.044450774788856506,
      "m11": 0,
      "m12": 0.0004300554865039885,
      "m13": -0.000007510000159527408,
      "m14": -0.000054762931540608406,
      "m15": 1
    }
  ],
  "_hash": 4184601485
}