{
  "__type__": "cc.Skeleton",
  "_name": "Skin-5",
  "_objFlags": 0,
  "_native": "",
  "_joints": [
    "papirne_vetrenjace/joint17"
  ],
  "_bindposes": [
    {
      "__type__": "cc.Mat4",
      "m00": 0.017190737649798393,
      "m01": 6.453913278555958e-17,
      "m02": 0.9998522996902466,
      "m03": 0,
      "m04": 2.2540007300602e-16,
      "m05": 1,
      "m06": -6.842404939814143e-17,
      "m07": 0,
      "m08": -0.9998522996902466,
      "m09": 2.265429851496621e-16,
      "m10": 0.017190737649798393,
      "m11": 0,
      "m12": -0.0008840723894536495,
      "m13": 0.00015623000217601657,
      "m14": 0.000028282647690502927,
      "m15": 1
    }
  ],
  "_hash": 4147027330
}