{
  "__type__": "cc.Skeleton",
  "_name": "Skin-0",
  "_objFlags": 0,
  "_native": "",
  "_joints": [
    "ANIM_scena/ANIM_anim1_leptir/ANIM_anim1_joint1"
  ],
  "_bindposes": [
    {
      "__type__": "cc.Mat4",
      "m00": 0.0013927984982728958,
      "m01": 0,
      "m02": 0,
      "m03": 0,
      "m04": 0,
      "m05": 0.0007164990529417992,
      "m06": 0,
      "m07": 0,
      "m08": 0,
      "m09": 0,
      "m10": 0.0010074704186990857,
      "m11": 0,
      "m12": 9.985949418478413e-7,
      "m13": -0.0002447898150421679,
      "m14": -0.00013578034122474492,
      "m15": 1
    }
  ],
  "_hash": 1301726355
}