{
  "__type__": "cc.Skeleton",
  "_name": "Skin-3",
  "_objFlags": 0,
  "_native": "",
  "_joints": [
    "papirne_vetrenjace/joint17"
  ],
  "_bindposes": [
    {
      "__type__": "cc.Mat4",
      "m00": 0.017191654071211815,
      "m01": 0.9983391165733337,
      "m02": 0.05498594045639038,
      "m03": 0,
      "m04": 2.2886946701841443e-16,
      "m05": 0.054994065314531326,
      "m06": -0.9984866976737976,
      "m07": 0,
      "m08": -0.9998522400856018,
      "m09": 0.017165638506412506,
      "m10": 0.0009454389801248908,
      "m11": 0,
      "m12": -0.0008840931113809347,
      "m13": 0.0000368109940609429,
      "m14": -0.00015444026212207973,
      "m15": 1
    }
  ],
  "_hash": 3119209564
}