{
  "__type__": "cc.Skeleton",
  "_name": "Skin-4",
  "_objFlags": 0,
  "_native": "",
  "_joints": [
    "papirne_vetrenjace/joint18"
  ],
  "_bindposes": [
    {
      "__type__": "cc.Mat4",
      "m00": 0.006863038055598736,
      "m01": 0.8094713687896729,
      "m02": -0.5871192812919617,
      "m03": 0,
      "m04": -2.662380195524324e-16,
      "m05": 0.5871331095695496,
      "m06": 0.8094903826713562,
      "m07": 0,
      "m08": 0.9999764561653137,
      "m09": -0.005555563140660524,
      "m10": 0.004029516596347094,
      "m11": 0,
      "m12": 0.0008015242638066411,
      "m13": -0.000028696513254544698,
      "m14": -0.000059085959946969524,
      "m15": 1
    }
  ],
  "_hash": 1835804553
}