{
  "__type__": "cc.Skeleton",
  "_name": "Skin-15",
  "_objFlags": 0,
  "_native": "",
  "_joints": [
    "Cizme/Circle021/Bone449",
    "Cizme/Circle021/Bone449/Bone450",
    "Cizme/Circle021/Bone449/Bone450/Bone451",
    "Cizme/Circle021/Bone449/Bone450/Bone451/Bone452"
  ],
  "_bindposes": [
    {
      "__type__": "cc.Mat4",
      "m00": 0.0129700293764472,
      "m01": 0.014645624905824661,
      "m02": -0.9998089075088501,
      "m03": 0,
      "m04": 0.35301607847213745,
      "m05": -0.9355721473693848,
      "m06": -0.009125168435275555,
      "m07": 0,
      "m08": -0.9355266690254211,
      "m09": -0.352830171585083,
      "m10": -0.017304563894867897,
      "m11": 0,
      "m12": 0.36201992630958557,
      "m13": 0.10905931144952774,
      "m14": 0.0017695229034870863,
      "m15": 1
    },
    {
      "__type__": "cc.Mat4",
      "m00": 0.019224174320697784,
      "m01": 0.0036032297648489475,
      "m02": -0.9998089075088501,
      "m03": 0,
      "m04": -0.2952924370765686,
      "m05": -0.9553629159927368,
      "m06": -0.009120898321270943,
      "m07": 0,
      "m08": -0.9552132487297058,
      "m09": 0.29541122913360596,
      "m10": -0.017302071675658226,
      "m11": 0,
      "m12": 0.036410700529813766,
      "m13": 0.10981794446706772,
      "m14": 0.001769528491422534,
      "m15": 1
    },
    {
      "__type__": "cc.Mat4",
      "m00": 0.014358950778841972,
      "m01": -0.013292309828102589,
      "m02": -0.9998089075088501,
      "m03": 0,
      "m04": -0.9430689215660095,
      "m05": -0.3324737846851349,
      "m06": -0.009123872965574265,
      "m07": 0,
      "m08": -0.3322889506816864,
      "m09": 0.9430191516876221,
      "m10": -0.017309529706835747,
      "m11": 0,
      "m12": -0.11148662865161896,
      "m13": 0.3343347907066345,
      "m14": 0.001766050816513598,
      "m15": 1
    },
    {
      "__type__": "cc.Mat4",
      "m00": 0.014358481392264366,
      "m01": -0.013292084448039532,
      "m02": -0.9998089075088501,
      "m03": 0,
      "m04": -0.9430674910545349,
      "m05": -0.33247485756874084,
      "m06": -0.009123492985963821,
      "m07": 0,
      "m08": -0.3322899043560028,
      "m09": 0.9430180788040161,
      "m10": -0.01730918698012829,
      "m11": 0,
      "m12": -0.5174853205680847,
      "m13": 0.3343345820903778,
      "m14": 0.0017666516359895468,
      "m15": 1
    }
  ],
  "_hash": 1728080913
}