{
  "__type__": "cc.Skeleton",
  "_name": "Skin-17",
  "_objFlags": 0,
  "_native": "",
  "_joints": [
    "Cizme/Bone438/Bone439/Bone440",
    "Cizme/Bone438",
    "Cizme/Bone438/Bone439"
  ],
  "_bindposes": [
    {
      "__type__": "cc.Mat4",
      "m00": 0.25891247391700745,
      "m01": -0.006703157443553209,
      "m02": 0.9658772349357605,
      "m03": 0,
      "m04": -0.017187822610139847,
      "m05": -0.999849796295166,
      "m06": -0.002331563737243414,
      "m07": 0,
      "m08": 0.9657478928565979,
      "m09": -0.015997665002942085,
      "m10": -0.2589886486530304,
      "m11": 0,
      "m12": -0.2806995213031769,
      "m13": -0.00872466154396534,
      "m14": -0.007235471624881029,
      "m15": 1
    },
    {
      "__type__": "cc.Mat4",
      "m00": -0.000057426201237831265,
      "m01": 0.2589990198612213,
      "m02": 0.9658772945404053,
      "m03": 0,
      "m04": 0.9999575614929199,
      "m05": 0.008918330073356628,
      "m06": -0.002331987489014864,
      "m07": 0,
      "m08": -0.009217998012900352,
      "m09": 0.9658364057540894,
      "m10": -0.2589884400367737,
      "m11": 0,
      "m12": 0.5245808362960815,
      "m13": -0.000585654575843364,
      "m14": -0.007235379423946142,
      "m15": 1
    },
    {
      "__type__": "cc.Mat4",
      "m00": 0.22016875445842743,
      "m01": 0.13640204071998596,
      "m02": 0.9658783674240112,
      "m03": 0,
      "m04": 0.5340189933776855,
      "m05": -0.8454691767692566,
      "m06": -0.0023302410263568163,
      "m07": 0,
      "m08": 0.8163016438484192,
      "m09": 0.5163105726242065,
      "m10": -0.2589873969554901,
      "m11": 0,
      "m12": 0.09914761781692505,
      "m13": -0.16125066578388214,
      "m14": -0.0072297025471925735,
      "m15": 1
    }
  ],
  "_hash": 1507903163
}