{
  "__type__": "cc.Skeleton",
  "_name": "Skin-7",
  "_objFlags": 0,
  "_native": "",
  "_joints": [
    "Animirani_objekti/Group098/Bone422/Bone423",
    "Animirani_objekti/Group098/Bone422",
    "Animirani_objekti/Group098/Bone422/Bone423/Bone424"
  ],
  "_bindposes": [
    {
      "__type__": "cc.Mat4",
      "m00": -0.0004728150088340044,
      "m01": -1,
      "m02": -2.6182600532109745e-9,
      "m03": 0,
      "m04": -3.3277675015597197e-7,
      "m05": 2.7756024145730862e-9,
      "m06": -1,
      "m07": 0,
      "m08": 1,
      "m09": -0.0004728150088340044,
      "m10": -3.327780007111869e-7,
      "m11": 0,
      "m12": -0.2130618393421173,
      "m13": 0.0002250198449473828,
      "m14": -0.0001347334764432162,
      "m15": 1
    },
    {
      "__type__": "cc.Mat4",
      "m00": -0.006008000113070011,
      "m01": -0.9999819993972778,
      "m02": -0.000003890269908879418,
      "m03": 0,
      "m04": 3.0781075466279617e-9,
      "m05": 0.000003890321750077419,
      "m06": -1,
      "m07": 0,
      "m08": 0.9999819993972778,
      "m09": -0.006008000113070011,
      "m10": -2.029499945876978e-8,
      "m11": 0,
      "m12": 0.0036900455597788095,
      "m13": 0.00009574636351317167,
      "m14": -0.00013481029600370675,
      "m15": 1
    },
    {
      "__type__": "cc.Mat4",
      "m00": -1.7917706207626338e-10,
      "m01": -1,
      "m02": -0.000001909970023916685,
      "m03": 0,
      "m04": 4.034550276670241e-16,
      "m05": 0.000001909970023916685,
      "m06": -1,
      "m07": 0,
      "m08": 1,
      "m09": -1.7917706207626338e-10,
      "m10": 6.123223013269509e-17,
      "m11": 0,
      "m12": -3.0718698501586914,
      "m13": -0.0012217682087793946,
      "m14": -0.00013316610420588404,
      "m15": 1
    }
  ],
  "_hash": 2582840175
}