{
  "__type__": "cc.Skeleton",
  "_name": "Skin-16",
  "_objFlags": 0,
  "_native": "",
  "_joints": [
    "Cizme/Bone442",
    "Cizme/Bone442/Bone443"
  ],
  "_bindposes": [
    {
      "__type__": "cc.Mat4",
      "m00": -0.6787859797477722,
      "m01": 0.38169342279434204,
      "m02": 0.6273429989814758,
      "m03": 0,
      "m04": -0.6855287551879883,
      "m05": -0.023118069395422935,
      "m06": -0.727678120136261,
      "m07": 0,
      "m08": -0.2632468342781067,
      "m09": -0.9239999055862427,
      "m10": 0.2773541510105133,
      "m11": 0,
      "m12": 0.0014581701252609491,
      "m13": 0.0007540203514508903,
      "m14": 0.002206769771873951,
      "m15": 1
    },
    {
      "__type__": "cc.Mat4",
      "m00": -0.6647645235061646,
      "m01": 0.40561315417289734,
      "m02": 0.6273484230041504,
      "m03": 0,
      "m04": -0.6859232783317566,
      "m05": 0.0012987194349989295,
      "m06": -0.7276727557182312,
      "m07": 0,
      "m08": -0.2959684431552887,
      "m09": -0.9140434861183167,
      "m10": 0.2773562967777252,
      "m11": 0,
      "m12": -0.2879948914051056,
      "m13": 0.011008767411112785,
      "m14": 0.0022104112431406975,
      "m15": 1
    }
  ],
  "_hash": 3511248981
}