{
  "__type__": "cc.Skeleton",
  "_name": "Skin-14",
  "_objFlags": 0,
  "_native": "",
  "_joints": [
    "Cizme/Circle020/Bone445",
    "Cizme/Circle020/Bone445/Bone446",
    "Cizme/Circle020/Bone445/Bone446/Bone447",
    "Cizme/Circle020/Bone445/Bone446/Bone447/Bone448"
  ],
  "_bindposes": [
    {
      "__type__": "cc.Mat4",
      "m00": -0.030959511175751686,
      "m01": -0.14849044382572174,
      "m02": -0.9884294867515564,
      "m03": 0,
      "m04": 0.47179147601127625,
      "m05": -0.8739771842956543,
      "m06": 0.11651911586523056,
      "m07": 0,
      "m08": -0.8811665773391724,
      "m09": -0.4627249836921692,
      "m10": 0.09711446613073349,
      "m11": 0,
      "m12": 0.3857678472995758,
      "m13": 0.0878518745303154,
      "m14": 0.01260974258184433,
      "m15": 1
    },
    {
      "__type__": "cc.Mat4",
      "m00": -0.11895548552274704,
      "m01": -0.09412624686956406,
      "m02": -0.9884283542633057,
      "m03": 0,
      "m04": -0.19812722504138947,
      "m05": -0.9732261896133423,
      "m06": 0.11652274429798126,
      "m07": 0,
      "m08": -0.9729321002960205,
      "m09": 0.20969544351100922,
      "m10": 0.09712151437997818,
      "m11": 0,
      "m12": 0.04015501216053963,
      "m13": 0.08091039955615997,
      "m14": 0.012609560042619705,
      "m15": 1
    },
    {
      "__type__": "cc.Mat4",
      "m00": -0.14756162464618683,
      "m01": 0.03510507196187973,
      "m02": -0.9884304404258728,
      "m03": 0,
      "m04": -0.8868542909622192,
      "m05": -0.44711774587631226,
      "m06": 0.11651762574911118,
      "m07": 0,
      "m08": -0.43785426020622253,
      "m09": 0.8937863111495972,
      "m10": 0.09711048752069473,
      "m11": 0,
      "m12": -0.13806957006454468,
      "m13": 0.30571165680885315,
      "m14": 0.012603264302015305,
      "m15": 1
    },
    {
      "__type__": "cc.Mat4",
      "m00": -0.14756524562835693,
      "m01": 0.0351053848862648,
      "m02": -0.9884293675422668,
      "m03": 0,
      "m04": -0.886851966381073,
      "m05": -0.447118878364563,
      "m06": 0.1165207177400589,
      "m07": 0,
      "m08": -0.4378545582294464,
      "m09": 0.8937851786613464,
      "m10": 0.09711260348558426,
      "m11": 0,
      "m12": -0.5332391262054443,
      "m13": 0.30571073293685913,
      "m14": 0.012598707340657711,
      "m15": 1
    }
  ],
  "_hash": 3872861470
}