{
  "__type__": "cc.Skeleton",
  "_name": "Skin-1",
  "_objFlags": 0,
  "_native": "",
  "_joints": [
    "Animirani_objekti/Group049/Bone336",
    "Animirani_objekti/Group049/Bone370",
    "Animirani_objekti/Group049/Bone370/Bone371",
    "Animirani_objekti/Group049/Bone370/Bone371/Bone372",
    "Animirani_objekti/Group049/Bone370/Bone371/Bone372/Bone373",
    "Animirani_objekti/Group049/Bone343/Bone344/Bone345/Bone346/Bone347",
    "Animirani_objekti/Group049/Bone343/Bone344/Bone345/Bone346",
    "Animirani_objekti/Group049/Bone343/Bone344/Bone345/Bone346/Bone347/Bone348",
    "Animirani_objekti/Group049/Bone343/Bone344/Bone345",
    "Animirani_objekti/Group049/Bone343/Bone344",
    "Animirani_objekti/Group049/Bone343",
    "Animirani_objekti/Group049/Bone329/Bone330/Bone331/Bone332",
    "Animirani_objekti/Group049/Bone329/Bone330/Bone331/Bone332/Bone333",
    "Animirani_objekti/Group049/Bone329/Bone330/Bone331/Bone332/Bone333/Bone334",
    "Animirani_objekti/Group049/Bone329/Bone330/Bone331",
    "Animirani_objekti/Group049/Bone329/Bone330",
    "Animirani_objekti/Group049/Bone329",
    "Animirani_objekti/Group049/Bone355",
    "Animirani_objekti/Group049/Bone355/Bone356",
    "Animirani_objekti/Group049/Bone355/Bone356/Bone357",
    "Animirani_objekti/Group049/Bone355/Bone356/Bone357/Bone358",
    "Animirani_objekti/Group049/Bone365",
    "Animirani_objekti/Group049/Bone365/Bone366",
    "Animirani_objekti/Group049/Bone365/Bone366/Bone367",
    "Animirani_objekti/Group049/Bone365/Bone366/Bone367/Bone368",
    "Animirani_objekti/Group049/Bone350",
    "Animirani_objekti/Group049/Bone350/Bone351",
    "Animirani_objekti/Group049/Bone350/Bone351/Bone352",
    "Animirani_objekti/Group049/Bone350/Bone351/Bone352/Bone353",
    "Animirani_objekti/Group049/Bone360",
    "Animirani_objekti/Group049/Bone360/Bone361",
    "Animirani_objekti/Group049/Bone360/Bone361/Bone362",
    "Animirani_objekti/Group049/Bone360/Bone361/Bone362/Bone363"
  ],
  "_bindposes": [
    {
      "__type__": "cc.Mat4",
      "m00": -0.0801624059677124,
      "m01": -0.9967813491821289,
      "m02": 0.0000015836619695619447,
      "m03": 0,
      "m04": -0.0000026272696231899317,
      "m05": -0.0000013774856597592589,
      "m06": -1.0000001192092896,
      "m07": 0,
      "m08": 0.9967812895774841,
      "m09": -0.0801624208688736,
      "m10": -0.0000025083938908210257,
      "m11": 0,
      "m12": -0.7776618599891663,
      "m13": 0.4537130892276764,
      "m14": 0.20118166506290436,
      "m15": 1
    },
    {
      "__type__": "cc.Mat4",
      "m00": -0.093509241938591,
      "m01": 0.31701427698135376,
      "m02": 0.9437995553016663,
      "m03": 0,
      "m04": 0.23248492181301117,
      "m05": -0.9147943258285522,
      "m06": 0.33030563592910767,
      "m07": 0,
      "m08": 0.9680945873260498,
      "m09": 0.25030583143234253,
      "m10": 0.01184068899601698,
      "m11": 0,
      "m12": -0.8540264964103699,
      "m13": 0.12392666190862656,
      "m14": -0.21709567308425903,
      "m15": 1
    },
    {
      "__type__": "cc.Mat4",
      "m00": -0.2953374683856964,
      "m01": 0.17824053764343262,
      "m02": 0.9386193156242371,
      "m03": 0,
      "m04": 0.7684910893440247,
      "m05": -0.5393756628036499,
      "m06": 0.3442319333553314,
      "m07": 0,
      "m08": 0.5676247477531433,
      "m09": 0.8229848742485046,
      "m10": 0.022321579977869987,
      "m11": 0,
      "m12": -0.9049861431121826,
      "m13": -0.6233266592025757,
      "m14": -0.23370753228664398,
      "m15": 1
    },
    {
      "__type__": "cc.Mat4",
      "m00": -0.36081281304359436,
      "m01": 0.06382126361131668,
      "m02": 0.9304516315460205,
      "m03": 0,
      "m04": 0.9010186195373535,
      "m05": -0.23372258245944977,
      "m06": 0.36543020606040955,
      "m07": 0,
      "m08": 0.24079006910324097,
      "m09": 0.970206081867218,
      "m10": 0.026825951412320137,
      "m11": 0,
      "m12": -0.853638231754303,
      "m13": -0.9896427989006042,
      "m14": -0.25242599844932556,
      "m15": 1
    },
    {
      "__type__": "cc.Mat4",
      "m00": -0.3431955873966217,
      "m01": -0.14772957563400269,
      "m02": 0.9275729656219482,
      "m03": 0,
      "m04": 0.8829448223114014,
      "m05": 0.28607985377311707,
      "m06": 0.3722453713417053,
      "m07": 0,
      "m08": -0.3203517496585846,
      "m09": 0.9467496871948242,
      "m10": 0.03225569799542427,
      "m11": 0,
      "m12": -0.3868814706802368,
      "m13": -1.421508550643921,
      "m14": -0.26515960693359375,
      "m15": 1
    },
    {
      "__type__": "cc.Mat4",
      "m00": 0.8039748668670654,
      "m01": 0.28594595193862915,
      "m02": -0.5214011669158936,
      "m03": 0,
      "m04": -0.491254061460495,
      "m05": -0.17472383379936218,
      "m06": -0.8533119559288025,
      "m07": 0,
      "m08": -0.3351021707057953,
      "m09": 0.9421819448471069,
      "m10": -0.0000014660057559012785,
      "m11": 0,
      "m12": 0.18466399610042572,
      "m13": -1.5066992044448853,
      "m14": 0.16927529871463776,
      "m15": 1
    },
    {
      "__type__": "cc.Mat4",
      "m00": 0.8068258166313171,
      "m01": -0.2777775526046753,
      "m02": -0.5214136838912964,
      "m03": 0,
      "m04": -0.4930146336555481,
      "m05": 0.16973240673542023,
      "m06": -0.853303849697113,
      "m07": 0,
      "m08": 0.3255298435688019,
      "m09": 0.9455314874649048,
      "m10": -0.000003898321210726863,
      "m11": 0,
      "m12": -0.6413809657096863,
      "m13": -1.2930519580841064,
      "m14": 0.16928066313266754,
      "m15": 1
    },
    {
      "__type__": "cc.Mat4",
      "m00": 0.696345329284668,
      "m01": 0.49320927262306213,
      "m02": -0.5213900208473206,
      "m03": 0,
      "m04": -0.4254867732524872,
      "m05": -0.3013445734977722,
      "m06": -0.8533183336257935,
      "m07": 0,
      "m08": -0.5779828429222107,
      "m09": 0.816048800945282,
      "m10": 0.000014148865375318564,
      "m11": 0,
      "m12": 0.4868605434894562,
      "m13": -1.4287655353546143,
      "m14": 0.1692453771829605,
      "m15": 1
    },
    {
      "__type__": "cc.Mat4",
      "m00": 0.2895117700099945,
      "m01": -0.8026944994926453,
      "m02": -0.5214060544967651,
      "m03": 0,
      "m04": -0.17690356075763702,
      "m05": 0.49047860503196716,
      "m06": -0.8533087372779846,
      "m07": 0,
      "m08": 0.9406850934028625,
      "m09": 0.3392814099788666,
      "m10": -1.838457137637306e-7,
      "m11": 0,
      "m12": -1.2164931297302246,
      "m13": -0.3111310303211212,
      "m14": 0.16927513480186462,
      "m15": 1
    },
    {
      "__type__": "cc.Mat4",
      "m00": -0.5018351674079895,
      "m01": -0.6901429295539856,
      "m02": -0.5214056968688965,
      "m03": 0,
      "m04": 0.3066408038139343,
      "m05": 0.42170509696006775,
      "m06": -0.853308916091919,
      "m07": 0,
      "m08": 0.808784544467926,
      "m09": -0.5881048440933228,
      "m10": -4.621639675406186e-7,
      "m11": 0,
      "m12": -0.5516584515571594,
      "m13": 0.8321558833122253,
      "m14": 0.16927555203437805,
      "m15": 1
    },
    {
      "__type__": "cc.Mat4",
      "m00": -0.0858399048447609,
      "m01": -0.8489805459976196,
      "m02": -0.5214046835899353,
      "m03": 0,
      "m04": 0.05246371775865555,
      "m05": 0.5187582969665527,
      "m06": -0.8533095717430115,
      "m07": 0,
      "m08": 0.9949267506599426,
      "m09": -0.10060279816389084,
      "m10": 0.000010514890163904056,
      "m11": 0,
      "m12": -0.771099865436554,
      "m13": 0.44078707695007324,
      "m14": 0.16926439106464386,
      "m15": 1
    },
    {
      "__type__": "cc.Mat4",
      "m00": 0.7262673377990723,
      "m01": -0.2436378449201584,
      "m02": 0.6427874565124512,
      "m03": 0,
      "m04": 0.6094109416007996,
      "m05": -0.20443694293498993,
      "m06": -0.7660437822341919,
      "m07": 0,
      "m08": 0.31804701685905457,
      "m09": 0.9480748772621155,