{
  "__type__": "cc.Skeleton",
  "_name": "Skin-10",
  "_objFlags": 0,
  "_native": "",
  "_joints": [
    "Animirani_objekti/Group115/Point012/Bone479",
    "Animirani_objekti/Group115/Point012/Bone479/Bone480",
    "Animirani_objekti/Group115/Point012/Bone479/Bone480/Bone481",
    "Animirani_objekti/Group115/Point012/Bone479/Bone480/Bone481/Bone482"
  ],
  "_bindposes": [
    {
      "__type__": "cc.Mat4",
      "m00": 0.9897369742393494,
      "m01": -0.14290200173854828,
      "m02": -1.87316999245013e-7,
      "m03": 0,
      "m04": -2.62937192019308e-7,
      "m05": -5.102910449750198e-7,
      "m06": -1,
      "m07": 0,
      "m08": 0.14290200173854828,
      "m09": 0.9897369742393494,
      "m10": -5.426280154097185e-7,
      "m11": 0,
      "m12": 0.18221145868301392,
      "m13": -0.019839996472001076,
      "m14": 0.000023192431399365887,
      "m15": 1
    },
    {
      "__type__": "cc.Mat4",
      "m00": 0.998869001865387,
      "m01": -0.04755900055170059,
      "m02": -0.000005518480065802578,
      "m03": 0,
      "m04": -0.000005550004061660729,
      "m05": -5.307205128701753e-7,
      "m06": -1,
      "m07": 0,
      "m08": 0.04755900055170059,
      "m09": 0.998869001865387,
      "m10": -7.940719797261409e-7,
      "m11": 0,
      "m12": 0.05643213167786598,
      "m13": -0.01450448576360941,
      "m14": 0.00002288894756929949,
      "m15": 1
    },
    {
      "__type__": "cc.Mat4",
      "m00": 0.9991649985313416,
      "m01": 0.04087530076503754,
      "m02": 0.0000019695301034516888,
      "m03": 0,
      "m04": 0.000001993630576180294,
      "m05": -5.488159331434872e-7,
      "m06": -1,
      "m07": 0,
      "m08": -0.04087530076503754,
      "m09": 0.9991649985313416,
      "m10": -6.298470225374331e-7,
      "m11": 0,
      "m12": -0.12137650698423386,
      "m13": -0.025328371673822403,
      "m14": 0.000021953996110823937,
      "m15": 1
    },
    {
      "__type__": "cc.Mat4",
      "m00": 0.9991639852523804,
      "m01": 0.040874700993299484,
      "m02": -1.947539942648291e-7,
      "m03": 0,
      "m04": -1.9382767391107336e-7,
      "m05": -2.6624094928706654e-8,
      "m06": -1,
      "m07": 0,
      "m08": -0.040874700993299484,
      "m09": 0.9991639852523804,
      "m10": -1.867920040865556e-8,
      "m11": 0,
      "m12": -0.24211066961288452,
      "m13": -0.025332948192954063,
      "m14": 0.00002280872649862431,
      "m15": 1
    }
  ],
  "_hash": 1459002804
}