{
  "__type__": "cc.Skeleton",
  "_name": "Skin-9",
  "_objFlags": 0,
  "_native": "",
  "_joints": [
    "joint21"
  ],
  "_bindposes": [
    {
      "__type__": "cc.Mat4",
      "m00": 0.06463772803544998,
      "m01": 0,
      "m02": 0,
      "m03": 0,
      "m04": 0,
      "m05": 0.06463772803544998,
      "m06": 0,
      "m07": 0,
      "m08": 0,
      "m09": 0,
      "m10": 0.06463772803544998,
      "m11": 0,
      "m12": 0.000015045813597680535,
      "m13": 0.0004075795004609972,
      "m14": -0.000013117181879351847,
      "m15": 1
    }
  ],
  "_hash": 919080684
}