{
  "__type__": "cc.Skeleton",
  "_name": "Skin-1",
  "_objFlags": 0,
  "_native": "",
  "_joints": [
    "joint16",
    "joint15",
    "joint14"
  ],
  "_bindposes": [
    {
      "__type__": "cc.Mat4",
      "m00": 0.008127999491989613,
      "m01": -0.3264477252960205,
      "m02": 0,
      "m03": 0,
      "m04": -0.0033044437877833843,
      "m05": -0.00008227509533753619,
      "m06": 0.32653215527534485,
      "m07": 0,
      "m08": -0.326431006193161,
      "m09": -0.00812758319079876,
      "m10": -0.0033054680097848177,
      "m11": 0,
      "m12": 0.0028037491720169783,
      "m13": 0.0034146548714488745,
      "m14": -0.000050555863708723336,
      "m15": 1
    },
    {
      "__type__": "cc.Mat4",
      "m00": 0.008127999491989613,
      "m01": -0.3264477252960205,
      "m02": 0,
      "m03": 0,
      "m04": -0.0033044437877833843,
      "m05": -0.00008227509533753619,
      "m06": 0.32653215527534485,
      "m07": 0,
      "m08": -0.326431006193161,
      "m09": -0.00812758319079876,
      "m10": -0.0033054680097848177,
      "m11": 0,
      "m12": 0.0028037491720169783,
      "m13": -0.003248285036534071,
      "m14": -0.000050555863708723336,
      "m15": 1
    },
    {
      "__type__": "cc.Mat4",
      "m00": 0.008127999491989613,
      "m01": -0.3264477252960205,
      "m02": 0,
      "m03": 0,
      "m04": -0.0033044437877833843,
      "m05": -0.00008227509533753619,
      "m06": 0.32653215527534485,
      "m07": 0,
      "m08": -0.326431006193161,
      "m09": -0.00812758319079876,
      "m10": -0.0033054680097848177,
      "m11": 0,
      "m12": -0.0031692322809249163,
      "m13": -0.00012673434684984386,
      "m14": -0.000050555863708723336,
      "m15": 1
    }
  ],
  "_hash": 3571567883
}