{
  "__type__": "cc.Skeleton",
  "_name": "Skin-0",
  "_objFlags": 0,
  "_native": "",
  "_joints": [
    "joint19",
    "joint18",
    "joint17"
  ],
  "_bindposes": [
    {
      "__type__": "cc.Mat4",
      "m00": 0.008127999491989613,
      "m01": -0.3264477252960205,
      "m02": 0,
      "m03": 0,
      "m04": -0.0033044437877833843,
      "m05": -0.00008227509533753619,
      "m06": 0.32653215527534485,
      "m07": 0,
      "m08": -0.326431006193161,
      "m09": -0.00812758319079876,
      "m10": -0.0033054680097848177,
      "m11": 0,
      "m12": 0.00285159470513463,
      "m13": 0.0035006555262953043,
      "m14": 0.0000669373621349223,
      "m15": 1
    },
    {
      "__type__": "cc.Mat4",
      "m00": 0.008127999491989613,
      "m01": -0.3264477252960205,
      "m02": 0,
      "m03": 0,
      "m04": -0.0033044437877833843,
      "m05": -0.00008227509533753619,
      "m06": 0.32653215527534485,
      "m07": 0,
      "m08": -0.326431006193161,
      "m09": -0.00812758319079876,
      "m10": -0.0033054680097848177,
      "m11": 0,
      "m12": 0.00285159470513463,
      "m13": -0.003282088553532958,
      "m14": 0.0000669373621349223,
      "m15": 1
    },
    {
      "__type__": "cc.Mat4",
      "m00": 0.008127999491989613,
      "m01": -0.3264477252960205,
      "m02": 0,
      "m03": 0,
      "m04": -0.0033044437877833843,
      "m05": -0.00008227509533753619,
      "m06": 0.32653215527534485,
      "m07": 0,
      "m08": -0.326431006193161,
      "m09": -0.00812758319079876,
      "m10": -0.0033054680097848177,
      "m11": 0,
      "m12": -0.0032011198345571756,
      "m13": -0.00015018471458461136,
      "m14": 0.0000669373621349223,
      "m15": 1
    }
  ],
  "_hash": 3667605050
}