{
  "__type__": "cc.Skeleton",
  "_name": "Skin-5",
  "_objFlags": 0,
  "_native": "",
  "_joints": [
    "joint5"
  ],
  "_bindposes": [
    {
      "__type__": "cc.Mat4",
      "m00": 0.46528735756874084,
      "m01": -0.029599547386169434,
      "m02": 0,
      "m03": 0,
      "m04": 2.6940711618999224e-19,
      "m05": 4.234920304400492e-18,
      "m06": 0.0693012997508049,
      "m07": 0,
      "m08": -0.029599547386169434,
      "m09": -0.46528735756874084,
      "m10": 2.854822640069153e-17,
      "m11": 0,
      "m12": 0.000072562150307931,
      "m13": -0.00011456094216555357,
      "m14": 0.00014089021715335548,
      "m15": 1
    }
  ],
  "_hash": 4044314396
}