{
  "__type__": "cc.Skeleton",
  "_name": "Skin-3",
  "_objFlags": 0,
  "_native": "",
  "_joints": [
    "joint1"
  ],
  "_bindposes": [
    {
      "__type__": "cc.Mat4",
      "m00": 0.3620643615722656,
      "m01": 0.10725777596235275,
      "m02": 0,
      "m03": 0,
      "m04": -9.762314245023e-19,
      "m05": 3.29541228697552e-18,
      "m06": 0.05612999573349953,
      "m07": 0,
      "m08": 0.10725777596235275,
      "m09": -0.3620643615722656,
      "m10": 2.3122391420931596e-17,
      "m11": 0,
      "m12": 0.00004752405948238447,
      "m13": -0.000015963767509674653,
      "m14": -0.00018733373144641519,
      "m15": 1
    }
  ],
  "_hash": 1744098051
}