{
  "__type__": "cc.Skeleton",
  "_name": "Skin-0",
  "_objFlags": 0,
  "_native": "",
  "_joints": [
    "Root",
    "Root/Hips",
    "Root/Hips/Leg_L1",
    "Root/Hips/Leg_L1/Leg_L2",
    "Root/Hips/Leg_L1/Leg_L2/Leg_L3",
    "Root/Hips/Leg_L1/Leg_L2/Leg_L3/Leg_L4",
    "Root/Hips/Leg_R1",
    "Root/Hips/Leg_R1/Leg_R2",
    "Root/Hips/Leg_R1/Leg_R2/Leg_R3",
    "Root/Hips/Leg_R1/Leg_R2/Leg_R3/Leg_R4",
    "Root/Hips/Tail_1",
    "Root/Hips/Tail_1/Tail_2",
    "Root/Hips/Breasts1",
    "Root/Hips/Breasts1/Neck",
    "Root/Hips/Breasts1/Neck/Head",
    "Root/Hips/Breasts1/Neck/Head/Beak_Top1",
    "Root/Hips/Breasts1/Neck/Head/Beak_Top1/Beak_Top2",
    "Root/Hips/Breasts1/Neck/Head/Beak_Bottom1",
    "Root/Hips/Breasts1/Neck/Head/Beak_Bottom1/Beak_Bottom2",
    "Root/Hips/Breasts1/Breasts2"
  ],
  "_bindposes": [
    {
      "__type__": "cc.Mat4",
      "m00": 1.0000001192092896,
      "m01": 2.033347357155435e-7,
      "m02": 2.67516981011795e-7,
      "m03": 0,
      "m04": -2.033346362395605e-7,
      "m05": 0.9999999403953552,
      "m06": -5.309481707627128e-7,
      "m07": 0,
      "m08": -2.675170946986327e-7,
      "m09": 5.309480002324563e-7,
      "m10": 1.0000001192092896,
      "m11": 0,
      "m12": 6.8522449936381236e-9,
      "m13": -0.013547279872000217,
      "m14": 0.0013853947166353464,
      "m15": 1
    },
    {
      "__type__": "cc.Mat4",
      "m00": -1.0000001192092896,
      "m01": 5.5934844311877896e-8,
      "m02": -1.5340985726197687e-7,
      "m03": 0,
      "m04": 1.2592191467319935e-7,
      "m05": 0.8622859716415405,
      "m06": -0.5064215064048767,
      "m07": 0,
      "m08": 1.0395658023298893e-7,
      "m09": -0.5064215660095215,
      "m10": -0.8622859120368958,
      "m11": 0,
      "m12": -6.030107080334801e-9,
      "m13": -0.01238321978598833,
      "m14": 0.005666033830493689,
      "m15": 1
    },
    {
      "__type__": "cc.Mat4",
      "m00": 1.0000001192092896,
      "m01": -2.67516981011795e-7,
      "m02": 2.033347357155435e-7,
      "m03": 0,
      "m04": -2.033346362395605e-7,
      "m05": 5.309481707627128e-7,
      "m06": 0.9999999403953552,
      "m07": 0,
      "m08": -2.675170946986327e-7,
      "m09": -1.0000001192092896,
      "m10": 5.309480002324563e-7,
      "m11": 0,
      "m12": -0.004078315105289221,
      "m13": -0.001196373370476067,
      "m14": -0.009496629238128662,
      "m15": 1
    },
    {
      "__type__": "cc.Mat4",
      "m00": 1.0000001192092896,
      "m01": -3.5593623692875553e-7,
      "m02": 3.32750602183296e-7,
      "m03": 0,
      "m04": -3.981393206231587e-7,
      "m05": -0.20321564376354218,
      "m06": 0.9791339635848999,
      "m07": 0,
      "m08": -2.8088919634683407e-7,
      "m09": -0.9791339635848999,
      "m10": -0.20321565866470337,
      "m11": 0,
      "m12": -0.003516437252983451,
      "m13": -0.0003005711187142879,
      "m14": -0.004438959993422031,
      "m15": 1
    },
    {
      "__type__": "cc.Mat4",
      "m00": 1.0000001192092896,
      "m01": -4.0871867668101913e-7,
      "m02": 6.743487546145843e-8,
      "m03": 0,
      "m04": -4.114280898193101e-7,
      "m05": -0.9989029765129089,
      "m06": 0.046824272722005844,
      "m07": 0,
      "m08": 4.822295807116461e-8,
      "m09": -0.04682426154613495,
      "m10": -0.9989031553268433,
      "m11": 0,
      "m12": -0.003773629432544112,
      "m13": 0.0009212827426381409,
      "m14": -0.0005470284377224743,
      "m15": 1
    },
    {
      "__type__": "cc.Mat4",
      "m00": 1.0000001192092896,
      "m01": -4.0871867668101913e-7,
      "m02": 6.743487546145843e-8,
      "m03": 0,
      "m04": -4.114280898193101e-7,
      "m05": -0.9989029765129089,
      "m06": 0.046824272722005844,
      "m07": 0,
      "m08": 4.822295807116461e-8,
      "m09": -0.04682426154613495,
      "m10": -0.9989031553268433,
      "m11": 0,
      "m12": -0.0043436093255877495,
      "m13": 0.0009212846634909511,
      "m14": 0.0034898496232926846,
      "m15": 1
    },
    {
      "__type__": "cc.Mat4",
      "m00": 1.0000001192092896,
      "m01": -2.67516981011795e-7,
      "m02": 2.033347357155435e-7,
      "m03": 0,
      "m04": -2.033346362395605e-7,
      "m05": 5.309481707627128e-7,
      "m06": 0.9999999403953552,
      "m07": 0,
      "m08": -2.675170946986327e-7,
      "m09": -1.0000001192092896,
      "m10": 5.309480002324563e-7,
      "m11": 0,
      "m12": 0.004059474915266037,
      "m13": -0.001196373370476067,
      "m14": -0.009496629238128662,
      "m15": 1
    },
    {
      "__type__": "cc.Mat4",
      "m00": 1.0000001192092896,
      "m01": -3.5593623692875553e-7,
      "m02": 3.32750602183296e-7,
      "m03": 0,
      "m04": -3.981393206231587e-7,
      "m05": -0.20321564376354218,
      "m06": 0.9791339635848999,
      "m07": 0,
      "m08": -2.8088919634683407e-7,
      "m09": -0.9791339635848999,
      "m10": -0.20321565866470337,
      "m11": 0,
      "m12": 0.0034975926391780376,
      "m13": -0.0003005711187142879,
      "m14": -0.004438959993422031,
      "m15": 1
    },
    {
      "__type__": "cc.Mat4",
      "m00": 1.0000001192092896,
      "m01": -4.0871867668101913e-7,
      "m02": 6.743487546145843e-8,
      "m03": 0,
      "m04": -4.114280898193101e-7,
      "m05": -0.9989029765129089,
      "m06": 0.046824272722005844,
      "m07": 0,
      "m08": 4.822295807116461e-8,
      "m09": -0.04682426154613495,
      "m10": -0.9989031553268433,
      "m11": 0,
      "m12": 0.003754780627787113,
      "m13": 0.0009212827426381409,
      "m14": -0.0005470284377224743,
      "m15": 1
    },
    {
      "__type__": "cc.Mat4",
      "m00": 1.0000001192092896,
      "m01": -4.0871867668101913e-7,
      "m02": 6.743487546145843e-8,
      "m03": 0,
      "m04": -4.114280898193101e-7,
      "m05": -0.9989029765129089,
      "m06": 0.046824272722005844,
      "m07": 0,
      "m08": 4.822295807116461e-8,
      "m09": -0.04682426154613495,
      "m10": -0.9989031553268433,
      "m11": 0,
      "m12": 0.004324760753661394,
      "m13": 0.0009212846634909511,
      "m14": 0.0034898496232926846,
      "m15": 1
    },
    {
      "__type__": "cc.Mat4",
      "m00": 1.0000001192092896,
      "m01": -5.306852699504816e-7,
      "m02": 3.775379866510775e-7,
      "m03": 0,
      "m04": 5.875508009012265e-7,
      "m05": 0.4850192666053772,
      "m06": -0.8745036125183105,
      "m07": 0,
      "m08": 2.8097292670281604e-7,
      "m09": 0.8745037317276001,
      "m10": 0.4850192070007324,
      "m11": 0,
      "m12": -2.707841728621929e-9,
      "m13": -0.00024303782265633345,
      "m14": 0.019791480153799057,
      "m15": 1
    },
    {
      "__type__": "cc.Mat4",
      "m00": 1.0000001192092896,
      "m01": -5.306852699504816e-7,
      "m02": 3.775379866510775e-7,
      "m03": 0,
      "m04": 5.875508009012265e-7,
      "m05": 0.4850192666053772,
      "m06": -0.8745036125183105,
      "m07": 0,
      "m08": 2.8097292670281604e-7,
      "m09": 0.8745037317276001,
      "m10": 0.4850192070007324,
      "m11": 0,
      "m12": -4.428001521006308e-9,
      "m13": -0.0016758940182626247,
      "m14": 0.028147630393505096,
      "m15": 1
    },
    {
      "__type__": "cc.Mat4",
      "m00": -1.0000001192092896,
      "m01": -5.294789318099902e-8,
      "m02": 1.797132256342593e-7,
      "m03": 0,
      "m04": -1.8728782436028268e-7,
      "m05": 0.257662832736969,
      "m06": -0.9662353992462158,
      "m07": 0,
      "m08": 4.854704638290741e-9,
      "m09": -0.9662352204322815,
      "m10": -0.25766289234161377,
      "m11": 0,
      "m12": -3.666661418932904e-9,
      "m13": 0.0016402279725298285,
      "m14": 0.019283529371023178,
      "m15": 1
    },
    {
      "__type__": "cc.Mat4",
      "m00": -1.0000001192092896,
      "m01": -1.0691124430195487e-8,
      "m02": 8.209404001036091e-8,
      "m03": 0,
      "m04": -7.998121986929618e-8,
      "m05": 0.3807498812675476,
      "m06": -0.9246779084205627,
      "m07": 0,
      "m08": -2.1371459268948456e-8,