{
  "__type__": "cc.Skeleton",
  "_name": "Skin-0",
  "_objFlags": 0,
  "_native": "",
  "_joints": [
    "SE_Chicken_01/Root",
    "SE_Chicken_01/Root/Hips",
    "SE_Chicken_01/Root/Hips/Leg_L1",
    "SE_Chicken_01/Root/Hips/Leg_L1/Leg_L2",
    "SE_Chicken_01/Root/Hips/Leg_L1/Leg_L2/Leg_L3",
    "SE_Chicken_01/Root/Hips/Leg_R1",
    "SE_Chicken_01/Root/Hips/Leg_R1/Leg_R2",
    "SE_Chicken_01/Root/Hips/Leg_R1/Leg_R2/Leg_R3",
    "SE_Chicken_01/Root/Hips/Tail_1",
    "SE_Chicken_01/Root/Hips/Tail_1/Tail_2",
    "SE_Chicken_01/Root/Hips/Breasts1",
    "SE_Chicken_01/Root/Hips/Breasts1/Breasts2",
    "SE_Chicken_01/Root/Hips/Breasts1/Head_1",
    "SE_Chicken_01/Root/Hips/Breasts1/Head_1/Head_2",
    "SE_Chicken_01/Root/Hips/Breasts1/Head_1/Head_2/Feather_1",
    "SE_Chicken_01/Root/Hips/Breasts1/Head_1/Head_2/Feather_1/Feather_2"
  ],
  "_bindposes": [
    {
      "__type__": "cc.Mat4",
      "m00": 1,
      "m01": 0,
      "m02": 0,
      "m03": 0,
      "m04": 0,
      "m05": 1,
      "m06": 0,
      "m07": 0,
      "m08": 0,
      "m09": 0,
      "m10": 1,
      "m11": 0,
      "m12": 0.000043716401705751196,
      "m13": -0.007750730030238628,
      "m14": 0.0002017700026044622,
      "m15": 1
    },
    {
      "__type__": "cc.Mat4",
      "m00": -1,
      "m01": 1.0559957768185892e-16,
      "m02": -6.201880610333911e-17,
      "m03": 0,
      "m04": 1.2246468525851679e-16,
      "m05": 0.8622859716415405,
      "m06": -0.5064219832420349,
      "m07": 0,
      "m08": 8.701638808948231e-33,
      "m09": -0.5064219832420349,
      "m10": -0.8622859716415405,
      "m11": 0,
      "m12": -0.000043716401705751196,
      "m13": -0.0067705498076975346,
      "m14": 0.002032209886237979,
      "m15": 1
    },
    {
      "__type__": "cc.Mat4",
      "m00": 1,
      "m01": 0,
      "m02": 0,
      "m03": 0,
      "m04": 0,
      "m05": 6.123234262925839e-17,
      "m06": 1,
      "m07": 0,
      "m08": 0,
      "m09": -1,
      "m10": 6.123234262925839e-17,
      "m11": 0,
      "m12": -0.003121719928458333,
      "m13": -0.0016029799589887261,
      "m14": -0.004776129964739084,
      "m15": 1
    },
    {
      "__type__": "cc.Mat4",
      "m00": 1,
      "m01": 0,
      "m02": 0,
      "m03": 0,
      "m04": 0,
      "m05": -0.20321600139141083,
      "m06": 0.9791340231895447,
      "m07": 0,
      "m08": 0,
      "m09": -0.9791340231895447,
      "m10": -0.20321600139141083,
      "m11": 0,
      "m12": -0.0025165099650621414,
      "m13": -0.0005481690168380737,
      "m14": -0.0005792679730802774,
      "m15": 1
    },
    {
      "__type__": "cc.Mat4",
      "m00": 1,
      "m01": 0,
      "m02": 0,
      "m03": 0,
      "m04": 0,
      "m05": -0.9989029765129089,
      "m06": 0.04682359844446182,
      "m07": 0,
      "m08": 0,
      "m09": -0.04682359844446182,
      "m10": -0.9989029765129089,
      "m11": 0,
      "m12": -0.0032906599808484316,
      "m13": 0.0004289640055503696,
      "m14": 0.0015406799502670765,
      "m15": 1
    },
    {
      "__type__": "cc.Mat4",
      "m00": 1,
      "m01": 0,
      "m02": 0,
      "m03": 0,
      "m04": 0,
      "m05": 6.123234262925839e-17,
      "m06": 1,
      "m07": 0,
      "m08": 0,
      "m09": -1,
      "m10": 6.123234262925839e-17,
      "m11": 0,
      "m12": 0.003198090009391308,
      "m13": -0.0016029799589887261,
      "m14": -0.004776129964739084,
      "m15": 1
    },
    {
      "__type__": "cc.Mat4",
      "m00": 1,
      "m01": 0,
      "m02": 0,
      "m03": 0,
      "m04": 0,
      "m05": -0.20321600139141083,
      "m06": 0.9791340231895447,
      "m07": 0,
      "m08": 0,
      "m09": -0.9791340231895447,
      "m10": -0.20321600139141083,
      "m11": 0,
      "m12": 0.002592870034277439,
      "m13": -0.0005481690168380737,
      "m14": -0.0005792679730802774,
      "m15": 1
    },
    {
      "__type__": "cc.Mat4",
      "m00": 1,
      "m01": 0,
      "m02": 0,
      "m03": 0,
      "m04": 0,
      "m05": -0.9989029765129089,
      "m06": 0.04682359844446182,
      "m07": 0,
      "m08": 0,
      "m09": -0.04682359844446182,
      "m10": -0.9989029765129089,
      "m11": 0,
      "m12": 0.0033670300617814064,
      "m13": 0.0004289640055503696,
      "m14": 0.0015406799502670765,
      "m15": 1
    },
    {
      "__type__": "cc.Mat4",
      "m00": 1,
      "m01": -8.688800079426073e-8,
      "m02": -1.3562577394673754e-25,
      "m03": 0,
      "m04": 4.214230386878626e-8,
      "m05": 0.4850189983844757,
      "m06": -0.874504029750824,
      "m07": 0,
      "m08": 7.598385565188437e-8,
      "m09": 0.874504029750824,
      "m10": 0.4850189983844757,
      "m11": 0,
      "m12": 0.000043716401705751196,
      "m13": 0.00073116400744766,
      "m14": 0.007995730265974998,
      "m15": 1
    },
    {
      "__type__": "cc.Mat4",
      "m00": 1,
      "m01": -8.688800079426073e-8,
      "m02": -1.3562577394673754e-25,
      "m03": 0,
      "m04": 4.214230386878626e-8,
      "m05": 0.4850189983844757,
      "m06": -0.874504029750824,
      "m07": 0,
      "m08": 7.598385565188437e-8,
      "m09": 0.874504029750824,
      "m10": 0.4850189983844757,
      "m11": 0,
      "m12": 0.0000437162998423446,
      "m13": 0.003261090023443103,
      "m14": 0.009651710279285908,
      "m15": 1
    },
    {
      "__type__": "cc.Mat4",
      "m00": -1,
      "m01": -2.107340080215181e-8,
      "m02": 1.793653940397453e-16,
      "m03": 0,
      "m04": -5.429833915826521e-9,
      "m05": 0.2576630115509033,
      "m06": -0.9662349820137024,
      "m07": 0,
      "m08": 2.036185087206377e-8,
      "m09": -0.9662349820137024,
      "m10": -0.2576630115509033,
      "m11": 0,
      "m12": -0.00004371644899947569,
      "m13": -0.0016680799890309572,
      "m14": 0.00916512031108141,
      "m15": 1
    },
    {
      "__type__": "cc.Mat4",
      "m00": 1,
      "m01": 0,
      "m02": 0,
      "m03": 0,
      "m04": 0,
      "m05": 1,
      "m06": 0,
      "m07": 0,
      "m08": 0,
      "m09": 0,
      "m10": 1,
      "m11": 0,
      "m12": 0.000043716401705751196,
      "m13": -0.00572215998545289,
      "m14": -0.005159270018339157,
      "m15": 1
    },
    {
      "__type__": "cc.Mat4",
      "m00": -1,
      "m01": -2.125280040843336e-8,
      "m02": -2.214312604269906e-16,
      "m03": 0,
      "m04": -8.092003511706025e-9,
      "m05": 0.38075000047683716,
      "m06": -0.9246780276298523,
      "m07": 0,
      "m08": 1.9651997362757356e-8,
      "m09": -0.9246780276298523,
      "m10": -0.38075000047683716,
      "m11": 0,
      "m12": -0.00004371630711830221,
      "m13": -0.0023417100310325623,
      "m14": 0.011391459964215755,
      "m15": 1
    },
    {
      "__type__": "cc.Mat4",
      "m00": -1,
      "m01": 1.2245059010087888e-16,
      "m02": -1.8553154491439222e-18,
      "m03": 0,
      "m04": 1.2246468525851679e-16,
      "m05": 0.9998850226402283,
      "m06": -0.015149800106883049,
      "m07": 0,
      "m08": -5.620632666941499e-34,
      "m09": -0.015149800106883049,
      "m10": -0.9998850226402283,
      "m11": 0,
      "m12": -0.00004371649993117899,
      "m13": -0.012308159843087196,
      "m14": 0.004924669861793518,
      "m15": 1
    },
    {
      "__type__": "cc.Mat4",
      "m00": 1,
      "m01": 0,
      "m02": 0,
      "m03": 0,
      "m04": 0,
      "m05": 1,
      "m06": 0,
      "m07": 0,
      "m08": 0,
      "m09": 0,
      "m10": 1,
      "m11": 0,
      "m12": 0.00004371649993117899,
      "m13": -0.016919830814003944,
      "m14": -0.003763149958103895,
      "m15": 1
    },
    {
      "__type__": "cc.Mat4",
      "m00": 1,
      "m01": 0,
      "m02": 0,
      "m03": 0,
      "m04": 0,
      "m05": 1,
      "m06": 0,
      "m07": 0,
      "m08": 0,
      "m09": 0,
      "m10": 1,
      "m11": 0,
      "m12": 0.00004371649993117899,
      "m13": -0.019749140366911888,
      "m14": -0.0018198200268670917,
      "m15": 1
    }
  ],
  "_hash": 1868119744
}