{
  "__type__": "cc.Skeleton",
  "_name": "Skin-0",
  "_objFlags": 0,
  "_native": "",
  "_joints": [
    "Vitez/Bip001/Bip001 Pelvis",
    "Vitez/Bip001/Bip001 Pelvis/Bip001 Spine",
    "Vitez/Bip001/Bip001 Pelvis/Bip001 Spine/Bip001 Neck",
    "Vitez/Bip001/Bip001 Pelvis/Bip001 Spine/Bip001 Neck/Bip001 Head",
    "Vitez/Bip001/Bip001 Pelvis/Bip001 Spine/Bip001 Neck/Bip001 Head/Bip001 HeadNub",
    "Vitez/Bip001/Bip001 Pelvis/Bip001 Spine/Bip001 L Clavicle",
    "Vitez/Bip001/Bip001 Pelvis/Bip001 Spine/Bip001 L Clavicle/Bip001 L UpperArm",
    "Vitez/Bip001/Bip001 Pelvis/Bip001 Spine/Bip001 L Clavicle/Bip001 L UpperArm/Bip001 L Forearm",
    "Vitez/Bip001/Bip001 Pelvis/Bip001 Spine/Bip001 L Clavicle/Bip001 L UpperArm/Bip001 L Forearm/Bip001 L Hand",
    "Vitez/Bip001/Bip001 Pelvis/Bip001 Spine/Bip001 R Clavicle",
    "Vitez/Bip001/Bip001 Pelvis/Bip001 Spine/Bip001 R Clavicle/Bip001 R UpperArm",
    "Vitez/Bip001/Bip001 Pelvis/Bip001 Spine/Bip001 R Clavicle/Bip001 R UpperArm/Bip001 R Forearm",
    "Vitez/Bip001/Bip001 Pelvis/Bip001 Spine/Bip001 R Clavicle/Bip001 R UpperArm/Bip001 R Forearm/Bip001 R Hand",
    "Vitez/Bip001/Bip001 Pelvis/Bip001 L Thigh",
    "Vitez/Bip001/Bip001 Pelvis/Bip001 L Thigh/Bip001 L Calf",
    "Vitez/Bip001/Bip001 Pelvis/Bip001 L Thigh/Bip001 L Calf/Bip001 L Foot",
    "Vitez/Bip001/Bip001 Pelvis/Bip001 L Thigh/Bip001 L Calf/Bip001 L Foot/Bip001 L Toe0",
    "Vitez/Bip001/Bip001 Pelvis/Bip001 L Thigh/Bip001 L Calf/Bip001 L Foot/Bip001 L Toe0/Bip001 L Toe0Nub",
    "Vitez/Bip001/Bip001 Pelvis/Bip001 R Thigh",
    "Vitez/Bip001/Bip001 Pelvis/Bip001 R Thigh/Bip001 R Calf",
    "Vitez/Bip001/Bip001 Pelvis/Bip001 R Thigh/Bip001 R Calf/Bip001 R Foot",
    "Vitez/Bip001/Bip001 Pelvis/Bip001 R Thigh/Bip001 R Calf/Bip001 R Foot/Bip001 R Toe0",
    "Vitez/Bip001/Bip001 Pelvis/Bip001 R Thigh/Bip001 R Calf/Bip001 R Foot/Bip001 R Toe0/Bip001 R Toe0Nub"
  ],
  "_bindposes": [
    {
      "__type__": "cc.Mat4",
      "m00": 0.0000013987289548822446,
      "m01": 0.0000027577023047342664,
      "m02": 1.0000001192092896,
      "m03": 0,
      "m04": -5.960460569554016e-8,
      "m05": -1.0000001192092896,
      "m06": 0.0000027577023047342664,
      "m07": 0,
      "m08": 1.0000005960464478,
      "m09": -5.960848881159109e-8,
      "m10": -0.0000013987292959427577,
      "m11": 0,
      "m12": -0.2893107235431671,
      "m13": 0.019328728318214417,
      "m14": 3.5261376751805074e-7,
      "m15": 1
    },
    {
      "__type__": "cc.Mat4",
      "m00": 9.771963505045278e-8,
      "m01": -0.0000014026916232978692,
      "m02": 1.0000001192092896,
      "m03": 0,
      "m04": -0.0007963967509567738,
      "m05": -1.0000001192092896,
      "m06": -0.0000014026128383193281,
      "m07": 0,
      "m08": 1.0000005960464478,
      "m09": -0.0007963970419950783,
      "m10": -9.883670770705066e-8,
      "m11": 0,
      "m12": -0.33365511894226074,
      "m13": 0.019707927480340004,
      "m14": 6.165416976955385e-8,
      "m15": 1
    },
    {
      "__type__": "cc.Mat4",
      "m00": 5.146924308974121e-7,
      "m01": -0.000001506343778601149,
      "m02": 1.0000001192092896,
      "m03": 0,
      "m04": -0.38144195079803467,
      "m05": -0.9243919253349304,
      "m06": -0.0000011961287782469299,
      "m07": 0,
      "m08": 0.9243922829627991,
      "m09": -0.3814420998096466,
      "m10": -0.0000010503624707780546,
      "m11": 0,
      "m12": -0.44249624013900757,
      "m13": 0.20613928139209747,
      "m14": 5.395453968048969e-7,
      "m15": 1
    },
    {
      "__type__": "cc.Mat4",
      "m00": 4.869750114266935e-8,
      "m01": -0.0000014068115206100629,
      "m02": 1.0000001192092896,
      "m03": 0,
      "m04": -0.07747901976108551,
      "m05": -0.9969927668571472,
      "m06": -0.0000013988113778395928,
      "m07": 0,
      "m08": 0.9969931840896606,
      "m09": -0.0774790495634079,
      "m10": -1.5754990556615667e-7,
      "m11": 0,
      "m12": -0.5091835260391235,
      "m13": 0.0453045479953289,
      "m14": 7.511930988357562e-8,
      "m15": 1
    },
    {
      "__type__": "cc.Mat4",
      "m00": 4.869724889999816e-8,
      "m01": -0.0000014068140217204927,
      "m02": 1.0000001192092896,
      "m03": 0,
      "m04": -0.07747901976108551,
      "m05": -0.9969927668571472,
      "m06": -0.0000013988139926368603,
      "m07": 0,
      "m08": 0.9969931840896606,
      "m09": -0.0774790495634079,
      "m10": -1.575498487227378e-7,
      "m11": 0,
      "m12": -0.6066300272941589,
      "m13": 0.04530452936887741,
      "m14": 6.951392350629249e-8,
      "m15": 1
    },
    {
      "__type__": "cc.Mat4",
      "m00": 0.9647322297096252,
      "m01": -0.07334424555301666,
      "m02": 0.2528022825717926,
      "m03": 0,
      "m04": 0.07094843685626984,
      "m05": 0.9973077178001404,
      "m06": 0.018592165783047676,
      "m07": 0,
      "m08": -0.2534869611263275,
      "m09": -5.338665687304456e-7,
      "m10": 0.967331051826477,
      "m11": 0,
      "m12": 0.09134257584810257,
      "m13": -0.017403559759259224,
      "m14": -0.45462897419929504,
      "m15": 1
    },
    {
      "__type__": "cc.Mat4",
      "m00": 0.7775906324386597,
      "m01": -0.000001809194600355113,
      "m02": 0.6287665963172913,
      "m03": 0,
      "m04": 0.06277266889810562,
      "m05": 0.9950039386749268,
      "m06": -0.07762665301561356,
      "m07": 0,
      "m08": -0.6256294250488281,
      "m09": 0.09983178228139877,
      "m10": 0.7737017869949341,
      "m11": 0,
      "m12": 0.20988447964191437,
      "m13": -0.06835754960775375,
      "m14": -0.3987494111061096,
      "m15": 1
    },
    {
      "__type__": "cc.Mat4",
      "m00": 0.7620880007743835,
      "m01": 0.15448112785816193,
      "m02": 0.6287691593170166,
      "m03": 0,
      "m04": -0.13615432381629944,
      "m05": 0.9876405000686646,
      "m06": -0.07762730121612549,
      "m07": 0,
      "m08": -0.6329941749572754,
      "m09": -0.02645099349319935,
      "m10": 0.7736992239952087,
      "m11": 0,
      "m12": 0.10438099503517151,
      "m13": -0.04858936369419098,
      "m14": -0.39874935150146484,
      "m15": 1
    },
    {
      "__type__": "cc.Mat4",
      "m00": 0.7709315419197083,
      "m01": -0.6286877989768982,
      "m02": 0.10202650725841522,
      "m03": 0,
      "m04": -0.06767746061086655,
      "m05": 0.07842080295085907,
      "m06": 0.9946204423904419,
      "m07": 0,
      "m08": -0.6333094239234924,
      "m09": -0.7736865282058716,
      "m10": 0.0179092176258564,
      "m11": 0,
      "m12": 0.011203049682080746,
      "m13": 0.3987102806568146,
      "m14": -0.049798548221588135,
      "m15": 1
    },
    {
      "__type__": "cc.Mat4",
      "m00": -0.9647323489189148,
      "m01": 0.07334145903587341,
      "m02": 0.2528020441532135,
      "m03": 0,
      "m04": 0.07094573974609375,
      "m05": 0.9973077178001404,
      "m06": -0.018591463565826416,
      "m07": 0,
      "m08": -0.25348663330078125,
      "m09": -5.587942268903134e-7,
      "m10": -0.967331051826477,
      "m11": 0,
      "m12": 0.09134233742952347,
      "m13": -0.01740354858338833,
      "m14": 0.4546290338039398,
      "m15": 1
    },
    {
      "__type__": "cc.Mat4",
      "m00": -0.7775905728340149,
      "m01": -0.0000010087703685712768,
      "m02": 0.6287665963172913,
      "m03": 0,
      "m04": 0.06277047097682953,
      "m05": 0.9950039386749268,
      "m06": 0.07762843370437622,
      "m07": 0,
      "m08": -0.6256294250488281,
      "m09": 0.09983178228139877,
      "m10": -0.7737017869949341,
      "m11": 0,
      "m12": 0.20988450944423676,
      "m13": -0.06835759431123734,
      "m14": 0.39874929189682007,
      "m15": 1
    },
    {
      "__type__": "cc.Mat4",
      "m00": -0.7620862126350403,
      "m01": -0.15448428690433502,
      "m02": 0.6287690997123718,
      "m03": 0,
      "m04": -0.1361563801765442,
      "m05": 0.9876405000686646,
      "m06": 0.07762940227985382,
      "m07": 0,
      "m08": -0.6329932808876038,