{
  "__type__": "cc.Skeleton",
  "_name": "Skin-1",
  "_objFlags": 0,
  "_native": "",
  "_joints": [
    "Animirani_objekti/Group049/Bone336",
    "Animirani_objekti/Group049/Bone370",
    "Animirani_objekti/Group049/Bone370/Bone371",
    "Animirani_objekti/Group049/Bone370/Bone371/Bone372",
    "Animirani_objekti/Group049/Bone370/Bone371/Bone372/Bone373",
    "Animirani_objekti/Group049/Bone343/Bone344/Bone345/Bone346/Bone347",
    "Animirani_objekti/Group049/Bone343/Bone344/Bone345/Bone346",
    "Animirani_objekti/Group049/Bone343/Bone344/Bone345/Bone346/Bone347/Bone348",
    "Animirani_objekti/Group049/Bone343/Bone344/Bone345",
    "Animirani_objekti/Group049/Bone343/Bone344",
    "Animirani_objekti/Group049/Bone343",
    "Animirani_objekti/Group049/Bone329/Bone330/Bone331/Bone332",
    "Animirani_objekti/Group049/Bone329/Bone330/Bone331/Bone332/Bone333",
    "Animirani_objekti/Group049/Bone329/Bone330/Bone331/Bone332/Bone333/Bone334",
    "Animirani_objekti/Group049/Bone329/Bone330/Bone331",
    "Animirani_objekti/Group049/Bone329/Bone330",
    "Animirani_objekti/Group049/Bone329",
    "Animirani_objekti/Group049/Bone355",
    "Animirani_objekti/Group049/Bone355/Bone356",
    "Animirani_objekti/Group049/Bone355/Bone356/Bone357",
    "Animirani_objekti/Group049/Bone355/Bone356/Bone357/Bone358",
    "Animirani_objekti/Group049/Bone365",
    "Animirani_objekti/Group049/Bone365/Bone366",
    "Animirani_objekti/Group049/Bone365/Bone366/Bone367",
    "Animirani_objekti/Group049/Bone365/Bone366/Bone367/Bone368",
    "Animirani_objekti/Group049/Bone350",
    "Animirani_objekti/Group049/Bone350/Bone351",
    "Animirani_objekti/Group049/Bone350/Bone351/Bone352",
    "Animirani_objekti/Group049/Bone350/Bone351/Bone352/Bone353",
    "Animirani_objekti/Group049/Bone360",
    "Animirani_objekti/Group049/Bone360/Bone361",
    "Animirani_objekti/Group049/Bone360/Bone361/Bone362",
    "Animirani_objekti/Group049/Bone360/Bone361/Bone362/Bone363"
  ],
  "_bindposes": [
    {
      "__type__": "cc.Mat4",
      "m00": -0.0801624059677124,
      "m01": -0.9967813491821289,
      "m02": 0.0000015836619695619447,
      "m03": 0,
      "m04": -0.0000025867757358355448,
      "m05": -0.0000013807422192257945,
      "m06": -1.0000001192092896,
      "m07": 0,
      "m08": 0.9967813491821289,
      "m09": -0.0801624208688736,
      "m10": -0.0000024677694909769343,
      "m11": 0,
      "m12": -0.7776623964309692,
      "m13": 0.45371919870376587,
      "m14": 0.20118767023086548,
      "m15": 1
    },
    {
      "__type__": "cc.Mat4",
      "m00": -0.0935087651014328,
      "m01": 0.31701433658599854,
      "m02": 0.943799614906311,
      "m03": 0,
      "m04": 0.2324851006269455,
      "m05": -0.9147943258285522,
      "m06": 0.3303055763244629,
      "m07": 0,
      "m08": 0.9680946469306946,
      "m09": 0.25030583143234253,
      "m10": 0.011840183287858963,
      "m11": 0,
      "m12": -0.8540246486663818,
      "m13": 0.12392832338809967,
      "m14": -0.2170906364917755,
      "m15": 1
    },
    {
      "__type__": "cc.Mat4",
      "m00": -0.2953367531299591,
      "m01": 0.17824149131774902,
      "m02": 0.9386193156242371,
      "m03": 0,
      "m04": 0.7684919238090515,
      "m05": -0.539374828338623,
      "m06": 0.34423181414604187,
      "m07": 0,
      "m08": 0.5676246881484985,
      "m09": 0.8229848742485046,
      "m10": 0.022320061922073364,
      "m11": 0,
      "m12": -0.9049881100654602,
      "m13": -0.6233283281326294,
      "m14": -0.2337021678686142,
      "m15": 1
    },
    {
      "__type__": "cc.Mat4",
      "m00": -0.3608129322528839,
      "m01": 0.06382078677415848,
      "m02": 0.9304516315460205,
      "m03": 0,
      "m04": 0.9010185599327087,
      "m05": -0.2337227761745453,
      "m06": 0.36543020606040955,
      "m07": 0,
      "m08": 0.24079005420207977,
      "m09": 0.970206081867218,
      "m10": 0.026826482266187668,
      "m11": 0,
      "m12": -0.8536291122436523,
      "m13": -0.989643394947052,
      "m14": -0.25243133306503296,
      "m15": 1
    },
    {
      "__type__": "cc.Mat4",
      "m00": -0.3431945741176605,
      "m01": -0.1477338820695877,
      "m02": 0.9275728464126587,
      "m03": 0,
      "m04": 0.8829457759857178,
      "m05": 0.2860775589942932,
      "m06": 0.3722456395626068,
      "m07": 0,
      "m08": -0.32035133242607117,
      "m09": 0.9467496871948242,
      "m10": 0.032260701060295105,
      "m11": 0,
      "m12": -0.38687747716903687,
      "m13": -1.4215060472488403,
      "m14": -0.2651636302471161,
      "m15": 1
    },
    {
      "__type__": "cc.Mat4",
      "m00": 0.8039758801460266,
      "m01": 0.2859436273574829,
      "m02": -0.521401584148407,
      "m03": 0,
      "m04": -0.49125373363494873,
      "m05": -0.174726665019989,
      "m06": -0.8533117175102234,
      "m07": 0,
      "m08": -0.3351019322872162,
      "m09": 0.9421819448471069,
      "m10": -0.0000051593087846413255,
      "m11": 0,
      "m12": 0.18465790152549744,
      "m13": -1.5066992044448853,
      "m14": 0.16928638517856598,
      "m15": 1
    },
    {
      "__type__": "cc.Mat4",
      "m00": 0.8068264126777649,
      "m01": -0.27777501940727234,
      "m02": -0.5214142799377441,
      "m03": 0,
      "m04": -0.4930146634578705,
      "m05": 0.16973483562469482,
      "m06": -0.8533031940460205,
      "m07": 0,
      "m08": 0.3255291283130646,
      "m09": 0.9455314874649048,
      "m10": -6.127622782514663e-7,
      "m11": 0,
      "m12": -0.6413754224777222,
      "m13": -1.2930504083633423,
      "m14": 0.1692788451910019,
      "m15": 1
    },
    {
      "__type__": "cc.Mat4",
      "m00": 0.6963458061218262,
      "m01": 0.49320876598358154,
      "m02": -0.5213900208473206,
      "m03": 0,
      "m04": -0.4254860281944275,
      "m05": -0.3013454079627991,
      "m06": -0.8533186316490173,
      "m07": 0,
      "m08": -0.5779828429222107,
      "m09": 0.816048800945282,
      "m10": 0.000012823898941860534,
      "m11": 0,
      "m12": 0.4868602752685547,
      "m13": -1.428761601448059,
      "m14": 0.16925519704818726,
      "m15": 1
    },
    {
      "__type__": "cc.Mat4",
      "m00": 0.28951141238212585,
      "m01": -0.8026944398880005,
      "m02": -0.5214060544967651,
      "m03": 0,
      "m04": -0.1769038885831833,
      "m05": 0.49047860503196716,
      "m06": -0.8533084392547607,
      "m07": 0,
      "m08": 0.9406847953796387,
      "m09": 0.3392814099788666,
      "m10": -6.105559009483841e-7,
      "m11": 0,
      "m12": -1.2164961099624634,
      "m13": -0.31113201379776,
      "m14": 0.16927725076675415,
      "m15": 1
    },
    {
      "__type__": "cc.Mat4",
      "m00": -0.5018350481987,
      "m01": -0.6901430487632751,
      "m02": -0.5214056968688965,
      "m03": 0,
      "m04": 0.30664098262786865,
      "m05": 0.4217049777507782,
      "m06": -0.853308916091919,
      "m07": 0,
      "m08": 0.808784544467926,
      "m09": -0.5881048440933228,
      "m10": -1.9815146856672072e-7,
      "m11": 0,
      "m12": -0.5516583323478699,
      "m13": 0.8321563601493835,
      "m14": 0.16927964985370636,
      "m15": 1
    },
    {
      "__type__": "cc.Mat4",
      "m00": -0.08583992719650269,
      "m01": -0.8489805459976196,
      "m02": -0.5214048027992249,
      "m03": 0,
      "m04": 0.052463680505752563,
      "m05": 0.518758237361908,
      "m06": -0.8533098101615906,
      "m07": 0,
      "m08": 0.9949267506599426,
      "m09": -0.10060279816389084,
      "m10": 0.000010475129784026649,
      "m11": 0,
      "m12": -0.7710999846458435,
      "m13": 0.44078701734542847,
      "m14": 0.16927166283130646,
      "m15": 1
    },
    {
      "__type__": "cc.Mat4",
      "m00": 0.726267397403717,
      "m01": -0.24363771080970764,
      "m02": 0.6427874565124512,
      "m03": 0,
      "m04": 0.6094108819961548,
      "m05": -0.20443706214427948,
      "m06": -0.7660437822341919,
      "m07": 0,
      "m08": 0.3180469870567322,
      "m09": 0.9480748772621155,