{
  "__type__": "cc.Skeleton",
  "_name": "Skin-12",
  "_objFlags": 0,
  "_native": "",
  "_joints": [
    "Animirani_objekti/Group115/Point011/Bone475",
    "Animirani_objekti/Group115/Point011/Bone475/Bone476",
    "Animirani_objekti/Group115/Point011/Bone475/Bone476/Bone477",
    "Animirani_objekti/Group115/Point011/Bone475/Bone476/Bone477/Bone478"
  ],
  "_bindposes": [
    {
      "__type__": "cc.Mat4",
      "m00": 0.9902269840240479,
      "m01": -0.1394670009613037,
      "m02": -0.00001181900006486103,
      "m03": 0,
      "m04": -0.000011992343388556037,
      "m05": -4.024986708373035e-7,
      "m06": -1,
      "m07": 0,
      "m08": 0.1394670009613037,
      "m09": 0.9902269840240479,
      "m10": -0.0000020710999706352595,
      "m11": 0,
      "m12": 0.12674660980701447,
      "m13": 0.031251151114702225,
      "m14": -0.0000700100208632648,
      "m15": 1
    },
    {
      "__type__": "cc.Mat4",
      "m00": 0.9996910095214844,
      "m01": 0.024879800155758858,
      "m02": 0.000002288310042786179,
      "m03": 0,
      "m04": 0.000002300132791788201,
      "m05": -4.465306915335532e-7,
      "m06": -1,
      "m07": 0,
      "m08": -0.024879800155758858,
      "m09": 0.9996910095214844,
      "m10": -5.036189918428136e-7,
      "m11": 0,
      "m12": -0.0007676228415220976,
      "m13": 0.031553227454423904,
      "m14": -0.0000699651864124462,
      "m15": 1
    },
    {
      "__type__": "cc.Mat4",
      "m00": 0.9911760091781616,
      "m01": -0.13255499303340912,
      "m02": -1.549710049175701e-7,
      "m03": 0,
      "m04": -2.10168593639537e-7,
      "m05": -4.024213637876528e-7,
      "m06": -1,
      "m07": 0,
      "m08": 0.13255499303340912,
      "m09": 0.9911760091781616,
      "m10": -4.267290023562964e-7,
      "m11": 0,
      "m12": -0.18203656375408173,
      "m13": 0.06091940775513649,
      "m14": -0.00006950394890736789,
      "m15": 1
    },
    {
      "__type__": "cc.Mat4",
      "m00": 0.9911749958992004,
      "m01": -0.1325560063123703,
      "m02": -2.0854000126746541e-7,
      "m03": 0,
      "m04": -2.6471289515939134e-7,
      "m05": -4.061454887960281e-7,
      "m06": -1,
      "m07": 0,
      "m08": 0.1325560063123703,
      "m09": 0.9911749958992004,
      "m10": -4.376510105430498e-7,
      "m11": 0,
      "m12": -0.32362833619117737,
      "m13": 0.06092151626944542,
      "m14": -0.00006909264629939571,
      "m15": 1
    }
  ],
  "_hash": 3072889142
}