{
  "__type__": "cc.Skeleton",
  "_name": "Skin-13",
  "_objFlags": 0,
  "_native": "",
  "_joints": [
    "Animirani_objekti/Group115/Bone468",
    "Animirani_objekti/Group115/Bone468/Bone469/Bone470",
    "Animirani_objekti/Group115/Bone468/Bone469"
  ],
  "_bindposes": [
    {
      "__type__": "cc.Mat4",
      "m00": -0.000030697527108713984,
      "m01": -0.9999989867210388,
      "m02": 0.000017567599570611492,
      "m03": 0,
      "m04": -2.971642913962569e-7,
      "m05": -0.000017567574104759842,
      "m06": -1,
      "m07": 0,
      "m08": 1,
      "m09": -0.000030697501642862335,
      "m10": -2.9662498945981497e-7,
      "m11": 0,
      "m12": -0.15743215382099152,
      "m13": 0.017642732709646225,
      "m14": 0.1824328750371933,
      "m15": 1
    },
    {
      "__type__": "cc.Mat4",
      "m00": 5.840426098302487e-8,
      "m01": -1,
      "m02": 0.00001757119935064111,
      "m03": 0,
      "m04": -9.165633585439537e-9,
      "m05": -0.00001757119935064111,
      "m06": -1,
      "m07": 0,
      "m08": 1,
      "m09": 5.8404101110909323e-8,
      "m10": -9.16666031969271e-9,
      "m11": 0,
      "m12": -0.9420852661132812,
      "m13": 0.017625609412789345,
      "m14": 0.18243305385112762,
      "m15": 1
    },
    {
      "__type__": "cc.Mat4",
      "m00": -0.00003138923057122156,
      "m01": -0.9999989867210388,
      "m02": 0.00001757119935064111,
      "m03": 0,
      "m04": -1.708404617772885e-8,
      "m05": -0.000017571181160747074,
      "m06": -1,
      "m07": 0,
      "m08": 1,
      "m09": -0.000031389201467391104,
      "m10": -1.653249981359295e-8,
      "m11": 0,
      "m12": -0.5484908819198608,
      "m13": 0.0176557470113039,
      "m14": 0.18243271112442017,
      "m15": 1
    }
  ],
  "_hash": 2502622622
}