{
  "__type__": "cc.Skeleton",
  "_name": "Skin-14",
  "_objFlags": 0,
  "_native": "",
  "_joints": [
    "Cizme/Circle020/Bone445",
    "Cizme/Circle020/Bone445/Bone446",
    "Cizme/Circle020/Bone445/Bone446/Bone447",
    "Cizme/Circle020/Bone445/Bone446/Bone447/Bone448"
  ],
  "_bindposes": [
    {
      "__type__": "cc.Mat4",
      "m00": -0.030960295349359512,
      "m01": -0.1484905630350113,
      "m02": -0.9884293675422668,
      "m03": 0,
      "m04": 0.4717915654182434,
      "m05": -0.8739771842956543,
      "m06": 0.11651884019374847,
      "m07": 0,
      "m08": -0.8811665177345276,
      "m09": -0.4627249836921692,
      "m10": 0.09711521118879318,
      "m11": 0,
      "m12": 0.38575485348701477,
      "m13": 0.08785495162010193,
      "m14": 0.01258980855345726,
      "m15": 1
    },
    {
      "__type__": "cc.Mat4",
      "m00": -0.11895547807216644,
      "m01": -0.09412667155265808,
      "m02": -0.9884282946586609,
      "m03": 0,
      "m04": -0.19812718033790588,
      "m05": -0.9732261896133423,
      "m06": 0.11652315407991409,
      "m07": 0,
      "m08": -0.9729321599006653,
      "m09": 0.20969544351100922,
      "m10": 0.09712142497301102,
      "m11": 0,
      "m12": 0.04013751819729805,
      "m13": 0.08091051131486893,
      "m14": 0.012611125595867634,
      "m15": 1
    },
    {
      "__type__": "cc.Mat4",
      "m00": -0.14756092429161072,
      "m01": 0.03510183468461037,
      "m02": -0.9884305000305176,
      "m03": 0,
      "m04": -0.8868542909622192,
      "m05": -0.44711756706237793,
      "m06": 0.11651843041181564,
      "m07": 0,
      "m08": -0.4378545582294464,
      "m09": 0.8937864303588867,
      "m10": 0.09710726886987686,
      "m11": 0,
      "m12": -0.13807427883148193,
      "m13": 0.30570945143699646,
      "m14": 0.012594811618328094,
      "m15": 1
    },
    {
      "__type__": "cc.Mat4",
      "m00": -0.14756515622138977,
      "m01": 0.035105567425489426,
      "m02": -0.9884294271469116,
      "m03": 0,
      "m04": -0.8868522644042969,
      "m05": -0.4471186399459839,
      "m06": 0.11652056872844696,
      "m07": 0,
      "m08": -0.4378543496131897,
      "m09": 0.8937853574752808,
      "m10": 0.09711268544197083,
      "m11": 0,
      "m12": -0.5332407355308533,
      "m13": 0.3057146668434143,
      "m14": 0.012597601860761642,
      "m15": 1
    }
  ],
  "_hash": 3872861470
}