{
  "__type__": "cc.Skeleton",
  "_name": "Skin-3",
  "_objFlags": 0,
  "_native": "",
  "_joints": [
    "ANIM_scena/NOVI_ANIM_joint3",
    "ANIM_scena/NOVI_ANIM_joint3/NOVI_ANIM_joint2",
    "ANIM_scena/NOVI_ANIM_joint3/NOVI_ANIM_joint4",
    "ANIM_scena/NOVI_ANIM_joint3/NOVI_ANIM_joint5"
  ],
  "_bindposes": [
    {
      "__type__": "cc.Mat4",
      "m00": -0.0019852800760418177,
      "m01": 2.4312668340038757e-19,
      "m02": 0.0005057119997218251,
      "m03": 0,
      "m04": 3.128228538625743e-19,
      "m05": 0.00204868009313941,
      "m06": 2.4312691604493485e-19,
      "m07": 0,
      "m08": -0.0005057119997218251,
      "m09": 3.128225436698446e-19,
      "m10": -0.0019852800760418177,
      "m11": 0,
      "m12": -0.0008828800055198371,
      "m13": -0.02007211558520794,
      "m14": -0.001858190051279962,
      "m15": 1
    },
    {
      "__type__": "cc.Mat4",
      "m00": -0.001755249104462564,
      "m01": -0.00022263235587161034,
      "m02": -0.0011268921662122011,
      "m03": 0,
      "m04": -0.000008313818398164585,
      "m05": 0.0021221928764134645,
      "m06": -0.0003661228693090379,
      "m07": 0,
      "m08": 0.0011853367323055863,
      "m09": -0.00031478964956477284,
      "m10": -0.0016712720971554518,
      "m11": 0,
      "m12": 0.0007301997975446284,
      "m13": -0.030827177688479424,
      "m14": 0.0035779860336333513,
      "m15": 1
    },
    {
      "__type__": "cc.Mat4",
      "m00": -0.002302138600498438,
      "m01": 2.4312668340038757e-19,
      "m02": 0.0005057119997218251,
      "m03": 0,
      "m04": 3.627506484556625e-19,
      "m05": 0.00204868009313941,
      "m06": 2.4312691604493485e-19,
      "m07": 0,
      "m08": -0.0005864256527274847,
      "m09": 3.128225436698446e-19,
      "m10": -0.0019852800760418177,
      "m11": 0,
      "m12": 0.01087895780801773,
      "m13": -0.02002636529505253,
      "m14": -0.005470729898661375,
      "m15": 1
    },
    {
      "__type__": "cc.Mat4",
      "m00": -0.0019852800760418177,
      "m01": 2.4312668340038757e-19,
      "m02": 0.0005057119997218251,
      "m03": 0,
      "m04": 3.128228538625743e-19,
      "m05": 0.00204868009313941,
      "m06": 2.4312691604493485e-19,
      "m07": 0,
      "m08": -0.0005057119997218251,
      "m09": 3.128225436698446e-19,
      "m10": -0.0019852800760418177,
      "m11": 0,
      "m12": -0.011555359698832035,
      "m13": -0.00872085615992546,
      "m14": 0.003375370055437088,
      "m15": 1
    }
  ],
  "_hash": 1622004344
}