{
  "__type__": "cc.Skeleton",
  "_name": "Skin-4",
  "_objFlags": 0,
  "_native": "",
  "_joints": [
    "papirne_vetrenjace/joint17"
  ],
  "_bindposes": [
    {
      "__type__": "cc.Mat4",
      "m00": 0.01719159260392189,
      "m01": 0.9983388185501099,
      "m02": 0.05498596653342247,
      "m03": 0,
      "m04": 3.4198802012497254e-8,
      "m05": 0.054994065314531326,
      "m06": -0.9984869956970215,
      "m07": 0,
      "m08": -0.9998522996902466,
      "m09": 0.017165571451187134,
      "m10": 0.000945401843637228,
      "m11": 0,
      "m12": -0.0008841226808726788,
      "m13": 0.0000366875174222514,
      "m14": -0.00015444673772435635,
      "m15": 1
    }
  ],
  "_hash": 3498169661
}