{
  "__type__": "cc.Skeleton",
  "_name": "Skin-6",
  "_objFlags": 0,
  "_native": "",
  "_joints": [
    "papirne_vetrenjace/joint19"
  ],
  "_bindposes": [
    {
      "__type__": "cc.Mat4",
      "m00": 0.044450052082538605,
      "m01": 0.8071547746658325,
      "m02": -0.5886626243591309,
      "m03": 0,
      "m04": 1.7002099639285007e-7,
      "m05": 0.589245080947876,
      "m06": 0.8079537153244019,
      "m07": 0,
      "m08": 0.9990113973617554,
      "m09": -0.035913676023483276,
      "m10": 0.026191841810941696,
      "m11": 0,
      "m12": 0.00043007248314097524,
      "m13": 0.00003979589382652193,
      "m14": -0.000038321992178680375,
      "m15": 1
    }
  ],
  "_hash": 1973948060
}