{
  "__type__": "cc.Skeleton",
  "_name": "Skin-0",
  "_objFlags": 0,
  "_native": "",
  "_joints": [
    "Windmill/Bone009",
    "Windmill/Bone011"
  ],
  "_bindposes": [
    {
      "__type__": "cc.Mat4",
      "m00": -1,
      "m01": 5.624454502139997e-7,
      "m02": 1.6091676602325578e-12,
      "m03": 0,
      "m04": -5.624454502139997e-7,
      "m05": -1,
      "m06": -0.0000028610199933609692,
      "m07": 0,
      "m08": 3.443964763803201e-23,
      "m09": -0.0000028610199933609692,
      "m10": 1,
      "m11": 0,
      "m12": -0.3565698266029358,
      "m13": -0.0022403616458177567,
      "m14": -2.807574987411499,
      "m15": 1
    },
    {
      "__type__": "cc.Mat4",
      "m00": -0.0076046898029744625,
      "m01": 0.9999709725379944,
      "m02": -7.704394420215976e-7,
      "m03": 0,
      "m04": 2.324291301647463e-7,
      "m05": 7.722292707512679e-7,
      "m06": 1,
      "m07": 0,
      "m08": 0.9999709725379944,
      "m09": 0.0076046898029744625,
      "m10": -2.382950015089591e-7,
      "m11": 0,
      "m12": -0.03866888955235481,
      "m13": -0.20540563762187958,
      "m14": -1.6532686686332454e-7,
      "m15": 1
    }
  ],
  "_hash": 1439853757
}