{
  "__type__": "cc.Skeleton",
  "_name": "Skin-6",
  "_objFlags": 0,
  "_native": "",
  "_joints": [
    "papirne_vetrenjace/joint19"
  ],
  "_bindposes": [
    {
      "__type__": "cc.Mat4",
      "m00": 0.04445039480924606,
      "m01": 0.8071523308753967,
      "m02": -0.588665246963501,
      "m03": 0,
      "m04": -3.0825651720078895e-7,
      "m05": 0.5892474055290222,
      "m06": 0.8079517483711243,
      "m07": 0,
      "m08": 0.999011218547821,
      "m09": -0.03591356799006462,
      "m10": 0.026192549616098404,
      "m11": 0,
      "m12": 0.0004300054570194334,
      "m13": 0.00003973679486080073,
      "m14": -0.000038317528378684074,
      "m15": 1
    }
  ],
  "_hash": 3120862120
}