{
  "__type__": "cc.Skeleton",
  "_name": "Skin-3",
  "_objFlags": 0,
  "_native": "",
  "_joints": [
    "ANIM_scena/NOVI_ANIM_joint3",
    "ANIM_scena/NOVI_ANIM_joint3/NOVI_ANIM_joint2",
    "ANIM_scena/NOVI_ANIM_joint3/NOVI_ANIM_joint4",
    "ANIM_scena/NOVI_ANIM_joint3/NOVI_ANIM_joint5"
  ],
  "_bindposes": [
    {
      "__type__": "cc.Mat4",
      "m00": -0.0019852840341627598,
      "m01": -1.2211108513238145e-10,
      "m02": 0.000505712756421417,
      "m03": 0,
      "m04": -1.1833213575673796e-10,
      "m05": 0.002048688242211938,
      "m06": 3.014284308267001e-11,
      "m07": 0,
      "m08": -0.000505712756421417,
      "m09": 1.543454337500048e-17,
      "m10": -0.0019852840341627598,
      "m11": 0,
      "m12": -0.000882888154592365,
      "m13": -0.020072121173143387,
      "m14": -0.001858210889622569,
      "m15": 1
    },
    {
      "__type__": "cc.Mat4",
      "m00": -0.0017552541103214025,
      "m01": -0.00022263301070779562,
      "m02": -0.001126894960179925,
      "m03": 0,
      "m04": -0.00000831387205835199,
      "m05": 0.0021222007926553488,
      "m06": -0.0003661236260086298,
      "m07": 0,
      "m08": 0.0011853397591039538,
      "m09": -0.0003147906390950084,
      "m10": -0.0016712769865989685,
      "m11": 0,
      "m12": 0.0007300520082935691,
      "m13": -0.03082718700170517,
      "m14": 0.0035780882462859154,
      "m15": 1
    },
    {
      "__type__": "cc.Mat4",
      "m00": -0.00230214255861938,
      "m01": -1.2211108513238145e-10,
      "m02": 0.000505712756421417,
      "m03": 0,
      "m04": -1.3721838942881703e-10,
      "m05": 0.002048688242211938,
      "m06": 3.014284308267001e-11,
      "m07": 0,
      "m08": -0.0005864264094270766,
      "m09": 1.543453344883313e-17,
      "m10": -0.0019852840341627598,
      "m11": 0,
      "m12": 0.010878967121243477,
      "m13": -0.020026370882987976,
      "m14": -0.005470750853419304,
      "m15": 1
    },
    {
      "__type__": "cc.Mat4",
      "m00": -0.0019852840341627598,
      "m01": -1.2211108513238145e-10,
      "m02": 0.000505712756421417,
      "m03": 0,
      "m04": -1.1833213575673796e-10,
      "m05": 0.002048688242211938,
      "m06": 3.014284308267001e-11,
      "m07": 0,
      "m08": -0.000505712756421417,
      "m09": 1.543454337500048e-17,
      "m10": -0.0019852840341627598,
      "m11": 0,
      "m12": -0.011555368080735207,
      "m13": -0.008720860816538334,
      "m14": 0.003375349100679159,
      "m15": 1
    }
  ],
  "_hash": 1630577417
}