{
  "__type__": "cc.Skeleton",
  "_name": "Skin-1",
  "_objFlags": 0,
  "_native": "",
  "_joints": [
    "ANIM_scena/ANIM_anim2_leptir/ANIM_anim2_joint2"
  ],
  "_bindposes": [
    {
      "__type__": "cc.Mat4",
      "m00": -0.0008392485906369984,
      "m01": 9.583268028755571e-20,
      "m02": -0.0006879247957840562,
      "m03": 0,
      "m04": 4.940703592987205e-20,
      "m05": 0.001002020202577114,
      "m06": 1.0533933135830841e-19,
      "m07": 0,
      "m08": 0.0006712015019729733,
      "m09": 4.606799537150531e-20,
      "m10": -0.0008601588779129088,
      "m11": 0,
      "m12": -0.0001804140192689374,
      "m13": 0.000040650833398103714,
      "m14": 0.00023433023307006806,
      "m15": 1
    }
  ],
  "_hash": 390292626
}