{
  "__type__": "cc.Skeleton",
  "_name": "Skin-1",
  "_objFlags": 0,
  "_native": "",
  "_joints": [
    "NOVA_Rodjendanska_proslava_9:Zastavice/NOVA_Rodjendanska_proslava_9:joint2"
  ],
  "_bindposes": [
    {
      "__type__": "cc.Mat4",
      "m00": -0.006935161538422108,
      "m01": 0.0007189736934378743,
      "m02": -0.00040140602504834533,
      "m03": 0,
      "m04": 0.0007427616510540247,
      "m05": 0.007220641244202852,
      "m06": 0.00010034556908067316,
      "m07": 0,
      "m08": 0.0004253450606483966,
      "m09": 0.00005695462095900439,
      "m10": -0.007246746681630611,
      "m11": 0,
      "m12": 0.0011068375315517187,
      "m13": 0.00023687908833380789,
      "m14": -0.00015715525660198182,
      "m15": 1
    }
  ],
  "_hash": 541969131
}