{
  "__type__": "cc.Skeleton",
  "_name": "Skin-3",
  "_objFlags": 0,
  "_native": "",
  "_joints": [
    "NOVA_Rodjendanska_proslava_9:Baloni/NOVA_Rodjendanska_proslava_9:joint3",
    "NOVA_Rodjendanska_proslava_9:Baloni/NOVA_Rodjendanska_proslava_9:joint3/NOVA_Rodjendanska_proslava_9:joint6",
    "NOVA_Rodjendanska_proslava_9:Baloni/NOVA_Rodjendanska_proslava_9:joint3/NOVA_Rodjendanska_proslava_9:joint5",
    "NOVA_Rodjendanska_proslava_9:Baloni/NOVA_Rodjendanska_proslava_9:joint3/NOVA_Rodjendanska_proslava_9:joint4"
  ],
  "_bindposes": [
    {
      "__type__": "cc.Mat4",
      "m00": -0.004623685032129288,
      "m01": 5.662380614206847e-19,
      "m02": 0.000541580026037991,
      "m03": 0,
      "m04": 6.364336421777003e-19,
      "m05": 0.004655295051634312,
      "m06": 5.662380614206847e-19,
      "m07": 0,
      "m08": -0.000541580026037991,
      "m09": 6.364336421777003e-19,
      "m10": -0.004623685032129288,
      "m11": 0,
      "m12": 0.00012725195847451687,
      "m13": 0.00001713975507300347,
      "m14": -0.000023627901100553572,
      "m15": 1
    },
    {
      "__type__": "cc.Mat4",
      "m00": -0.004623685032129288,
      "m01": 5.662380614206847e-19,
      "m02": 0.000541580026037991,
      "m03": 0,
      "m04": 6.364336421777003e-19,
      "m05": 0.004655295051634312,
      "m06": 5.662380614206847e-19,
      "m07": 0,
      "m08": -0.000541580026037991,
      "m09": 6.364336421777003e-19,
      "m10": -0.004623685032129288,
      "m11": 0,
      "m12": 0.0023890079464763403,
      "m13": -0.012627311050891876,
      "m14": -0.00432180892676115,
      "m15": 1
    },
    {
      "__type__": "cc.Mat4",
      "m00": -0.004623685032129288,
      "m01": 5.662380614206847e-19,
      "m02": 0.000541580026037991,
      "m03": 0,
      "m04": 6.364336421777003e-19,
      "m05": 0.004655295051634312,
      "m06": 5.662380614206847e-19,
      "m07": 0,
      "m08": -0.000541580026037991,
      "m09": 6.364336421777003e-19,
      "m10": -0.004623685032129288,
      "m11": 0,
      "m12": 0.003572186455130577,
      "m13": -0.010014527477324009,
      "m14": 0.003565340768545866,
      "m15": 1
    },
    {
      "__type__": "cc.Mat4",
      "m00": -0.004623685032129288,
      "m01": 5.662380614206847e-19,
      "m02": 0.000541580026037991,
      "m03": 0,
      "m04": 6.364336421777003e-19,
      "m05": 0.004655295051634312,
      "m06": 5.662380614206847e-19,
      "m07": 0,
      "m08": -0.000541580026037991,
      "m09": 6.364336421777003e-19,
      "m10": -0.004623685032129288,
      "m11": 0,
      "m12": -0.003099380759522319,
      "m13": -0.007239515893161297,
      "m14": -0.0010088796261698008,
      "m15": 1
    }
  ],
  "_hash": 1270274745
}