{
  "__type__": "cc.Skeleton",
  "_name": "Skin-4",
  "_objFlags": 0,
  "_native": "",
  "_joints": [
    "NOVA_Rodjendanska_proslava_9:Klackalica/NOVA_Rodjendanska_proslava_9:joint8",
    "NOVA_Rodjendanska_proslava_9:Klackalica/NOVA_Rodjendanska_proslava_9:joint9"
  ],
  "_bindposes": [
    {
      "__type__": "cc.Mat4",
      "m00": -0.002333273645490408,
      "m01": 2.8574362309518483e-19,
      "m02": -0.00479156756773591,
      "m03": 0,
      "m04": 6.587445386052396e-20,
      "m05": 0.005329473409801722,
      "m06": 2.8574362309518483e-19,
      "m07": 0,
      "m08": 0.00479156756773591,
      "m09": 6.587445386052396e-20,
      "m10": -0.002333273645490408,
      "m11": 0,
      "m12": -0.0001017177855828777,
      "m13": -0.0009076165733858943,
      "m14": -0.0002053159987553954,
      "m15": 1
    },
    {
      "__type__": "cc.Mat4",
      "m00": -0.002333273645490408,
      "m01": 2.8574362309518483e-19,
      "m02": -0.00479156756773591,
      "m03": 0,
      "m04": 6.587445386052396e-20,
      "m05": 0.005329473409801722,
      "m06": 2.8574362309518483e-19,
      "m07": 0,
      "m08": 0.00479156756773591,
      "m09": 6.587445386052396e-20,
      "m10": -0.002333273645490408,
      "m11": 0,
      "m12": -0.000006195059086167021,
      "m13": -0.007210628129541874,
      "m14": 0.000025952886062441394,
      "m15": 1
    }
  ],
  "_hash": 3664125490
}