{
  "__type__": "cc.Skeleton",
  "_name": "Skin-0",
  "_objFlags": 0,
  "_native": "",
  "_joints": [
    "Teretana/Cartoon_shop:Bone375/Cartoon_shop:Bone274_mirrored_001/Cartoon_shop:Bone275_mirrored_001",
    "Teretana/Cartoon_shop:Bone375/Cartoon_shop:Bone274_mirrored_001",
    "Teretana/Cartoon_shop:Bone375/Cartoon_shop:Bone274_mirrored_001/Cartoon_shop:Bone275_mirrored_001/Cartoon_shop:Bone276_mirrored_001",
    "Teretana/Cartoon_shop:Bone375/Cartoon_shop:Bone274_mirrored_001/Cartoon_shop:Bone275_mirrored_001/Cartoon_shop:Bone276_mirrored_001/Cartoon_shop:Bone277_mirrored_001",
    "Teretana/Cartoon_shop:Bone375",
    "Teretana/Cartoon_shop:Bone375/Cartoon_shop:Bone376/Cartoon_shop:Bone377",
    "Teretana/Cartoon_shop:Bone375/Cartoon_shop:Bone376",
    "Teretana/Cartoon_shop:Bone375/Cartoon_shop:Bone376/Cartoon_shop:Bone377/Cartoon_shop:Bone378"
  ],
  "_bindposes": [
    {
      "__type__": "cc.Mat4",
      "m00": -0.974137008190155,
      "m01": 0.22595900297164917,
      "m02": -3.603410050345701e-7,
      "m03": 0,
      "m04": 3.3978474789364554e-7,
      "m05": -1.2986534159153962e-7,
      "m06": -1,
      "m07": 0,
      "m08": -0.22595900297164917,
      "m09": -0.974137008190155,
      "m10": 4.972919853685198e-8,
      "m11": 0,
      "m12": -0.42208805680274963,
      "m13": 0.21756312251091003,
      "m14": 0.0007896872120909393,
      "m15": 1
    },
    {
      "__type__": "cc.Mat4",
      "m00": -0.9945870041847229,
      "m01": 0.10391300171613693,
      "m02": 3.875599929870077e-8,
      "m03": 0,
      "m04": -4.4007791188960255e-8,
      "m05": -4.8247297712578074e-8,
      "m06": -1,
      "m07": 0,
      "m08": -0.10391310602426529,
      "m09": -0.9945859909057617,
      "m10": 5.255910551227316e-8,
      "m11": 0,
      "m12": 0.018812082707881927,
      "m13": 0.1637653410434723,
      "m14": 0.0007896918687038124,
      "m15": 1
    },
    {
      "__type__": "cc.Mat4",
      "m00": -0.9669250249862671,
      "m01": 0.25505998730659485,
      "m02": -2.98108005836184e-7,
      "m03": 0,
      "m04": 2.4831612677189696e-7,
      "m05": -2.274162369531041e-7,
      "m06": -1,
      "m07": 0,
      "m08": -0.25505998730659485,
      "m09": -0.9669250249862671,
      "m10": 1.5655899687772035e-7,
      "m11": 0,
      "m12": -0.8429304361343384,
      "m13": 0.2429334670305252,
      "m14": 0.000789685407653451,
      "m15": 1
    },
    {
      "__type__": "cc.Mat4",
      "m00": -0.9669150114059448,
      "m01": 0.25509700179100037,
      "m02": -4.664090056394343e-7,
      "m03": 0,
      "m04": 3.993028485638206e-7,
      "m05": -3.1484751161769964e-7,
      "m06": -1,
      "m07": 0,
      "m08": -0.25509700179100037,
      "m09": -0.9669150114059448,
      "m10": 2.0257000699075434e-7,
      "m11": 0,
      "m12": -1.2305721044540405,
      "m13": 0.2429821640253067,
      "m14": 0.0007896916940808296,
      "m15": 1
    },
    {
      "__type__": "cc.Mat4",
      "m00": 0.9945859909057617,
      "m01": 0.10391200333833694,
      "m02": -1.4334499809365298e-8,
      "m03": 0,
      "m04": 1.4901125666710868e-8,
      "m05": -2.80573345889934e-7,
      "m06": -1,
      "m07": 0,
      "m08": -0.10391200333833694,
      "m09": 0.9945859909057617,
      "m10": -2.806029897328699e-7,
      "m11": 0,
      "m12": 0.015445156954228878,
      "m13": -0.16411800682544708,
      "m14": 0.0007896847673691809,
      "m15": 1
    },
    {
      "__type__": "cc.Mat4",
      "m00": 0.9669250249862671,
      "m01": 0.25505900382995605,
      "m02": -1.4334400333382291e-8,
      "m03": 0,
      "m04": 5.771003230847782e-8,
      "m05": -2.7497816290633637e-7,
      "m06": -1,
      "m07": 0,
      "m08": -0.25505900382995605,
      "m09": 0.9669250249862671,
      "m10": -2.806029897328699e-7,
      "m11": 0,
      "m12": -0.846197247505188,
      "m13": -0.24379655718803406,
      "m14": 0.0007896847673691809,
      "m15": 1
    },
    {
      "__type__": "cc.Mat4",
      "m00": 0.974137008190155,
      "m01": 0.22595900297164917,
      "m02": -1.4334400333382291e-8,
      "m03": 0,
      "m04": 4.944110543192437e-8,
      "m05": -2.765847568753088e-7,
      "m06": -1,
      "m07": 0,
      "m08": -0.22595900297164917,
      "m09": 0.974137008190155,
      "m10": -2.806029897328699e-7,
      "m11": 0,
      "m12": -0.4253925681114197,
      "m13": -0.21832981705665588,
      "m14": 0.0007896847673691809,
      "m15": 1
    },
    {
      "__type__": "cc.Mat4",
      "m00": 0.9669259190559387,
      "m01": 0.25505900382995605,
      "m02": -1.433440388609597e-8,
      "m03": 0,
      "m04": 5.7710085599183e-8,
      "m05": -2.749781913280458e-7,
      "m06": -1,
      "m07": 0,
      "m08": -0.25505924224853516,
      "m09": 0.9669250249862671,
      "m10": -2.8060301815457933e-7,
      "m11": 0,
      "m12": -1.2338556051254272,
      "m13": -0.2437976747751236,
      "m14": 0.0007896847673691809,
      "m15": 1
    }
  ],
  "_hash": 3592082292
}