{
  "__type__": "cc.Skeleton",
  "_name": "Skin-3",
  "_objFlags": 0,
  "_native": "",
  "_joints": [
    "Baloni/joint3",
    "Baloni/joint3/joint6",
    "Baloni/joint3/joint5",
    "Baloni/joint3/joint4"
  ],
  "_bindposes": [
    {
      "__type__": "cc.Mat4",
      "m00": -0.004590820521116257,
      "m01": -0.00009078136645257473,
      "m02": 0.0006774862413294613,
      "m03": 0,
      "m04": -0.00006768901948817074,
      "m05": 0.004652520176023245,
      "m06": 0.00012863452138844877,
      "m07": 0,
      "m08": -0.0007690922357141972,
      "m09": 0.0001324112236034125,
      "m10": -0.004055332858115435,
      "m11": 0,
      "m12": 0.00012563943164423108,
      "m13": 0.000019899111066479236,
      "m14": -0.000025881416149786673,
      "m15": 1
    },
    {
      "__type__": "cc.Mat4",
      "m00": -0.004623679909855127,
      "m01": 5.662374927340136e-19,
      "m02": 0.000541580026037991,
      "m03": 0,
      "m04": 6.364330217922409e-19,
      "m05": 0.004655289929360151,
      "m06": 5.662374927340136e-19,
      "m07": 0,
      "m08": -0.000541580026037991,
      "m09": 6.364330217922409e-19,
      "m10": -0.004623679909855127,
      "m11": 0,
      "m12": 0.002389010041952133,
      "m13": -0.012627310119569302,
      "m14": -0.004321809858083725,
      "m15": 1
    },
    {
      "__type__": "cc.Mat4",
      "m00": -0.004623679909855127,
      "m01": 5.662374927340136e-19,
      "m02": 0.000541580026037991,
      "m03": 0,
      "m04": 6.364330217922409e-19,
      "m05": 0.004655289929360151,
      "m06": 5.662374927340136e-19,
      "m07": 0,
      "m08": -0.000541580026037991,
      "m09": 6.364330217922409e-19,
      "m10": -0.004623679909855127,
      "m11": 0,
      "m12": 0.003572189947590232,
      "m13": -0.010014520026743412,
      "m14": 0.003565340070053935,
      "m15": 1
    },
    {
      "__type__": "cc.Mat4",
      "m00": -0.004623679909855127,
      "m01": 5.662374927340136e-19,
      "m02": 0.000541580026037991,
      "m03": 0,
      "m04": 6.364330217922409e-19,
      "m05": 0.004655289929360151,
      "m06": 5.662374927340136e-19,
      "m07": 0,
      "m08": -0.000541580026037991,
      "m09": 6.364330217922409e-19,
      "m10": -0.004623679909855127,
      "m11": 0,
      "m12": -0.003099380061030388,
      "m13": -0.007239509839564562,
      "m14": -0.0010088799754157662,
      "m15": 1
    }
  ],
  "_hash": 503587249
}