{
  "__type__": "cc.Skeleton",
  "_name": "Skin-0",
  "_objFlags": 0,
  "_native": "",
  "_joints": [
    "Circle001/Circle002/Bone001/Bone002/Bone003/Bone004/Bone005",
    "Circle001/Circle002/Bone001/Bone002/Bone003/Bone004",
    "Circle001/Circle002/Bone001/Bone002/Bone003",
    "Circle001/Circle002/Bone001/Bone002/Bone003/Bone004/Bone005/Bone024(mirrored)",
    "Circle001/Circle002/Bone001/Bone002",
    "Circle001/Circle002/Bone001/Bone002/Bone012(mirrored)/Bone013(mirrored)",
    "Circle001/Circle002/Bone001",
    "Circle001/Circle002/Bone001/Bone007(mirrored)/Bone008(mirrored)",
    "Circle001/Circle002/Bone001/Bone002/Bone012(mirrored)/Bone013(mirrored)/Bone014(mirrored)",
    "Circle001/Circle002/Bone001/Bone002/Bone012(mirrored)/Bone013(mirrored)/Bone014(mirrored)/Bone015(mirrored)",
    "Circle001/Circle002/Bone001/Bone007(mirrored)/Bone008(mirrored)/Bone009(mirrored)",
    "Circle001/Circle002/Bone001/Bone007(mirrored)/Bone008(mirrored)/Bone009(mirrored)/Bone010(mirrored)",
    "Circle001/Circle002/Bone001/Bone017",
    "Circle001/Circle002/Bone001/Bone017/Bone018",
    "Circle001/Circle002/Bone001/Bone017/Bone018/Bone022",
    "Circle001/Circle002/Bone001/Bone017/Bone018/Bone022/Bone019",
    "Circle001/Circle002/Bone001/Bone017/Bone018/Bone022/Bone019/Bone023",
    "Circle001/Circle002/Bone001/Bone017/Bone018/Bone022/Bone019/Bone023/Bone020",
    "Circle001/Circle002/Bone001/Bone007/Bone008",
    "Circle001/Circle002/Bone001/Bone002/Bone003/Bone004/Bone005/Bone024",
    "Circle001/Circle002/Bone001/Bone002/Bone012/Bone013",
    "Circle001/Circle002/Bone001/Bone002/Bone012/Bone013/Bone014",
    "Circle001/Circle002/Bone001/Bone002/Bone012/Bone013/Bone014/Bone015",
    "Circle001/Circle002/Bone001/Bone007/Bone008/Bone009",
    "Circle001/Circle002/Bone001/Bone007/Bone008/Bone009/Bone010",
    "Circle001/Circle002/Bone001/Bone028",
    "Circle001/Circle002/Bone001/Bone028(mirrored)",
    "Circle001/Circle002/Bone001/Bone030(mirrored)",
    "Circle001/Circle002/Bone001/Bone030",
    "Circle001/Circle002/Bone001/Bone026"
  ],
  "_bindposes": [
    {
      "__type__": "cc.Mat4",
      "m00": -3.497401124263888e-8,
      "m01": -3.724905184299132e-7,
      "m02": 1,
      "m03": 0,
      "m04": -0.5819309949874878,
      "m05": 0.8132380247116089,
      "m06": 2.825710510023782e-7,
      "m07": 0,
      "m08": -0.8132380247116089,
      "m09": -0.5819309949874878,
      "m10": -2.4520602437405614e-7,
      "m11": 0,
      "m12": 0.2705526351928711,
      "m13": 0.5090958476066589,
      "m14": 1.6826203363962122e-7,
      "m15": 1
    },
    {
      "__type__": "cc.Mat4",
      "m00": 5.429658926914271e-7,
      "m01": -7.80599407335103e-8,
      "m02": 1,
      "m03": 0,
      "m04": -0.8566200137138367,
      "m05": -0.515949010848999,
      "m06": 4.2484001028242346e-7,
      "m07": 0,
      "m08": 0.515949010848999,
      "m09": -0.8566200137138367,
      "m10": -3.4701000117820513e-7,
      "m11": 0,
      "m12": -0.4127865433692932,
      "m13": 0.30987903475761414,
      "m14": 2.5904500944307074e-7,
      "m15": 1
    },
    {
      "__type__": "cc.Mat4",
      "m00": 5.129950864102284e-7,
      "m01": 1.942699583423746e-7,
      "m02": 1,
      "m03": 0,
      "m04": -0.5002480149269104,
      "m05": -0.8658819794654846,
      "m06": 4.248397544870386e-7,
      "m07": 0,
      "m08": 0.8658819794654846,
      "m09": -0.5002480149269104,
      "m10": -3.470101432867523e-7,
      "m11": 0,
      "m12": -0.41446617245674133,
      "m13": 0.07159300893545151,
      "m14": 2.6163201027884497e-7,
      "m15": 1
    },
    {
      "__type__": "cc.Mat4",
      "m00": 0.14067181944847107,
      "m01": -0.17422570288181305,
      "m02": 0.9746060967445374,
      "m03": 0,
      "m04": -0.7780487537384033,
      "m05": -0.6282039880752563,
      "m06": 2.688260849481594e-7,
      "m07": 0,
      "m08": 0.612251341342926,
      "m09": -0.7582910656929016,
      "m10": -0.22392667829990387,
      "m11": 0,
      "m12": -0.5562077164649963,
      "m13": 0.2642362117767334,
      "m14": 0.09642791748046875,
      "m15": 1
    },
    {
      "__type__": "cc.Mat4",
      "m00": -4.4562642642631545e-7,
      "m01": 1.749765061731523e-7,
      "m02": 1,
      "m03": 0,
      "m04": -0.9634289741516113,
      "m05": -0.2679649889469147,
      "m06": -3.824415841791051e-7,
      "m07": 0,
      "m08": 0.2679649889469147,
      "m09": -0.9634289741516113,
      "m10": 2.8798953621844703e-7,
      "m11": 0,
      "m12": -0.09677612036466599,
      "m13": 0.3413114547729492,
      "m14": -1.0114253967685727e-7,
      "m15": 1
    },
    {
      "__type__": "cc.Mat4",
      "m00": 0.000001467764832341345,
      "m01": -5.08471700300106e-8,
      "m02": -1,
      "m03": 0,
      "m04": 0.1499328464269638,
      "m05": -0.9886969923973083,
      "m06": 2.703386030589172e-7,
      "m07": 0,
      "m08": -0.9886960387229919,
      "m09": -0.14993299543857574,
      "m10": -0.0000014435501043408294,
      "m11": 0,
      "m12": 0.30061817169189453,
      "m13": -0.09490060061216354,
      "m14": 0.08054420351982117,
      "m15": 1
    },
    {
      "__type__": "cc.Mat4",
      "m00": 5.3951143189903245e-18,
      "m01": 1.2222656312121992e-16,
      "m02": 1,
      "m03": 0,
      "m04": -0.9961109757423401,
      "m05": 0.08810889720916748,
      "m06": -5.395113491809712e-18,
      "m07": 0,
      "m08": -0.08810889720916748,
      "m09": -0.9961109757423401,
      "m10": 1.2222653665144032e-16,
      "m11": 0,
      "m12": 0.1793435662984848,
      "m13": 0.3535391390323639,
      "m14": 6.450060041629513e-9,
      "m15": 1
    },
    {
      "__type__": "cc.Mat4",
      "m00": 0.00010144727275473997,
      "m01": -0.0003299167728982866,
      "m02": -1,
      "m03": 0,
      "m04": 0.5935384631156921,
      "m05": -0.8048059940338135,
      "m06": 0.0003257317584939301,
      "m07": 0,
      "m08": -0.804806649684906,
      "m09": -0.5935379862785339,
      "m10": 0.00011417281348258257,
      "m11": 0,
      "m12": 0.1597110778093338,
      "m13": 0.24791869521141052,
      "m14": 0.06854599714279175,
      "m15": 1
    },
    {
      "__type__": "cc.Mat4",
      "m00": -2.7753492304327665e-7,
      "m01": -0.000001023440177050361,
      "m02": -1,
      "m03": 0,
      "m04": 0.20215603709220886,
      "m05": -0.9793530106544495,
      "m06": 9.462044658903324e-7,
      "m07": 0,
      "m08": -0.9793531894683838,
      "m09": -0.20215600728988647,
      "m10": 4.786994622918428e-7,
      "m11": 0,
      "m12": 0.16376323997974396,
      "m13": -0.08633586019277573,
      "m14": 0.08054398000240326,
      "m15": 1
    },
    {
      "__type__": "cc.Mat4",
      "m00": -0.0000011846453844555072,
      "m01": -0.0000038229663914535195,
      "m02": -1,
      "m03": 0,
      "m04": -0.5468909740447998,
      "m05": -0.8372039794921875,
      "m06": 0.000003848473625112092,
      "m07": 0,
      "m08": -0.8372039794921875,
      "m09": 0.5468909740447998,
      "m10": -0.0000010989557495122426,
      "m11": 0,
      "m12": -0.0012921399902552366,
      "m13": -0.12042514234781265,
      "m14": 0.08054441958665848,
      "m15": 1
    },
    {
      "__type__": "cc.Mat4",
      "m00": -0.00010764277249109,
      "m01": -0.00033592802355997264,
      "m02": -1,
      "m03": 0,
      "m04": 0.03705023601651192,
      "m05": -0.99931401014328,
      "m06": 0.00033170898677781224,
      "m07": 0,
      "m08": -0.99931401014328,
      "m09": -0.03705019876360893,
      "m10": 0.00012001499999314547,
      "m11": 0,
      "m12": 0.17187443375587463,
      "m13": 0.18287600576877594,
      "m14": 0.06854388862848282,
      "m15": 1
    },
    {
      "__type__": "cc.Mat4",
      "m00": 0.0014724440407007933,
      "m01": 0.0000906259156181477,
      "m02": -0.9999989867210388,
      "m03": 0,
      "m04": -0.389863520860672,
      "m05": -0.9208729863166809,
      "m06": -0.0006575071020051837,
      "m07": 0,
      "m08": -0.9208722114562988,