{
  "__type__": "cc.Skeleton",
  "_name": "Skin-0",
  "_objFlags": 0,
  "_native": "",
  "_joints": [
    "Plavi_tepih/transform756/Plavi_tepih1"
  ],
  "_bindposes": [
    {
      "__type__": "cc.Mat4",
      "m00": 0.991813600063324,
      "m01": -0.1276911497116089,
      "m02": 0,
      "m03": 0,
      "m04": 0.1361086368560791,
      "m05": 1.0571945905685425,
      "m06": 0,
      "m07": 0,
      "m08": 0,
      "m09": 0,
      "m10": 0.9590709805488586,
      "m11": 0,
      "m12": -0.0025533572770655155,
      "m13": -0.006298375315964222,
      "m14": -0.04079126939177513,
      "m15": 1
    }
  ],
  "_hash": 729078947
}