{
  "__type__": "cc.Skeleton",
  "_name": "Skin-0",
  "_objFlags": 0,
  "_native": "",
  "_joints": [
    "NOVA_Rodjendanska_proslava_9:Ljuljaska/NOVA_Rodjendanska_proslava_9:joint1"
  ],
  "_bindposes": [
    {
      "__type__": "cc.Mat4",
      "m00": 0.9996824860572815,
      "m01": 0.025198686867952347,
      "m02": 0,
      "m03": 0,
      "m04": -0.025198686867952347,
      "m05": 0.9996824860572815,
      "m06": 0,
      "m07": 0,
      "m08": 0,
      "m09": 0,
      "m10": 1,
      "m11": 0,
      "m12": 0.0007474679150618613,
      "m13": -0.015891503542661667,
      "m14": -0.01080822478979826,
      "m15": 1
    }
  ],
  "_hash": 1664189751
}