{
  "__type__": "cc.Skeleton",
  "_name": "Skin-2",
  "_objFlags": 0,
  "_native": "",
  "_joints": [
    "NOVA_Rodjendanska_proslava_9:Zuta_ruza/NOVA_Rodjendanska_proslava_9:joint7"
  ],
  "_bindposes": [
    {
      "__type__": "cc.Mat4",
      "m00": 0.0017452372703701258,
      "m01": 1.0183352772141774e-10,
      "m02": -0.003332531778141856,
      "m03": 0,
      "m04": -4.7243493839221884e-11,
      "m05": 0.0037618624046444893,
      "m06": 9.021148411614277e-11,
      "m07": 0,
      "m08": 0.0033325310796499252,
      "m09": -7.468177004606429e-26,
      "m10": 0.0017452370375394821,
      "m11": 0,
      "m12": -0.00017443910473957658,
      "m13": 0.00006887895870022476,
      "m14": 0.00025453793932683766,
      "m15": 1
    }
  ],
  "_hash": 1020752119
}