{
  "__type__": "cc.Skeleton",
  "_name": "Skin-5",
  "_objFlags": 0,
  "_native": "",
  "_joints": [
    "NOVA_Rodjendanska_proslava_9:Suncobran/NOVA_Rodjendanska_proslava_9:joint11",
    "NOVA_Rodjendanska_proslava_9:Suncobran/NOVA_Rodjendanska_proslava_9:joint11/NOVA_Rodjendanska_proslava_9:joint10"
  ],
  "_bindposes": [
    {
      "__type__": "cc.Mat4",
      "m00": 0.9940947890281677,
      "m01": 0,
      "m02": 0.10851521044969559,
      "m03": 0,
      "m04": 0,
      "m05": 1,
      "m06": 0,
      "m07": 0,
      "m08": -0.10851521044969559,
      "m09": 0,
      "m10": 0.9940947890281677,
      "m11": 0,
      "m12": -0.26702964305877686,
      "m13": -0.022476600483059883,
      "m14": 0.22597476840019226,
      "m15": 1
    },
    {
      "__type__": "cc.Mat4",
      "m00": 0.9940947890281677,
      "m01": 0,
      "m02": 0.10851521044969559,
      "m03": 0,
      "m04": 0,
      "m05": 1,
      "m06": 0,
      "m07": 0,
      "m08": -0.10851521044969559,
      "m09": 0,
      "m10": 0.9940947890281677,
      "m11": 0,
      "m12": -0.2713698148727417,
      "m13": -0.033508237451314926,
      "m14": 0.23042362928390503,
      "m15": 1
    }
  ],
  "_hash": 3514898584
}