{
  "__type__": "cc.Skeleton",
  "_name": "Skin-4",
  "_objFlags": 0,
  "_native": "",
  "_joints": [
    "NOVA_Rodjendanska_proslava_9:Klackalica/joint4",
    "NOVA_Rodjendanska_proslava_9:Klackalica/joint4/joint5"
  ],
  "_bindposes": [
    {
      "__type__": "cc.Mat4",
      "m00": 0.8102519512176514,
      "m01": 0,
      "m02": -0.5860816836357117,
      "m03": 0,
      "m04": 0,
      "m05": 1,
      "m06": 0,
      "m07": 0,
      "m08": 0.5860816836357117,
      "m09": 0,
      "m10": 0.8102519512176514,
      "m11": 0,
      "m12": 0.04769360274076462,
      "m13": 0.014917190186679363,
      "m14": -0.17266811430454254,
      "m15": 1
    },
    {
      "__type__": "cc.Mat4",
      "m00": 0.5833413600921631,
      "m01": 0,
      "m02": 0.8122270703315735,
      "m03": 0,
      "m04": 0,
      "m05": 1,
      "m06": 0,
      "m07": 0,
      "m08": -0.8122270703315735,
      "m09": 0,
      "m10": 0.5833413600921631,
      "m11": 0,
      "m12": 0.1725056767463684,
      "m13": 0.007783879060298204,
      "m14": 0.047960471361875534,
      "m15": 1
    }
  ],
  "_hash": 2944929907
}