{
  "__type__": "cc.Skeleton",
  "_name": "Skin-4",
  "_objFlags": 0,
  "_native": "",
  "_joints": [
    "NOVA_Rodjendanska_proslava_9:Klackalica/NOVA_Rodjendanska_proslava_9:joint8",
    "NOVA_Rodjendanska_proslava_9:Klackalica/NOVA_Rodjendanska_proslava_9:joint9"
  ],
  "_bindposes": [
    {
      "__type__": "cc.Mat4",
      "m00": -0.0023332422133535147,
      "m01": 2.857411674027413e-19,
      "m02": -0.004791583400219679,
      "m03": 0,
      "m04": 6.587252808066036e-20,
      "m05": 0.005329432897269726,
      "m06": 2.8574333875184926e-19,
      "m07": 0,
      "m08": 0.004791583400219679,
      "m09": 6.587376885157919e-20,
      "m10": -0.0023332422133535147,
      "m11": 0,
      "m12": -0.00010182827099924907,
      "m13": -0.0009075761190615594,
      "m14": -0.00020520815451163799,
      "m15": 1
    },
    {
      "__type__": "cc.Mat4",
      "m00": -0.0023332422133535147,
      "m01": 2.857411674027413e-19,
      "m02": -0.004791583400219679,
      "m03": 0,
      "m04": 6.587252808066036e-20,
      "m05": 0.005329432897269726,
      "m06": 2.8574333875184926e-19,
      "m07": 0,
      "m08": 0.004791583400219679,
      "m09": 6.587376885157919e-20,
      "m10": -0.0023332422133535147,
      "m11": 0,
      "m12": -0.000006308271167654311,
      "m13": -0.0072106122970581055,
      "m14": 0.000026061848984682,
      "m15": 1
    }
  ],
  "_hash": 282526363
}