{
  "__type__": "cc.Skeleton",
  "_name": "Skin-3",
  "_objFlags": 0,
  "_native": "",
  "_joints": [
    "NOVA_Rodjendanska_proslava_9:Baloni/NOVA_Rodjendanska_proslava_9:joint3",
    "NOVA_Rodjendanska_proslava_9:Baloni/NOVA_Rodjendanska_proslava_9:joint3/NOVA_Rodjendanska_proslava_9:joint6",
    "NOVA_Rodjendanska_proslava_9:Baloni/NOVA_Rodjendanska_proslava_9:joint3/NOVA_Rodjendanska_proslava_9:joint5",
    "NOVA_Rodjendanska_proslava_9:Baloni/NOVA_Rodjendanska_proslava_9:joint3/NOVA_Rodjendanska_proslava_9:joint4"
  ],
  "_bindposes": [
    {
      "__type__": "cc.Mat4",
      "m00": -0.004623647313565016,
      "m01": 5.662335119273157e-19,
      "m02": 0.0005415799096226692,
      "m03": 0,
      "m04": 6.36429040985543e-19,
      "m05": 0.00465525733307004,
      "m06": 5.662329949394328e-19,
      "m07": 0,
      "m08": -0.0005415799096226692,
      "m09": 6.364285756964484e-19,
      "m10": -0.004623647313565016,
      "m11": 0,
      "m12": 0.00012726012209895998,
      "m13": 0.00001712615085125435,
      "m14": -0.00002368411878705956,
      "m15": 1
    },
    {
      "__type__": "cc.Mat4",
      "m00": -0.004623647313565016,
      "m01": 5.662335119273157e-19,
      "m02": 0.0005415799096226692,
      "m03": 0,
      "m04": 6.36429040985543e-19,
      "m05": 0.00465525733307004,
      "m06": 5.662329949394328e-19,
      "m07": 0,
      "m08": -0.0005415799096226692,
      "m09": 6.364285756964484e-19,
      "m10": -0.004623647313565016,
      "m11": 0,
      "m12": 0.0023890200536698103,
      "m13": -0.01262732408940792,
      "m14": -0.00432186434045434,
      "m15": 1
    },
    {
      "__type__": "cc.Mat4",
      "m00": -0.004623647313565016,
      "m01": 5.662335119273157e-19,
      "m02": 0.0005415799096226692,
      "m03": 0,
      "m04": 6.36429040985543e-19,
      "m05": 0.00465525733307004,
      "m06": 5.662329949394328e-19,
      "m07": 0,
      "m08": -0.0005415799096226692,
      "m09": 6.364285756964484e-19,
      "m10": -0.004623647313565016,
      "m11": 0,
      "m12": 0.0035722001921385527,
      "m13": -0.010014544241130352,
      "m14": 0.0035652858205139637,
      "m15": 1
    },
    {
      "__type__": "cc.Mat4",
      "m00": -0.004623647313565016,
      "m01": 5.662335119273157e-19,
      "m02": 0.0005415799096226692,
      "m03": 0,
      "m04": 6.36429040985543e-19,
      "m05": 0.00465525733307004,
      "m06": 5.662329949394328e-19,
      "m07": 0,
      "m08": -0.0005415799096226692,
      "m09": 6.364285756964484e-19,
      "m10": -0.004623647313565016,
      "m11": 0,
      "m12": -0.003099369816482067,
      "m13": -0.007239534053951502,
      "m14": -0.0010089341085404158,
      "m15": 1
    }
  ],
  "_hash": 1270274745
}