{
  "__type__": "cc.Skeleton",
  "_name": "Skin-2",
  "_objFlags": 0,
  "_native": "",
  "_joints": [
    "NOVA_Rodjendanska_proslava_9:Zuta_ruza/NOVA_Rodjendanska_proslava_9:joint7"
  ],
  "_bindposes": [
    {
      "__type__": "cc.Mat4",
      "m00": 0.0017452614847570658,
      "m01": 1.0184293686155144e-10,
      "m02": -0.0033325187396258116,
      "m03": 0,
      "m04": -1.4253226376936823e-9,
      "m05": 0.00376183376647532,
      "m06": -6.314860301337433e-10,
      "m07": 0,
      "m08": 0.0033325187396258116,
      "m09": 1.5556085308787715e-9,
      "m10": 0.0017452614847570658,
      "m11": 0,
      "m12": -0.0001745417102938518,
      "m13": 0.00006892319652251899,
      "m14": 0.00025454917340539396,
      "m15": 1
    }
  ],
  "_hash": 2547387175
}