{
  "__type__": "cc.Skeleton",
  "_name": "Skin-1",
  "_objFlags": 0,
  "_native": "",
  "_joints": [
    "group1/ANIM_scena/ANIM_anim2_leptir/ANIM_anim2_joint2"
  ],
  "_bindposes": [
    {
      "__type__": "cc.Mat4",
      "m00": -0.0007982857059687376,
      "m01": 9.776347493361933e-20,
      "m02": -0.000638440134935081,
      "m03": 0,
      "m04": 4.699556210620989e-20,
      "m05": 0.001022208365611732,
      "m06": 9.776196920641054e-20,
      "m07": 0,
      "m08": 0.000638440134935081,
      "m09": 4.6996153411100895e-20,
      "m10": -0.0007982857059687376,
      "m11": 0,
      "m12": -0.000171600840985775,
      "m13": -0.00001770105882314965,
      "m14": 0.0002174785768147558,
      "m15": 1
    }
  ],
  "_hash": 228851023
}