{
  "__type__": "cc.Skeleton",
  "_name": "Skin-2",
  "_objFlags": 0,
  "_native": "",
  "_joints": [
    "group1/ANIM_scena/ANIM_Krojac/ANIM_transform25/ANIM_joint3",
    "group1/ANIM_scena/ANIM_Krojac/ANIM_transform25/ANIM_joint3/ANIM_joint2",
    "group1/ANIM_scena/ANIM_Krojac/ANIM_transform25/ANIM_joint3/ANIM_joint4",
    "group1/ANIM_scena/ANIM_Krojac/ANIM_transform25/ANIM_joint3/ANIM_joint5"
  ],
  "_bindposes": [
    {
      "__type__": "cc.Mat4",
      "m00": -0.0019852921832352877,
      "m01": -3.663356840100107e-10,
      "m02": 0.0005057143280282617,
      "m03": 0,
      "m04": -3.5499728157084576e-10,
      "m05": 0.0020487045403569937,
      "m06": 9.042914334012053e-11,
      "m07": 0,
      "m08": -0.0005057143280282617,
      "m09": 5.153685676087289e-16,
      "m10": -0.0019852921832352877,
      "m11": 0,
      "m12": -0.0008829045109450817,
      "m13": -0.020072128623723984,
      "m14": -0.0018582525663077831,
      "m15": 1
    },
    {
      "__type__": "cc.Mat4",
      "m00": -0.001692677615210414,
      "m01": -0.00021746393758803606,
      "m02": -0.0011334475129842758,
      "m03": 0,
      "m04": -0.000012846531717514154,
      "m05": 0.0020154337398707867,
      "m06": -0.0003674941835924983,
      "m07": 0,
      "m08": 0.0011540495324879885,
      "m09": -0.00029652545345015824,
      "m10": -0.0016665508737787604,
      "m11": 0,
      "m12": 0.0007828755769878626,
      "m13": -0.029275469481945038,
      "m14": 0.003600479569286108,
      "m15": 1
    },
    {
      "__type__": "cc.Mat4",
      "m00": -0.0019852921832352877,
      "m01": -3.663356840100107e-10,
      "m02": 0.0005057143280282617,
      "m03": 0,
      "m04": -3.5499728157084576e-10,
      "m05": 0.0020487045403569937,
      "m06": 9.042914334012053e-11,
      "m07": 0,
      "m08": -0.0005057143280282617,
      "m09": 5.153685676087289e-16,
      "m10": -0.0019852921832352877,
      "m11": 0,
      "m12": 0.009381595067679882,
      "m13": -0.020026380196213722,
      "m14": -0.005470782518386841,
      "m15": 1
    },
    {
      "__type__": "cc.Mat4",
      "m00": -0.0019852921832352877,
      "m01": -3.663356840100107e-10,
      "m02": 0.0005057143280282617,
      "m03": 0,
      "m04": -3.5499728157084576e-10,
      "m05": 0.0020487045403569937,
      "m06": 9.042914334012053e-11,
      "m07": 0,
      "m08": -0.0005057143280282617,
      "m09": 5.153685676087289e-16,
      "m10": -0.0019852921832352877,
      "m11": 0,
      "m12": -0.01155538484454155,
      "m13": -0.008720869198441505,
      "m14": 0.003375307423993945,
      "m15": 1
    }
  ],
  "_hash": 1690603788
}