{
  "__type__": "cc.Skeleton",
  "_name": "Skin-2",
  "_objFlags": 0,
  "_native": "",
  "_joints": [
    "NOVA_Rodjendanska_proslava_9:Zuta_ruza/NOVA_Rodjendanska_proslava_9:joint7"
  ],
  "_bindposes": [
    {
      "__type__": "cc.Mat4",
      "m00": 0.001745249261148274,
      "m01": 1.018366571625684e-10,
      "m02": -0.003332525258883834,
      "m03": 0,
      "m04": -7.362817022738e-10,
      "m05": 0.0037618486676365137,
      "m06": -2.7063520868786384e-10,
      "m07": 0,
      "m08": 0.003332525258883834,
      "m09": 7.778052646401079e-10,
      "m10": 0.001745249261148274,
      "m11": 0,
      "m12": -0.00017448120343033224,
      "m13": 0.00006889851647429168,
      "m14": 0.00025454393471591175,
      "m15": 1
    }
  ],
  "_hash": 2825516091
}