{
  "__type__": "cc.Skeleton",
  "_name": "Skin-6",
  "_objFlags": 0,
  "_native": "",
  "_joints": [
    "Jezerce/KOREKCIJE_Grad_nevidljivih_ljudi_samo_anim:transform80/KOREKCIJE_Grad_nevidljivih_ljudi_samo_anim:joint6"
  ],
  "_bindposes": [
    {
      "__type__": "cc.Mat4",
      "m00": 5.205150127410889,
      "m01": 0,
      "m02": 0,
      "m03": 0,
      "m04": 0,
      "m05": 1,
      "m06": -0.0001586177240824327,
      "m07": 0,
      "m08": 0,
      "m09": 0.0022918267641216516,
      "m10": 14.448741912841797,
      "m11": 0,
      "m12": 0.0004787170619238168,
      "m13": -0.0009247002308256924,
      "m14": -0.003493882017210126,
      "m15": 1
    }
  ],
  "_hash": 320870298
}