{
  "__type__": "cc.Skeleton",
  "_name": "Skin-14",
  "_objFlags": 0,
  "_native": "",
  "_joints": [
    "Objekti_iz_jezerca/KOREKCIJE_Grad_nevidljivih_ljudi_samo_anim:transform88/KOREKCIJE_Grad_nevidljivih_ljudi_samo_anim:joint14"
  ],
  "_bindposes": [
    {
      "__type__": "cc.Mat4",
      "m00": 0.0022262358106672764,
      "m01": 0.00005873330155736767,
      "m02": -0.0008178672287613153,
      "m03": 0,
      "m04": -0.00007601945981150493,
      "m05": 0.002349440474063158,
      "m06": -0.000033955071558011696,
      "m07": 0,
      "m08": 0.0008250316022895277,
      "m09": 0.000057996599934995174,
      "m10": 0.002203775104135275,
      "m11": 0,
      "m12": 0.00004039070336148143,
      "m13": -0.001059903297573328,
      "m14": 0.00028717354871332645,
      "m15": 1
    }
  ],
  "_hash": 521980748
}