{
  "__type__": "cc.Skeleton",
  "_name": "Skin-13",
  "_objFlags": 0,
  "_native": "",
  "_joints": [
    "Objekti_iz_jezerca/KOREKCIJE_Grad_nevidljivih_ljudi_samo_anim:transform86/KOREKCIJE_Grad_nevidljivih_ljudi_samo_anim:joint12"
  ],
  "_bindposes": [
    {
      "__type__": "cc.Mat4",
      "m00": -0.00048340781359001994,
      "m01": 0.00010519458737690002,
      "m02": -0.0023632352240383625,
      "m03": 0,
      "m04": 0.00011126474419143051,
      "m05": 0.0024104155600070953,
      "m06": 0.00008453515329165384,
      "m07": 0,
      "m08": 0.0023629572242498398,
      "m09": -0.0000919789745239541,
      "m10": -0.00048744521336629987,
      "m11": 0,
      "m12": 0.00012608383258339018,
      "m13": -0.001076959539204836,
      "m14": 0.000016931746358750388,
      "m15": 1
    }
  ],
  "_hash": 1247821892
}