{
  "__type__": "cc.Skeleton",
  "_name": "Skin-10",
  "_objFlags": 0,
  "_native": "",
  "_joints": [
    "Objekti_iz_jezerca/KOREKCIJE_Grad_nevidljivih_ljudi_samo_anim:transform84/KOREKCIJE_Grad_nevidljivih_ljudi_samo_anim:joint10"
  ],
  "_bindposes": [
    {
      "__type__": "cc.Mat4",
      "m00": 0.0011771745048463345,
      "m01": -0.00003848235064651817,
      "m02": 0.0017389716813340783,
      "m03": 0,
      "m04": 0.0000801900532678701,
      "m05": 0.002116448013111949,
      "m06": -0.0000072686616476858035,
      "m07": 0,
      "m08": -0.0017588823102414608,
      "m09": 0.00007073676533764228,
      "m10": 0.0011635174741968513,
      "m11": 0,
      "m12": -0.000030381952456082217,
      "m13": -0.0010689925402402878,
      "m14": -0.0001758942089509219,
      "m15": 1
    }
  ],
  "_hash": 3459644582
}