{
  "__type__": "cc.Skeleton",
  "_name": "Skin-12",
  "_objFlags": 0,
  "_native": "",
  "_joints": [
    "Objekti_iz_jezerca/KOREKCIJE_Grad_nevidljivih_ljudi_samo_anim:transform87/KOREKCIJE_Grad_nevidljivih_ljudi_samo_anim:joint13"
  ],
  "_bindposes": [
    {
      "__type__": "cc.Mat4",
      "m00": 0.0020805338863283396,
      "m01": 0.000003962970822612988,
      "m02": -0.0008415387710556388,
      "m03": 0,
      "m04": 0.000059498979680938646,
      "m05": 0.0023435004986822605,
      "m06": 0.0001757889403961599,
      "m07": 0,
      "m08": 0.0007930898573249578,
      "m09": -0.00018620963965076953,
      "m10": 0.002194443251937628,
      "m11": 0,
      "m12": 0.00012835072993766516,
      "m13": -0.0010934309102594852,
      "m14": 0.00023688291548751295,
      "m15": 1
    }
  ],
  "_hash": 1703411002
}