{
  "__type__": "cc.Skeleton",
  "_name": "Skin-7",
  "_objFlags": 0,
  "_native": "",
  "_joints": [
    "Objekti_iz_jezerca/KOREKCIJE_Grad_nevidljivih_ljudi_samo_anim:transform81/KOREKCIJE_Grad_nevidljivih_ljudi_samo_anim:joint7"
  ],
  "_bindposes": [
    {
      "__type__": "cc.Mat4",
      "m00": 0.00199711206369102,
      "m01": -5.666146806309892e-22,
      "m02": -1.404603732668472e-20,
      "m03": 0,
      "m04": -2.0712522536261905e-39,
      "m05": 0.001995365833863616,
      "m06": -0.00008661306492285803,
      "m07": 0,
      "m08": 1.3552527156068805e-20,
      "m09": 0.00008349683048436418,
      "m10": 0.0020698360167443752,
      "m11": 0,
      "m12": -0.0007952461019158363,
      "m13": -0.00016480595513712615,
      "m14": 0.00006766484148101881,
      "m15": 1
    }
  ],
  "_hash": 4023603964
}