{
  "__type__": "cc.Skeleton",
  "_name": "Skin-2",
  "_objFlags": 0,
  "_native": "",
  "_joints": [
    "Znak_na_stali/KOREKCIJE_Grad_nevidljivih_ljudi_samo_anim:joint3"
  ],
  "_bindposes": [
    {
      "__type__": "cc.Mat4",
      "m00": 0.9856917262077332,
      "m01": -0.16855813562870026,
      "m02": 0,
      "m03": 0,
      "m04": 0.16855813562870026,
      "m05": 0.9856917262077332,
      "m06": 0,
      "m07": 0,
      "m08": 0,
      "m09": 0,
      "m10": 1,
      "m11": 0,
      "m12": -0.0008023025584407151,
      "m13": -0.004220239818096161,
      "m14": -0.0002295296435477212,
      "m15": 1
    }
  ],
  "_hash": 1925097000
}