{
  "__type__": "cc.Skeleton",
  "_name": "Skin-17",
  "_objFlags": 0,
  "_native": "",
  "_joints": [
    "Crveni_fenjer_anim/KOREKCIJE_Grad_nevidljivih_ljudi_samo_anim:Crveni_fenjer/KOREKCIJE_Grad_nevidljivih_ljudi_samo_anim:joint19"
  ],
  "_bindposes": [
    {
      "__type__": "cc.Mat4",
      "m00": 0.9338669776916504,
      "m01": -0.1377614438533783,
      "m02": 0.3300216495990753,
      "m03": 0,
      "m04": 0.25718533992767334,
      "m05": 0.8999339938163757,
      "m06": -0.352100133895874,
      "m07": 0,
      "m08": -0.24849186837673187,
      "m09": 0.4136914014816284,
      "m10": 0.8758488297462463,
      "m11": 0,
      "m12": -0.0017751908162608743,
      "m13": -0.0009928264189511538,
      "m14": 0.0015768517041578889,
      "m15": 1
    }
  ],
  "_hash": 2663386528
}