{
  "__type__": "cc.Skeleton",
  "_name": "Skin-16",
  "_objFlags": 0,
  "_native": "",
  "_joints": [
    "Objekti_iz_jezerca/KOREKCIJE_Grad_nevidljivih_ljudi_samo_anim:transform91/KOREKCIJE_Grad_nevidljivih_ljudi_samo_anim:joint17"
  ],
  "_bindposes": [
    {
      "__type__": "cc.Mat4",
      "m00": 0.002327060094103217,
      "m01": -0.00004501497096498497,
      "m02": -0.000813800492323935,
      "m03": 0,
      "m04": -0.00004111921589355916,
      "m05": 0.0022672342602163553,
      "m06": -0.000223716750042513,
      "m07": 0,
      "m08": 0.0008904230198822916,
      "m09": 0.00022234312200453132,
      "m10": 0.0021164813078939915,
      "m11": 0,
      "m12": 0.00012120649626012892,
      "m13": -0.0009115274297073483,
      "m14": 0.0004021695931442082,
      "m15": 1
    }
  ],
  "_hash": 1579454509
}