{
  "__type__": "cc.Skeleton",
  "_name": "Skin-18",
  "_objFlags": 0,
  "_native": "",
  "_joints": [
    "Vetrenjaca/KOREKCIJE_Grad_nevidljivih_ljudi_samo_anim:Vetrenjaca_elisa/KOREKCIJE_Grad_nevidljivih_ljudi_samo_anim:joint20"
  ],
  "_bindposes": [
    {
      "__type__": "cc.Mat4",
      "m00": -0.0998879000544548,
      "m01": -0.27815747261047363,
      "m02": -0.955327570438385,
      "m03": 0,
      "m04": 0.000983191654086113,
      "m05": -0.9601566195487976,
      "m06": 0.27946072816848755,
      "m07": 0,
      "m08": -0.9949982166290283,
      "m09": 0.026975475251674652,
      "m10": 0.09618151187896729,
      "m11": 0,
      "m12": 0.33737266063690186,
      "m13": 0.11372438818216324,
      "m14": -0.009631579741835594,
      "m15": 1
    }
  ],
  "_hash": 1235805980
}