{
  "__type__": "cc.Skeleton",
  "_name": "Skin-15",
  "_objFlags": 0,
  "_native": "",
  "_joints": [
    "Objekti_iz_jezerca/KOREKCIJE_Grad_nevidljivih_ljudi_samo_anim:transform90/KOREKCIJE_Grad_nevidljivih_ljudi_samo_anim:joint16"
  ],
  "_bindposes": [
    {
      "__type__": "cc.Mat4",
      "m00": 0.0020462966058403254,
      "m01": 0.0000519733403052669,
      "m02": -0.0008467399165965617,
      "m03": 0,
      "m04": -0.00009834655065787956,
      "m05": 0.0022106394171714783,
      "m06": -0.00010198159725405276,
      "m07": 0,
      "m08": 0.0008426136337220669,
      "m09": 0.0001317993301199749,
      "m10": 0.0020444144029170275,
      "m11": 0,
      "m12": 0.000055664895626250654,
      "m13": -0.0008944832952693105,
      "m14": 0.00027136201970279217,
      "m15": 1
    }
  ],
  "_hash": 3856423014
}