{
  "__type__": "cc.Skeleton",
  "_name": "Skin-0",
  "_objFlags": 0,
  "_native": "",
  "_joints": [
    "Voda/KOREKCIJE_Grad_nevidljivih_ljudi_samo_anim:transform92/KOREKCIJE_Grad_nevidljivih_ljudi_samo_anim:joint18"
  ],
  "_bindposes": [
    {
      "__type__": "cc.Mat4",
      "m00": 0.04072418436408043,
      "m01": 0,
      "m02": -0.872292160987854,
      "m03": 0,
      "m04": 0,
      "m05": 0.8732422590255737,
      "m06": 0,
      "m07": 0,
      "m08": 0.872292160987854,
      "m09": 0,
      "m10": 0.04072418436408043,
      "m11": 0,
      "m12": -2.8018396847073745e-7,
      "m13": -0.005182352382689714,
      "m14": 2.8704971555271186e-7,
      "m15": 1
    }
  ],
  "_hash": 4239515676
}