{
  "__type__": "cc.Skeleton",
  "_name": "Skin-11",
  "_objFlags": 0,
  "_native": "",
  "_joints": [
    "Objekti_iz_jezerca/KOREKCIJE_Grad_nevidljivih_ljudi_samo_anim:transform85/KOREKCIJE_Grad_nevidljivih_ljudi_samo_anim:joint11"
  ],
  "_bindposes": [
    {
      "__type__": "cc.Mat4",
      "m00": -0.000343933526892215,
      "m01": 0.00007172811456257477,
      "m02": -0.001782251289114356,
      "m03": 0,
      "m04": 0.00006668223068118095,
      "m05": 0.001841043122112751,
      "m06": 0.00005738362960983068,
      "m07": 0,
      "m08": 0.001651203609071672,
      "m09": -0.00005940827395534143,
      "m10": -0.0003735471691470593,
      "m11": 0,
      "m12": 0.00016522218356840312,
      "m13": -0.0010775125119835138,
      "m14": 0.000008061597327468917,
      "m15": 1
    }
  ],
  "_hash": 249646782
}