{
  "__type__": "cc.Skeleton",
  "_name": "Skin-9",
  "_objFlags": 0,
  "_native": "",
  "_joints": [
    "Objekti_iz_jezerca/KOREKCIJE_Grad_nevidljivih_ljudi_samo_anim:transform83/KOREKCIJE_Grad_nevidljivih_ljudi_samo_anim:joint9"
  ],
  "_bindposes": [
    {
      "__type__": "cc.Mat4",
      "m00": -0.0005104325246065855,
      "m01": -0.00005510513437911868,
      "m02": -0.0018526633502915502,
      "m03": 0,
      "m04": 9.118562807384681e-21,
      "m05": 0.0017766165547072887,
      "m06": -0.00006256999768083915,
      "m07": 0,
      "m08": 0.001712339697405696,
      "m09": -0.000016426327420049347,
      "m10": -0.0005522616556845605,
      "m11": 0,
      "m12": 0.0002498838002793491,
      "m13": 0.0000010744953442554106,
      "m14": 0.0007174973143264651,
      "m15": 1
    }
  ],
  "_hash": 4014387446
}