{
  "__type__": "cc.Skeleton",
  "_name": "Skin-13",
  "_objFlags": 0,
  "_native": "",
  "_joints": [
    "Objekti_iz_jezerca/KOREKCIJE_Grad_nevidljivih_ljudi_samo_anim:transform86/KOREKCIJE_Grad_nevidljivih_ljudi_samo_anim:joint12"
  ],
  "_bindposes": [
    {
      "__type__": "cc.Mat4",
      "m00": -0.00048340781359001994,
      "m01": 0.00010519454372115433,
      "m02": -0.0023632384836673737,
      "m03": 0,
      "m04": 0.00011126481695100665,
      "m05": 0.0024104109033942223,
      "m06": 0.00008453507325612009,
      "m07": 0,
      "m08": 0.002362961880862713,
      "m09": -0.00009197909821523353,
      "m10": -0.00048744495143182576,
      "m11": 0,
      "m12": 0.00012604640505742282,
      "m13": -0.001076954766176641,
      "m14": 0.00001697347397566773,
      "m15": 1
    }
  ],
  "_hash": 1247821892
}