{
  "__type__": "cc.Skeleton",
  "_name": "Skin-0",
  "_objFlags": 0,
  "_native": "",
  "_joints": [
    "Voda/KOREKCIJE_Grad_nevidljivih_ljudi_samo_anim:transform92/KOREKCIJE_Grad_nevidljivih_ljudi_samo_anim:joint18"
  ],
  "_bindposes": [
    {
      "__type__": "cc.Mat4",
      "m00": 0.040724221616983414,
      "m01": 0,
      "m02": -0.8722919821739197,
      "m03": 0,
      "m04": 0,
      "m05": 0.8732420206069946,
      "m06": 0,
      "m07": 0,
      "m08": 0.8722919821739197,
      "m09": 0,
      "m10": 0.040724221616983414,
      "m11": 0,
      "m12": -2.801839968924469e-7,
      "m13": -0.005182339809834957,
      "m14": 2.8704999976980616e-7,
      "m15": 1
    }
  ],
  "_hash": 4239515676
}