{
  "__type__": "cc.Skeleton",
  "_name": "Skin-14",
  "_objFlags": 0,
  "_native": "",
  "_joints": [
    "Objekti_iz_jezerca/KOREKCIJE_Grad_nevidljivih_ljudi_samo_anim:transform88/KOREKCIJE_Grad_nevidljivih_ljudi_samo_anim:joint14"
  ],
  "_bindposes": [
    {
      "__type__": "cc.Mat4",
      "m00": 0.002226240234449506,
      "m01": 0.00005873339978279546,
      "m02": -0.0008178683347068727,
      "m03": 0,
      "m04": -0.00007601956167491153,
      "m05": 0.0023494395427405834,
      "m06": -0.00003395507883396931,
      "m07": 0,
      "m08": 0.0008250324171967804,
      "m09": 0.00005799659629701637,
      "m10": 0.002203780459240079,
      "m11": 0,
      "m12": 0.000040401551814284176,
      "m13": -0.0010598943335935473,
      "m14": 0.00028713871142826974,
      "m15": 1
    }
  ],
  "_hash": 521980748
}