{
  "__type__": "cc.Skeleton",
  "_name": "Skin-10",
  "_objFlags": 0,
  "_native": "",
  "_joints": [
    "Objekti_iz_jezerca/KOREKCIJE_Grad_nevidljivih_ljudi_samo_anim:transform84/KOREKCIJE_Grad_nevidljivih_ljudi_samo_anim:joint10"
  ],
  "_bindposes": [
    {
      "__type__": "cc.Mat4",
      "m00": 0.0011771767167374492,
      "m01": -0.000038482434320030734,
      "m02": 0.001738963881507516,
      "m03": 0,
      "m04": 0.00008018986409297213,
      "m05": 0.00211644871160388,
      "m06": -0.000007268653007486137,
      "m07": 0,
      "m08": -0.0017588745104148984,
      "m09": 0.00007073644519550726,
      "m10": 0.0011635195696726441,
      "m11": 0,
      "m12": -0.000030445839001913555,
      "m13": -0.0010689918417483568,
      "m14": -0.00017594473320059478,
      "m15": 1
    }
  ],
  "_hash": 3459644582
}