{
  "__type__": "cc.Skeleton",
  "_name": "Skin-11",
  "_objFlags": 0,
  "_native": "",
  "_joints": [
    "Objekti_iz_jezerca/KOREKCIJE_Grad_nevidljivih_ljudi_samo_anim:transform85/KOREKCIJE_Grad_nevidljivih_ljudi_samo_anim:joint11"
  ],
  "_bindposes": [
    {
      "__type__": "cc.Mat4",
      "m00": -0.00034393277019262314,
      "m01": 0.00007172820915002376,
      "m02": -0.0017822483787313104,
      "m03": 0,
      "m04": 0.00006668223795713857,
      "m05": 0.001841047778725624,
      "m06": 0.00005738374966313131,
      "m07": 0,
      "m08": 0.0016512011643499136,
      "m09": -0.00005940823757555336,
      "m10": -0.0003735462960321456,
      "m11": 0,
      "m12": 0.00016517704352736473,
      "m13": -0.0010774958645924926,
      "m14": 0.000008044910828175489,
      "m15": 1
    }
  ],
  "_hash": 3430471317
}