{
  "__type__": "cc.Skeleton",
  "_name": "Skin-8",
  "_objFlags": 0,
  "_native": "",
  "_joints": [
    "Objekti_iz_jezerca/KOREKCIJE_Grad_nevidljivih_ljudi_samo_anim:transform82/KOREKCIJE_Grad_nevidljivih_ljudi_samo_anim:joint8"
  ],
  "_bindposes": [
    {
      "__type__": "cc.Mat4",
      "m00": -0.0006926319911144674,
      "m01": 8.482295803326319e-20,
      "m02": 0.0022665399592369795,
      "m03": 0,
      "m04": 5.678137370900217e-19,
      "m05": 0.002370009897276759,
      "m06": 8.482299034500587e-20,
      "m07": 0,
      "m08": -0.0022665399592369795,
      "m09": 5.678134785960802e-19,
      "m10": -0.0006926319911144674,
      "m11": 0,
      "m12": 0.0004176394722890109,
      "m13": -0.00017703000048641115,
      "m14": -0.0008696192526258528,
      "m15": 1
    }
  ],
  "_hash": 3979410095
}