{
  "__type__": "cc.Skeleton",
  "_name": "Skin-19",
  "_objFlags": 0,
  "_native": "",
  "_joints": [
    "Znak_na_stali/KOREKCIJE_Grad_nevidljivih_ljudi_samo_anim:joint3"
  ],
  "_bindposes": [
    {
      "__type__": "cc.Mat4",
      "m00": -0.0035696018021553755,
      "m01": 0.9999677538871765,
      "m02": -0.007242309860885143,
      "m03": 0,
      "m04": 0.9991350173950195,
      "m05": 0.0038666408509016037,
      "m06": 0.041423499584198,
      "m07": 0,
      "m08": 0.041450124233961105,
      "m09": -0.00708817271515727,
      "m10": -0.999114990234375,
      "m11": 0,
      "m12": -0.0006513801636174321,
      "m13": -0.01486379187554121,
      "m14": 0.00012916000559926033,
      "m15": 1
    }
  ],
  "_hash": 2150898428
}