{
  "__type__": "cc.Skeleton",
  "_name": "Skin-20",
  "_objFlags": 0,
  "_native": "",
  "_joints": [
    "Znak_na_stali1/KOREKCIJE_Grad_nevidljivih_ljudi_samo_anim:joint4"
  ],
  "_bindposes": [
    {
      "__type__": "cc.Mat4",
      "m00": 0.0002727887767832726,
      "m01": 0.9999997615814209,
      "m02": 0,
      "m03": 0,
      "m04": -0.9999997615814209,
      "m05": 0.0002727887767832726,
      "m06": 0,
      "m07": 0,
      "m08": 0,
      "m09": 0,
      "m10": 1,
      "m11": 0,
      "m12": 0.0005732184508815408,
      "m13": -0.01278961356729269,
      "m14": -0.000023279999368241988,
      "m15": 1
    }
  ],
  "_hash": 926337626
}