{
  "__type__": "cc.Skeleton",
  "_name": "Skin-12",
  "_objFlags": 0,
  "_native": "",
  "_joints": [
    "Objekti_iz_jezerca/KOREKCIJE_Grad_nevidljivih_ljudi_samo_anim:transform87/KOREKCIJE_Grad_nevidljivih_ljudi_samo_anim:joint13"
  ],
  "_bindposes": [
    {
      "__type__": "cc.Mat4",
      "m00": 0.0020805394742637873,
      "m01": 0.000003962826212955406,
      "m02": -0.0008415401098318398,
      "m03": 0,
      "m04": 0.000059499081544345245,
      "m05": 0.0023435011971741915,
      "m06": 0.00017578898405190557,
      "m07": 0,
      "m08": 0.0007930911961011589,
      "m09": -0.00018620969785843045,
      "m10": 0.0021944488398730755,
      "m11": 0,
      "m12": 0.00012825291196350008,
      "m13": -0.0010934114689007401,
      "m14": 0.0002368131827097386,
      "m15": 1
    }
  ],
  "_hash": 1703411002
}