{
  "__type__": "cc.Skeleton",
  "_name": "Skin-16",
  "_objFlags": 0,
  "_native": "",
  "_joints": [
    "Objekti_iz_jezerca/KOREKCIJE_Grad_nevidljivih_ljudi_samo_anim:transform91/KOREKCIJE_Grad_nevidljivih_ljudi_samo_anim:joint17"
  ],
  "_bindposes": [
    {
      "__type__": "cc.Mat4",
      "m00": 0.0023270631209015846,
      "m01": -0.000045015323848929256,
      "m02": -0.0008138007251545787,
      "m03": 0,
      "m04": -0.00004111922316951677,
      "m05": 0.002267244504764676,
      "m06": -0.0002237176668131724,
      "m07": 0,
      "m08": 0.0008904238929972053,
      "m09": 0.0002223441406385973,
      "m10": 0.0021164824720472097,
      "m11": 0,
      "m12": 0.0001211365160997957,
      "m13": -0.000911508861463517,
      "m14": 0.00040219773654825985,
      "m15": 1
    }
  ],
  "_hash": 1579454509
}