{
  "__type__": "cc.Skeleton",
  "_name": "Skin-9",
  "_objFlags": 0,
  "_native": "",
  "_joints": [
    "Objekti_iz_jezerca/KOREKCIJE_Grad_nevidljivih_ljudi_samo_anim:transform83/KOREKCIJE_Grad_nevidljivih_ljudi_samo_anim:joint9"
  ],
  "_bindposes": [
    {
      "__type__": "cc.Mat4",
      "m00": -0.0005104333977214992,
      "m01": -0.00005510538176167756,
      "m02": -0.001852656016126275,
      "m03": 0,
      "m04": -4.64461649250729e-17,
      "m05": 0.0017766238888725638,
      "m06": -0.00006257029599510133,
      "m07": 0,
      "m08": 0.0017123327124863863,
      "m09": -0.000016426494767074473,
      "m10": -0.000552262703422457,
      "m11": 0,
      "m12": 0.00024982602917589247,
      "m13": 0.0000010952956017717952,
      "m14": 0.000717461050953716,
      "m15": 1
    }
  ],
  "_hash": 3414744889
}