{
  "__type__": "cc.Skeleton",
  "_name": "Skin-5",
  "_objFlags": 0,
  "_native": "",
  "_joints": [
    "Znak_na_stali2/KOREKCIJE_Grad_nevidljivih_ljudi_samo_anim:joint5"
  ],
  "_bindposes": [
    {
      "__type__": "cc.Mat4",
      "m00": 1,
      "m01": 0,
      "m02": 0,
      "m03": 0,
      "m04": 0,
      "m05": 0.9875419735908508,
      "m06": -0.15735599398612976,
      "m07": 0,
      "m08": 0,
      "m09": 0.15735599398612976,
      "m10": 0.9875419735908508,
      "m11": 0,
      "m12": 0.014476600103080273,
      "m13": -0.06261587142944336,
      "m14": -0.14953944087028503,
      "m15": 1
    }
  ],
  "_hash": 3028412909
}