{
  "__type__": "cc.Skeleton",
  "_name": "Skin-15",
  "_objFlags": 0,
  "_native": "",
  "_joints": [
    "Objekti_iz_jezerca/KOREKCIJE_Grad_nevidljivih_ljudi_samo_anim:transform90/KOREKCIJE_Grad_nevidljivih_ljudi_samo_anim:joint16"
  ],
  "_bindposes": [
    {
      "__type__": "cc.Mat4",
      "m00": 0.0020462959073483944,
      "m01": 0.00005197345308260992,
      "m02": -0.0008467408479191363,
      "m03": 0,
      "m04": -0.00009834639786276966,
      "m05": 0.0022106310352683067,
      "m06": -0.000101981102488935,
      "m07": 0,
      "m08": 0.0008426138083450496,
      "m09": 0.00013179889356251806,
      "m10": 0.0020444155670702457,
      "m11": 0,
      "m12": 0.000055754273489583284,
      "m13": -0.0008944561704993248,
      "m14": 0.000271346652880311,
      "m15": 1
    }
  ],
  "_hash": 3856423014
}