{
  "__type__": "cc.Skeleton",
  "_name": "Skin-7",
  "_objFlags": 0,
  "_native": "",
  "_joints": [
    "Objekti_iz_jezerca/KOREKCIJE_Grad_nevidljivih_ljudi_samo_anim:transform81/KOREKCIJE_Grad_nevidljivih_ljudi_samo_anim:joint7"
  ],
  "_bindposes": [
    {
      "__type__": "cc.Mat4",
      "m00": 0.001997108105570078,
      "m01": 0,
      "m02": 0,
      "m03": 0,
      "m04": 0,
      "m05": 0.001995362574234605,
      "m06": -0.00008661306492285803,
      "m07": 0,
      "m08": 0,
      "m09": 0.00008349682320840657,
      "m10": 0.002069832757115364,
      "m11": 0,
      "m12": -0.0007952539017423987,
      "m13": -0.0001648000761633739,
      "m14": 0.00006759098323527724,
      "m15": 1
    }
  ],
  "_hash": 3203170643
}