{
  "__type__": "cc.Skeleton",
  "_name": "Skin-6",
  "_objFlags": 0,
  "_native": "",
  "_joints": [
    "Bundeve/transform755/Bundeva",
    "Bundeve/transform755/Bundeva/joint20",
    "Bundeve/transform755/Bundeva/joint21",
    "Bundeve/transform755/Bundeva/joint22"
  ],
  "_bindposes": [
    {
      "__type__": "cc.Mat4",
      "m00": 1,
      "m01": -1.5594200375446121e-9,
      "m02": 0,
      "m03": 0,
      "m04": 1.4610914700341482e-9,
      "m05": 1.163415789604187,
      "m06": -2.9492028263966574e-10,
      "m07": 0,
      "m08": 3.95305452986635e-19,
      "m09": 3.147678229176165e-10,
      "m10": 1,
      "m11": 0,
      "m12": 0.012900900095701218,
      "m13": -0.001668740645982325,
      "m14": -0.00875294953584671,
      "m15": 1
    },
    {
      "__type__": "cc.Mat4",
      "m00": 1,
      "m01": 0,
      "m02": 0,
      "m03": 0,
      "m04": 0,
      "m05": 1.0440579652786255,
      "m06": 0,
      "m07": 0,
      "m08": 0,
      "m09": 0,
      "m10": 1,
      "m11": 0,
      "m12": 0.01393640972673893,
      "m13": -0.003287086496129632,
      "m14": -0.00896195974200964,
      "m15": 1
    },
    {
      "__type__": "cc.Mat4",
      "m00": 1,
      "m01": 0,
      "m02": 0,
      "m03": 0,
      "m04": 0,
      "m05": 1.0440579652786255,
      "m06": 0,
      "m07": 0,
      "m08": 0,
      "m09": 0,
      "m10": 1,
      "m11": 0,
      "m12": 0.014031150378286839,
      "m13": -0.003225866472348571,
      "m14": -0.006396130193024874,
      "m15": 1
    },
    {
      "__type__": "cc.Mat4",
      "m00": 1,
      "m01": 0,
      "m02": 0,
      "m03": 0,
      "m04": 0,
      "m05": 1.0440579652786255,
      "m06": 0,
      "m07": 0,
      "m08": 0,
      "m09": 0,
      "m10": 1,
      "m11": 0,
      "m12": 0.012928740121424198,
      "m13": -0.0030165265779942274,
      "m14": -0.010427179746329784,
      "m15": 1
    }
  ],
  "_hash": 664231920
}