{
  "__type__": "cc.Skeleton",
  "_name": "Skin-4",
  "_objFlags": 0,
  "_native": "",
  "_joints": [
    "Zuti_napitak/transform761/joint30"
  ],
  "_bindposes": [
    {
      "__type__": "cc.Mat4",
      "m00": 0.9974250197410583,
      "m01": 0.07171139866113663,
      "m02": 0,
      "m03": 0,
      "m04": -0.07325559109449387,
      "m05": 1.0189030170440674,
      "m06": -0.11630699783563614,
      "m07": 0,
      "m08": -0.008112319745123386,
      "m09": 0.11283326148986816,
      "m10": 0.9935809969902039,
      "m11": 0,
      "m12": 0.07630863785743713,
      "m13": 0.007251509930938482,
      "m14": 0.04048832505941391,
      "m15": 1
    }
  ],
  "_hash": 1971995292
}