{
  "__type__": "cc.Skeleton",
  "_name": "Skin-2",
  "_objFlags": 0,
  "_native": "",
  "_joints": [
    "Macevi_i_pec/transform754/Macevi",
    "Macevi_i_pec/transform754/Macevi/joint9",
    "Macevi_i_pec/transform754/Macevi/joint10",
    "Macevi_i_pec/transform754/Macevi/joint10/joint14",
    "Macevi_i_pec/transform754/Macevi/joint12",
    "Macevi_i_pec/transform754/Macevi/joint12/joint15",
    "Macevi_i_pec/transform754/Macevi/joint13",
    "Macevi_i_pec/transform754/Macevi/joint13/joint16"
  ],
  "_bindposes": [
    {
      "__type__": "cc.Mat4",
      "m00": -0.7708389759063721,
      "m01": 1.1140073308268938e-9,
      "m02": 0.6370300054550171,
      "m03": 0,
      "m04": 1.3816221500206893e-9,
      "m05": 0.9560149908065796,
      "m06": 9.101306549567597e-16,
      "m07": 0,
      "m08": -0.6370300054550171,
      "m09": 9.206293505314989e-10,
      "m10": -0.7708389759063721,
      "m11": 0,
      "m12": -0.049577269703149796,
      "m13": -0.001400016830302775,
      "m14": 0.05579119920730591,
      "m15": 1
    },
    {
      "__type__": "cc.Mat4",
      "m00": 0.9876179695129395,
      "m01": 0.13153700530529022,
      "m02": 0.08549199998378754,
      "m03": 0,
      "m04": -0.11797252297401428,
      "m05": 0.9444089531898499,
      "m06": -0.09021782130002975,
      "m07": 0,
      "m08": -0.09686704725027084,
      "m09": 0.08265040814876556,
      "m10": 0.9918599724769592,
      "m11": 0,
      "m12": 0.07491492480039597,
      "m13": -0.000658706936519593,
      "m14": -0.004334998317062855,
      "m15": 1
    },
    {
      "__type__": "cc.Mat4",
      "m00": -0.09806792438030243,
      "m01": -0.10820812731981277,
      "m02": 0.9898679852485657,
      "m03": 0,
      "m04": -0.6913715600967407,
      "m05": 0.6957886815071106,
      "m06": -2.4607295756595704e-8,
      "m07": 0,
      "m08": -0.6836603879928589,
      "m09": -0.7543509602546692,
      "m10": -0.1419919729232788,
      "m11": 0,
      "m12": 0.005135931074619293,
      "m13": 0.004047879483550787,
      "m14": 0.06533698737621307,
      "m15": 1
    },
    {
      "__type__": "cc.Mat4",
      "m00": 0.5450933575630188,
      "m01": 0.22074349224567413,
      "m02": 0.808792769908905,
      "m03": 0,
      "m04": -0.5257620811462402,
      "m05": 0.7861292958259583,
      "m06": 0.13978397846221924,
      "m07": 0,
      "m08": -0.6327929496765137,
      "m09": -0.5244976282119751,
      "m10": 0.5696274638175964,
      "m11": 0,
      "m12": 0.04560643061995506,
      "m13": 0.020031649619340897,
      "m14": 0.04268891364336014,
      "m15": 1
    },
    {
      "__type__": "cc.Mat4",
      "m00": 1,
      "m01": 0,
      "m02": 0,
      "m03": 0,
      "m04": 0,
      "m05": 0.9359310269355774,
      "m06": -0.19492954015731812,
      "m07": 0,
      "m08": 0,
      "m09": 0.20389799773693085,
      "m10": 0.9789919853210449,
      "m11": 0,
      "m12": 0.0598590113222599,
      "m13": -0.0042366161942481995,
      "m14": -0.015021680854260921,
      "m15": 1
    },
    {
      "__type__": "cc.Mat4",
      "m00": 1,
      "m01": 0,
      "m02": 0,
      "m03": 0,
      "m04": 0,
      "m05": 0.9359310269355774,
      "m06": -0.19492954015731812,
      "m07": 0,
      "m08": 0,
      "m09": 0.20389799773693085,
      "m10": 0.9789919853210449,
      "m11": 0,
      "m12": 0.057255521416664124,
      "m13": -0.0043508862145245075,
      "m14": -0.015069791115820408,
      "m15": 1
    },
    {
      "__type__": "cc.Mat4",
      "m00": 0.9889990091323853,
      "m01": -0.14792099595069885,
      "m02": 0,
      "m03": 0,
      "m04": 0.14141470193862915,
      "m05": 0.9454978704452515,
      "m06": 0,
      "m07": 0,
      "m08": 0,
      "m09": 0,
      "m10": 1,
      "m11": 0,
      "m12": 0.05471421778202057,
      "m13": -0.0093069514259696,
      "m14": -0.006106860004365444,
      "m15": 1
    },
    {
      "__type__": "cc.Mat4",
      "m00": 0.9889990091323853,
      "m01": -0.14792099595069885,
      "m02": 0,
      "m03": 0,
      "m04": 0.14141470193862915,
      "m05": 0.9454978704452515,
      "m06": 0,
      "m07": 0,
      "m08": 0,
      "m09": 0,
      "m10": 1,
      "m11": 0,
      "m12": 0.055295828729867935,
      "m13": -0.010679941624403,
      "m14": -0.006076630204916,
      "m15": 1
    }
  ],
  "_hash": 1055148636
}