{
  "__type__": "cc.Skeleton",
  "_name": "Skin-1",
  "_objFlags": 0,
  "_native": "",
  "_joints": [
    "Glinene_posude/transform758/Glinene_posude1",
    "Glinene_posude/transform758/Glinene_posude1/joint24"
  ],
  "_bindposes": [
    {
      "__type__": "cc.Mat4",
      "m00": 1,
      "m01": 0,
      "m02": 0,
      "m03": 0,
      "m04": 0,
      "m05": 0.9211107492446899,
      "m06": 0,
      "m07": 0,
      "m08": 0,
      "m09": 0,
      "m10": 1,
      "m11": 0,
      "m12": 0.041400499641895294,
      "m13": -0.0011441695969551802,
      "m14": -0.0002389550063526258,
      "m15": 1
    },
    {
      "__type__": "cc.Mat4",
      "m00": 0.994683027267456,
      "m01": 0,
      "m02": 0,
      "m03": 0,
      "m04": 0,
      "m05": 1.3292828798294067,
      "m06": 0,
      "m07": 0,
      "m08": 0,
      "m09": 0,
      "m10": 0.994683027267456,
      "m11": 0,
      "m12": 0.031355440616607666,
      "m13": -0.001651187427341938,
      "m14": -0.005593160167336464,
      "m15": 1
    }
  ],
  "_hash": 1186168771
}