{
  "__type__": "cc.Skeleton",
  "_name": "Skin-7",
  "_objFlags": 0,
  "_native": "",
  "_joints": [
    "Toranj/transform760/joint27",
    "Toranj/transform760/joint27/joint28",
    "Toranj/transform760/joint27/joint28/joint29"
  ],
  "_bindposes": [
    {
      "__type__": "cc.Mat4",
      "m00": -1,
      "m01": 1.223571517788849e-16,
      "m02": -5.130021130640555e-18,
      "m03": 0,
      "m04": 1.1891062765606635e-16,
      "m05": 0.9701265096664429,
      "m06": -0.0406741164624691,
      "m07": 0,
      "m08": 1.4690151432858188e-32,
      "m09": -0.04325281083583832,
      "m10": -1.0316314697265625,
      "m11": 0,
      "m12": 0.05872394144535065,
      "m13": -0.0011764506343752146,
      "m14": 0.0011426717974245548,
      "m15": 1
    },
    {
      "__type__": "cc.Mat4",
      "m00": -1,
      "m01": 1.2179932764355873e-16,
      "m02": -1.2748083257013023e-17,
      "m03": 0,
      "m04": 1.1891062765606635e-16,
      "m05": 0.9657036662101746,
      "m06": -0.10107503086328506,
      "m07": 0,
      "m08": 1.3894713507439947e-32,
      "m09": -0.10748307406902313,
      "m10": -1.026928186416626,
      "m11": 0,
      "m12": 0.05872394144535065,
      "m13": -0.006997896824032068,
      "m14": 0.0015820119297131896,
      "m15": 1
    },
    {
      "__type__": "cc.Mat4",
      "m00": -1,
      "m01": 1.2009168275211446e-16,
      "m02": -2.3991319839000175e-17,
      "m03": 0,
      "m04": 1.1891062765606635e-16,
      "m05": 0.952164351940155,
      "m06": -0.19021867215633392,
      "m07": 0,
      "m08": 1.2303836187235527e-32,
      "m09": -0.20227833092212677,
      "m10": -1.0125305652618408,
      "m11": 0,
      "m12": 0.05872394144535065,
      "m13": -0.015217888168990612,
      "m14": 0.003006597515195608,
      "m15": 1
    }
  ],
  "_hash": 3380772793
}