{
  "__type__": "cc.Skeleton",
  "_name": "Skin-8",
  "_objFlags": 0,
  "_native": "",
  "_joints": [
    "Bunar/Bunar1"
  ],
  "_bindposes": [
    {
      "__type__": "cc.Mat4",
      "m00": 0.00031157032935880125,
      "m01": 0.0000019901044652215205,
      "m02": 0.007693832274526358,
      "m03": 0,
      "m04": 4.248500218295703e-8,
      "m05": 0.009187517687678337,
      "m06": -0.0000018936660808321903,
      "m07": 0,
      "m08": -0.007693832274526358,
      "m09": 1.2535402049707045e-7,
      "m10": 0.00031157032935880125,
      "m11": 0,
      "m12": 0.00001898547270684503,
      "m13": -0.000006124052561062854,
      "m14": -0.0001491962029831484,
      "m15": 1
    }
  ],
  "_hash": 1607097703
}