{
  "__type__": "cc.Skeleton",
  "_name": "Skin-0",
  "_objFlags": 0,
  "_native": "",
  "_joints": [
    "Easter_SampleScene/Group012/Windmill001/Bone012",
    "Easter_SampleScene/Group012/Windmill001/Bone013"
  ],
  "_bindposes": [
    {
      "__type__": "cc.Mat4",
      "m00": -1,
      "m01": -3.528818126596889e-8,
      "m02": 9.85090409244549e-8,
      "m03": 0,
      "m04": 3.5287893496160905e-8,
      "m05": -1.0000001192092896,
      "m06": -0.0000028628335257963045,
      "m07": 0,
      "m08": 9.850920434928412e-8,
      "m09": -0.000002862835799533059,
      "m10": 1.000000238418579,
      "m11": 0,
      "m12": -35.65688705444336,
      "m13": -0.2241409569978714,
      "m14": -280.7574157714844,
      "m15": 1
    },
    {
      "__type__": "cc.Mat4",
      "m00": -0.007604456041008234,
      "m01": 0.9999710321426392,
      "m02": -6.917694008734543e-7,
      "m03": 0,
      "m04": -3.574156526298111e-9,
      "m05": 6.917620680724212e-7,
      "m06": 1.0000001192092896,
      "m07": 0,
      "m08": 0.9999713897705078,
      "m09": 0.0076044597662985325,
      "m10": -1.6864225571566749e-9,
      "m11": 0,
      "m12": -3.8668086528778076,
      "m13": -20.540573120117188,
      "m14": 0.00006890757504152134,
      "m15": 1
    }
  ],
  "_hash": 4188198725
}