{
  "__type__": "cc.Skeleton",
  "_name": "Skin-1",
  "_objFlags": 0,
  "_native": "",
  "_joints": [
    "Animirani_objekti/Group049/Bone336",
    "Animirani_objekti/Group049/Bone370",
    "Animirani_objekti/Group049/Bone370/Bone371",
    "Animirani_objekti/Group049/Bone370/Bone371/Bone372",
    "Animirani_objekti/Group049/Bone370/Bone371/Bone372/Bone373",
    "Animirani_objekti/Group049/Bone343/Bone344/Bone345/Bone346/Bone347",
    "Animirani_objekti/Group049/Bone343/Bone344/Bone345/Bone346",
    "Animirani_objekti/Group049/Bone343/Bone344/Bone345/Bone346/Bone347/Bone348",
    "Animirani_objekti/Group049/Bone343/Bone344/Bone345",
    "Animirani_objekti/Group049/Bone343/Bone344",
    "Animirani_objekti/Group049/Bone343",
    "Animirani_objekti/Group049/Bone329/Bone330/Bone331/Bone332",
    "Animirani_objekti/Group049/Bone329/Bone330/Bone331/Bone332/Bone333",
    "Animirani_objekti/Group049/Bone329/Bone330/Bone331/Bone332/Bone333/Bone334",
    "Animirani_objekti/Group049/Bone329/Bone330/Bone331",
    "Animirani_objekti/Group049/Bone329/Bone330",
    "Animirani_objekti/Group049/Bone329",
    "Animirani_objekti/Group049/Bone355",
    "Animirani_objekti/Group049/Bone355/Bone356",
    "Animirani_objekti/Group049/Bone355/Bone356/Bone357",
    "Animirani_objekti/Group049/Bone355/Bone356/Bone357/Bone358",
    "Animirani_objekti/Group049/Bone365",
    "Animirani_objekti/Group049/Bone365/Bone366",
    "Animirani_objekti/Group049/Bone365/Bone366/Bone367",
    "Animirani_objekti/Group049/Bone365/Bone366/Bone367/Bone368",
    "Animirani_objekti/Group049/Bone350",
    "Animirani_objekti/Group049/Bone350/Bone351",
    "Animirani_objekti/Group049/Bone350/Bone351/Bone352",
    "Animirani_objekti/Group049/Bone350/Bone351/Bone352/Bone353",
    "Animirani_objekti/Group049/Bone360",
    "Animirani_objekti/Group049/Bone360/Bone361",
    "Animirani_objekti/Group049/Bone360/Bone361/Bone362",
    "Animirani_objekti/Group049/Bone360/Bone361/Bone362/Bone363"
  ],
  "_bindposes": [
    {
      "__type__": "cc.Mat4",
      "m00": -0.0801624059677124,
      "m01": -0.9967813491821289,
      "m02": 0.0000015836619695619447,
      "m03": 0,
      "m04": -0.0000025705783173179952,
      "m05": -0.0000013820448430124088,
      "m06": -1.0000001192092896,
      "m07": 0,
      "m08": 0.9967813491821289,
      "m09": -0.0801624208688736,
      "m10": -0.0000024515195491403574,
      "m11": 0,
      "m12": -0.7776622176170349,
      "m13": 0.4537216126918793,
      "m14": 0.2011900693178177,
      "m15": 1
    },
    {
      "__type__": "cc.Mat4",
      "m00": -0.09350857883691788,
      "m01": 0.31701433658599854,
      "m02": 0.943799614906311,
      "m03": 0,
      "m04": 0.23248517513275146,
      "m05": -0.9147943258285522,
      "m06": 0.3303055167198181,
      "m07": 0,
      "m08": 0.9680946469306946,
      "m09": 0.25030583143234253,
      "m10": 0.011839985847473145,
      "m11": 0,
      "m12": -0.8540250658988953,
      "m13": 0.12392927706241608,
      "m14": -0.21708941459655762,
      "m15": 1
    },
    {
      "__type__": "cc.Mat4",
      "m00": -0.2953364849090576,
      "m01": 0.17824190855026245,
      "m02": 0.9386193156242371,
      "m03": 0,
      "m04": 0.7684919834136963,
      "m05": -0.5393746495246887,
      "m06": 0.34423184394836426,
      "m07": 0,
      "m08": 0.5676246881484985,
      "m09": 0.8229848742485046,
      "m10": 0.022319532930850983,
      "m11": 0,
      "m12": -0.9049851298332214,
      "m13": -0.623323917388916,
      "m14": -0.2337009310722351,
      "m15": 1
    },
    {
      "__type__": "cc.Mat4",
      "m00": -0.3608129620552063,
      "m01": 0.06382059305906296,
      "m02": 0.9304516315460205,
      "m03": 0,
      "m04": 0.9010185599327087,
      "m05": -0.23372285068035126,
      "m06": 0.36543020606040955,
      "m07": 0,
      "m08": 0.24079005420207977,
      "m09": 0.9702060222625732,
      "m10": 0.02682669460773468,
      "m11": 0,
      "m12": -0.8536266088485718,
      "m13": -0.9896482229232788,
      "m14": -0.2524334788322449,
      "m15": 1
    },
    {
      "__type__": "cc.Mat4",
      "m00": -0.343195378780365,
      "m01": -0.14773355424404144,
      "m02": 0.9275721907615662,
      "m03": 0,
      "m04": 0.8829455375671387,
      "m05": 0.2860775589942932,
      "m06": 0.3722461462020874,
      "m07": 0,
      "m08": -0.320351243019104,
      "m09": 0.9467496871948242,
      "m10": 0.03226012736558914,
      "m11": 0,
      "m12": -0.3868761956691742,
      "m13": -1.4215056896209717,
      "m14": -0.26516661047935486,
      "m15": 1
    },
    {
      "__type__": "cc.Mat4",
      "m00": 0.8039756417274475,
      "m01": 0.28594258427619934,
      "m02": -0.5214020013809204,
      "m03": 0,
      "m04": -0.49125388264656067,
      "m05": -0.17472735047340393,
      "m06": -0.8533111810684204,
      "m07": 0,
      "m08": -0.33510130643844604,
      "m09": 0.9421819448471069,
      "m10": -0.000006125298568804283,
      "m11": 0,
      "m12": 0.18466296792030334,
      "m13": -1.5067001581192017,
      "m14": 0.16928745806217194,
      "m15": 1
    },
    {
      "__type__": "cc.Mat4",
      "m00": 0.8068259358406067,
      "m01": -0.2777746915817261,
      "m02": -0.5214144587516785,
      "m03": 0,
      "m04": -0.4930144250392914,
      "m05": 0.1697353571653366,
      "m06": -0.853303074836731,
      "m07": 0,
      "m08": 0.32552891969680786,
      "m09": 0.9455314874649048,
      "m10": -4.030486522310639e-8,
      "m11": 0,
      "m12": -0.6413713693618774,
      "m13": -1.2930508852005005,
      "m14": 0.16927991807460785,
      "m15": 1
    },
    {
      "__type__": "cc.Mat4",
      "m00": 0.6963459253311157,
      "m01": 0.4932085871696472,
      "m02": -0.5213900208473206,
      "m03": 0,
      "m04": -0.4254858195781708,
      "m05": -0.30134570598602295,
      "m06": -0.8533186316490173,
      "m07": 0,
      "m08": -0.5779828429222107,
      "m09": 0.816048800945282,
      "m10": 0.000012400982996041421,
      "m11": 0,
      "m12": 0.4868655204772949,
      "m13": -1.4287669658660889,
      "m14": 0.1692579984664917,
      "m15": 1
    },
    {
      "__type__": "cc.Mat4",
      "m00": 0.2895113527774811,
      "m01": -0.8026944398880005,
      "m02": -0.5214061141014099,
      "m03": 0,
      "m04": -0.17690397799015045,
      "m05": 0.49047863483428955,
      "m06": -0.853308379650116,
      "m07": 0,
      "m08": 0.9406847357749939,
      "m09": 0.3392814099788666,
      "m10": -7.094236593729875e-7,
      "m11": 0,
      "m12": -1.2164969444274902,
      "m13": -0.3111323416233063,
      "m14": 0.16927900910377502,
      "m15": 1
    },
    {
      "__type__": "cc.Mat4",
      "m00": -0.5018352270126343,
      "m01": -0.6901428699493408,
      "m02": -0.5214056968688965,
      "m03": 0,
      "m04": 0.30664071440696716,
      "m05": 0.4217051863670349,
      "m06": -0.853308916091919,
      "m07": 0,
      "m08": 0.808784544467926,
      "m09": -0.5881048440933228,
      "m10": -6.007109050187864e-7,
      "m11": 0,
      "m12": -0.5516640543937683,
      "m13": 0.8321607708930969,
      "m14": 0.1692824363708496,
      "m15": 1
    },
    {
      "__type__": "cc.Mat4",
      "m00": -0.08583993464708328,
      "m01": -0.8489805459976196,
      "m02": -0.5214048027992249,
      "m03": 0,
      "m04": 0.05246366560459137,
      "m05": 0.518758237361908,
      "m06": -0.8533098101615906,
      "m07": 0,
      "m08": 0.9949267506599426,
      "m09": -0.10060279816389084,
      "m10": 0.000010460116754984483,
      "m11": 0,
      "m12": -0.771099865436554,
      "m13": 0.44078677892684937,
      "m14": 0.16927367448806763,
      "m15": 1
    },
    {
      "__type__": "cc.Mat4",
      "m00": 0.726267397403717,
      "m01": -0.24363768100738525,
      "m02": 0.6427874565124512,
      "m03": 0,
      "m04": 0.6094108819961548,
      "m05": -0.20443710684776306,
      "m06": -0.7660437822341919,
      "m07": 0,
      "m08": 0.3180469870567322,
      "m09": 0.9480748772621155,