{
  "__type__": "cc.Skeleton",
  "_name": "Skin-15",
  "_objFlags": 0,
  "_native": "",
  "_joints": [
    "Cizme/Circle021/Bone449",
    "Cizme/Circle021/Bone449/Bone450",
    "Cizme/Circle021/Bone449/Bone450/Bone451",
    "Cizme/Circle021/Bone449/Bone450/Bone451/Bone452"
  ],
  "_bindposes": [
    {
      "__type__": "cc.Mat4",
      "m00": 0.012970022857189178,
      "m01": 0.014645620249211788,
      "m02": -0.9998089075088501,
      "m03": 0,
      "m04": 0.353016197681427,
      "m05": -0.9355721473693848,
      "m06": -0.009125168435275555,
      "m07": 0,
      "m08": -0.9355270266532898,
      "m09": -0.352830171585083,
      "m10": -0.017304552718997,
      "m11": 0,
      "m12": 0.3620513677597046,
      "m13": 0.1090620756149292,
      "m14": 0.0017707212828099728,
      "m15": 1
    },
    {
      "__type__": "cc.Mat4",
      "m00": 0.019224170595407486,
      "m01": 0.003603209275752306,
      "m02": -0.9998089075088501,
      "m03": 0,
      "m04": -0.2952924370765686,
      "m05": -0.9553629159927368,
      "m06": -0.009120877832174301,
      "m07": 0,
      "m08": -0.9552132487297058,
      "m09": 0.29541122913360596,
      "m10": -0.017302075400948524,
      "m11": 0,
      "m12": 0.036390889436006546,
      "m13": 0.10982003062963486,
      "m14": 0.0017704833298921585,
      "m15": 1
    },
    {
      "__type__": "cc.Mat4",
      "m00": 0.014358950778841972,
      "m01": -0.013292301446199417,
      "m02": -0.9998089075088501,
      "m03": 0,
      "m04": -0.9430685639381409,
      "m05": -0.3324737846851349,
      "m06": -0.009123881347477436,
      "m07": 0,
      "m08": -0.33228883147239685,
      "m09": 0.9430191516876221,
      "m10": -0.0173095241189003,
      "m11": 0,
      "m12": -0.1114877387881279,
      "m13": 0.3343346118927002,
      "m14": 0.0017669685184955597,
      "m15": 1
    },
    {
      "__type__": "cc.Mat4",
      "m00": 0.014358464628458023,
      "m01": -0.013291281647980213,
      "m02": -0.9998089075088501,
      "m03": 0,
      "m04": -0.9430674910545349,
      "m05": -0.33247485756874084,
      "m06": -0.009123743511736393,
      "m07": 0,
      "m08": -0.3322899043560028,
      "m09": 0.9430180788040161,
      "m10": -0.017308425158262253,
      "m11": 0,
      "m12": -0.5174886584281921,
      "m13": 0.3343336284160614,
      "m14": 0.0017683332553133368,
      "m15": 1
    }
  ],
  "_hash": 1728080913
}