{
  "__type__": "cc.Skeleton",
  "_name": "Skin-16",
  "_objFlags": 0,
  "_native": "",
  "_joints": [
    "Cizme/Bone442",
    "Cizme/Bone442/Bone443"
  ],
  "_bindposes": [
    {
      "__type__": "cc.Mat4",
      "m00": -0.6787859201431274,
      "m01": 0.3816937208175659,
      "m02": 0.627342939376831,
      "m03": 0,
      "m04": -0.6855287551879883,
      "m05": -0.023118069395422935,
      "m06": -0.727678120136261,
      "m07": 0,
      "m08": -0.2632470428943634,
      "m09": -0.9239997863769531,
      "m10": 0.27735435962677,
      "m11": 0,
      "m12": 0.0014404503162950277,
      "m13": 0.0007543512620031834,
      "m14": 0.0022105795796960592,
      "m15": 1
    },
    {
      "__type__": "cc.Mat4",
      "m00": -0.6647645235061646,
      "m01": 0.40561309456825256,
      "m02": 0.6273484230041504,
      "m03": 0,
      "m04": -0.6859232783317566,
      "m05": 0.0012987194349989295,
      "m06": -0.7276727557182312,
      "m07": 0,
      "m08": -0.2959684133529663,
      "m09": -0.9140435457229614,
      "m10": 0.27735626697540283,
      "m11": 0,
      "m12": -0.2880014479160309,
      "m13": 0.01100815087556839,
      "m14": 0.002212511608377099,
      "m15": 1
    }
  ],
  "_hash": 4024874828
}