{
  "__type__": "cc.Skeleton",
  "_name": "Skin-14",
  "_objFlags": 0,
  "_native": "",
  "_joints": [
    "Cizme/Circle020/Bone445",
    "Cizme/Circle020/Bone445/Bone446",
    "Cizme/Circle020/Bone445/Bone446/Bone447",
    "Cizme/Circle020/Bone445/Bone446/Bone447/Bone448"
  ],
  "_bindposes": [
    {
      "__type__": "cc.Mat4",
      "m00": -0.030960483476519585,
      "m01": -0.1484905630350113,
      "m02": -0.9884293675422668,
      "m03": 0,
      "m04": 0.4717915952205658,
      "m05": -0.8739771842956543,
      "m06": 0.11651873588562012,
      "m07": 0,
      "m08": -0.8811665177345276,
      "m09": -0.4627249836921692,
      "m10": 0.09711537510156631,
      "m11": 0,
      "m12": 0.38574835658073425,
      "m13": 0.0878562182188034,
      "m14": 0.01258643064647913,
      "m15": 1
    },
    {
      "__type__": "cc.Mat4",
      "m00": -0.11895547807216644,
      "m01": -0.09412667155265808,
      "m02": -0.9884282946586609,
      "m03": 0,
      "m04": -0.19812718033790588,
      "m05": -0.9732261896133423,
      "m06": 0.11652315407991409,
      "m07": 0,
      "m08": -0.9729321599006653,
      "m09": 0.20969544351100922,
      "m10": 0.09712142497301102,
      "m11": 0,
      "m12": 0.04012997820973396,
      "m13": 0.08091160655021667,
      "m14": 0.012607226148247719,
      "m15": 1
    },
    {
      "__type__": "cc.Mat4",
      "m00": -0.14756134152412415,
      "m01": 0.035103172063827515,
      "m02": -0.9884304404258728,
      "m03": 0,
      "m04": -0.8868539929389954,
      "m05": -0.4471178650856018,
      "m06": 0.11651819944381714,
      "m07": 0,
      "m08": -0.4378546178340912,
      "m09": 0.8937861919403076,
      "m10": 0.09710869938135147,
      "m11": 0,
      "m12": -0.13807187974452972,
      "m13": 0.3057074546813965,
      "m14": 0.012601158581674099,
      "m15": 1
    },
    {
      "__type__": "cc.Mat4",
      "m00": -0.147565558552742,
      "m01": 0.035106904804706573,
      "m02": -0.9884293675422668,
      "m03": 0,
      "m04": -0.886851966381073,
      "m05": -0.44711893796920776,
      "m06": 0.11652033776044846,
      "m07": 0,
      "m08": -0.4378544092178345,
      "m09": 0.8937851190567017,
      "m10": 0.09711411595344543,
      "m11": 0,
      "m12": -0.5332373976707458,
      "m13": 0.30571305751800537,
      "m14": 0.01260415930300951,
      "m15": 1
    }
  ],
  "_hash": 3872861470
}