{
  "__type__": "cc.Skeleton",
  "_name": "Skin-6",
  "_objFlags": 0,
  "_native": "",
  "_joints": [
    "Animirani_objekti/Group097/Bone425/Bone426",
    "Animirani_objekti/Group097/Bone425"
  ],
  "_bindposes": [
    {
      "__type__": "cc.Mat4",
      "m00": -2.1469198641099752e-10,
      "m01": -1,
      "m02": -2.6182600532109745e-9,
      "m03": 0,
      "m04": 6.179446148632493e-17,
      "m05": 2.6182600532109745e-9,
      "m06": -1,
      "m07": 0,
      "m08": 1,
      "m09": -2.1469198641099752e-10,
      "m10": 6.123234262925839e-17,
      "m11": 0,
      "m12": -0.21720844507217407,
      "m13": 0.0014509246684610844,
      "m14": -0.00013214003411121666,
      "m15": 1
    },
    {
      "__type__": "cc.Mat4",
      "m00": -0.006008659955114126,
      "m01": -0.9999819993972778,
      "m02": -0.000003863990059471689,
      "m03": 0,
      "m04": -0.00000437177368439734,
      "m05": 0.000003890329026035033,
      "m06": -1,
      "m07": 0,
      "m08": 0.9999819993972778,
      "m09": -0.006008659955114126,
      "m10": -0.0000043950699364359025,
      "m11": 0,
      "m12": -0.0004484901437535882,
      "m13": 0.0014475065981969237,
      "m14": -0.0001344050106126815,
      "m15": 1
    }
  ],
  "_hash": 2739405924
}