{
  "__type__": "cc.Skeleton",
  "_name": "Skin-1",
  "_objFlags": 0,
  "_native": "",
  "_joints": [
    "ANIM_scena/ANIM_anim2_leptir/ANIM_anim2_joint2"
  ],
  "_bindposes": [
    {
      "__type__": "cc.Mat4",
      "m00": -0.0008392482995986938,
      "m01": 9.58320986761875e-20,
      "m02": -0.0006879251450300217,
      "m03": 0,
      "m04": 4.9406997155780836e-20,
      "m05": 0.0010020140325650573,
      "m06": 1.0533935074535401e-19,
      "m07": 0,
      "m08": 0.0006712017930112779,
      "m09": 4.606771425934401e-20,
      "m10": -0.0008601585868746042,
      "m11": 0,
      "m12": -0.0001804217608878389,
      "m13": 0.0000406611870857887,
      "m14": 0.00023438356583938003,
      "m15": 1
    }
  ],
  "_hash": 390292626
}