{
  "__type__": "cc.Skeleton",
  "_name": "Skin-0",
  "_objFlags": 0,
  "_native": "",
  "_joints": [
    "Stalak_i_fenjer/fenjer/transform1/joint1"
  ],
  "_bindposes": [
    {
      "__type__": "cc.Mat4",
      "m00": 0.8369943499565125,
      "m01": 0,
      "m02": -0.5472115278244019,
      "m03": 0,
      "m04": 0,
      "m05": 1,
      "m06": 0,
      "m07": 0,
      "m08": 0.5472115278244019,
      "m09": 0,
      "m10": 0.8369943499565125,
      "m11": 0,
      "m12": -0.005939367692917585,
      "m13": -0.057218194007873535,
      "m14": -0.010726450011134148,
      "m15": 1
    }
  ],
  "_hash": 1727812412
}