{
  "__type__": "cc.Skeleton",
  "_name": "Skin-14",
  "_objFlags": 0,
  "_native": "",
  "_joints": [
    "Cizme/Circle020/Bone445",
    "Cizme/Circle020/Bone445/Bone446",
    "Cizme/Circle020/Bone445/Bone446/Bone447",
    "Cizme/Circle020/Bone445/Bone446/Bone447/Bone448"
  ],
  "_bindposes": [
    {
      "__type__": "cc.Mat4",
      "m00": -0.030959919095039368,
      "m01": -0.14849059283733368,
      "m02": -0.9884293079376221,
      "m03": 0,
      "m04": 0.471791535615921,
      "m05": -0.8739771842956543,
      "m06": 0.116519033908844,
      "m07": 0,
      "m08": -0.8811665773391724,
      "m09": -0.4627249836921692,
      "m10": 0.09711488336324692,
      "m11": 0,
      "m12": 0.3857632577419281,
      "m13": 0.08785279095172882,
      "m14": 0.012599983252584934,
      "m15": 1
    },
    {
      "__type__": "cc.Mat4",
      "m00": -0.11895548552274704,
      "m01": -0.09412645548582077,
      "m02": -0.9884282946586609,
      "m03": 0,
      "m04": -0.19812719523906708,
      "m05": -0.9732261896133423,
      "m06": 0.11652294546365738,
      "m07": 0,
      "m08": -0.9729321599006653,
      "m09": 0.20969544351100922,
      "m10": 0.0971214696764946,
      "m11": 0,
      "m12": 0.040148429572582245,
      "m13": 0.08091019093990326,
      "m14": 0.01261359266936779,
      "m15": 1
    },
    {
      "__type__": "cc.Mat4",
      "m00": -0.14756138622760773,
      "m01": 0.035103846341371536,
      "m02": -0.9884305000305176,
      "m03": 0,
      "m04": -0.8868542909622192,
      "m05": -0.4471176862716675,
      "m06": 0.11651796102523804,
      "m07": 0,
      "m08": -0.4378543794155121,
      "m09": 0.8937863111495972,
      "m10": 0.09710928797721863,
      "m11": 0,
      "m12": -0.13807059824466705,
      "m13": 0.3057103753089905,
      "m14": 0.012600576505064964,
      "m15": 1
    },
    {
      "__type__": "cc.Mat4",
      "m00": -0.14756551384925842,
      "m01": 0.0351065918803215,
      "m02": -0.9884293675422668,
      "m03": 0,
      "m04": -0.886851966381073,
      "m05": -0.44711893796920776,
      "m06": 0.11652043461799622,
      "m07": 0,
      "m08": -0.43785443902015686,
      "m09": 0.8937851190567017,
      "m10": 0.09711381793022156,
      "m11": 0,
      "m12": -0.5332381725311279,
      "m13": 0.30571165680885315,
      "m14": 0.012602357193827629,
      "m15": 1
    }
  ],
  "_hash": 3872861470
}