{
  "__type__": "cc.Skeleton",
  "_name": "Skin-17",
  "_objFlags": 0,
  "_native": "",
  "_joints": [
    "Cizme/Bone438/Bone439/Bone440",
    "Cizme/Bone438",
    "Cizme/Bone438/Bone439"
  ],
  "_bindposes": [
    {
      "__type__": "cc.Mat4",
      "m00": 0.25891247391700745,
      "m01": -0.0067031788639724255,
      "m02": 0.9658772349357605,
      "m03": 0,
      "m04": -0.017187828198075294,
      "m05": -0.999849796295166,
      "m06": -0.002331584459170699,
      "m07": 0,
      "m08": 0.9657478928565979,
      "m09": -0.015997665002942085,
      "m10": -0.2589886486530304,
      "m11": 0,
      "m12": -0.2807047963142395,
      "m13": -0.008724106475710869,
      "m14": -0.00723583810031414,
      "m15": 1
    },
    {
      "__type__": "cc.Mat4",
      "m00": -0.000057426201237831265,
      "m01": 0.25899940729141235,
      "m02": 0.9658771753311157,
      "m03": 0,
      "m04": 0.9999575614929199,
      "m05": 0.008918329142034054,
      "m06": -0.0023319909814745188,
      "m07": 0,
      "m08": -0.009217998012900352,
      "m09": 0.9658362865447998,
      "m10": -0.2589888274669647,
      "m11": 0,
      "m12": 0.5245802402496338,
      "m13": -0.0005831574671901762,
      "m14": -0.007235739380121231,
      "m15": 1
    },
    {
      "__type__": "cc.Mat4",
      "m00": 0.22016888856887817,
      "m01": 0.13640213012695312,
      "m02": 0.9658783078193665,
      "m03": 0,
      "m04": 0.5340189933776855,
      "m05": -0.8454691767692566,
      "m06": -0.0023302410263568163,
      "m07": 0,
      "m08": 0.8163015842437744,
      "m09": 0.5163105130195618,
      "m10": -0.25898757576942444,
      "m11": 0,
      "m12": 0.0991409420967102,
      "m13": -0.16125042736530304,
      "m14": -0.007230501156300306,
      "m15": 1
    }
  ],
  "_hash": 1848756047
}