{
  "__type__": "cc.Skeleton",
  "_name": "Skin-1",
  "_objFlags": 0,
  "_native": "",
  "_joints": [
    "Animirani_objekti/Group049/Bone336",
    "Animirani_objekti/Group049/Bone370",
    "Animirani_objekti/Group049/Bone370/Bone371",
    "Animirani_objekti/Group049/Bone370/Bone371/Bone372",
    "Animirani_objekti/Group049/Bone370/Bone371/Bone372/Bone373",
    "Animirani_objekti/Group049/Bone343/Bone344/Bone345/Bone346/Bone347",
    "Animirani_objekti/Group049/Bone343/Bone344/Bone345/Bone346",
    "Animirani_objekti/Group049/Bone343/Bone344/Bone345/Bone346/Bone347/Bone348",
    "Animirani_objekti/Group049/Bone343/Bone344/Bone345",
    "Animirani_objekti/Group049/Bone343/Bone344",
    "Animirani_objekti/Group049/Bone343",
    "Animirani_objekti/Group049/Bone329/Bone330/Bone331/Bone332",
    "Animirani_objekti/Group049/Bone329/Bone330/Bone331/Bone332/Bone333",
    "Animirani_objekti/Group049/Bone329/Bone330/Bone331/Bone332/Bone333/Bone334",
    "Animirani_objekti/Group049/Bone329/Bone330/Bone331",
    "Animirani_objekti/Group049/Bone329/Bone330",
    "Animirani_objekti/Group049/Bone329",
    "Animirani_objekti/Group049/Bone355",
    "Animirani_objekti/Group049/Bone355/Bone356",
    "Animirani_objekti/Group049/Bone355/Bone356/Bone357",
    "Animirani_objekti/Group049/Bone355/Bone356/Bone357/Bone358",
    "Animirani_objekti/Group049/Bone365",
    "Animirani_objekti/Group049/Bone365/Bone366",
    "Animirani_objekti/Group049/Bone365/Bone366/Bone367",
    "Animirani_objekti/Group049/Bone365/Bone366/Bone367/Bone368",
    "Animirani_objekti/Group049/Bone350",
    "Animirani_objekti/Group049/Bone350/Bone351",
    "Animirani_objekti/Group049/Bone350/Bone351/Bone352",
    "Animirani_objekti/Group049/Bone350/Bone351/Bone352/Bone353",
    "Animirani_objekti/Group049/Bone360",
    "Animirani_objekti/Group049/Bone360/Bone361",
    "Animirani_objekti/Group049/Bone360/Bone361/Bone362",
    "Animirani_objekti/Group049/Bone360/Bone361/Bone362/Bone363"
  ],
  "_bindposes": [
    {
      "__type__": "cc.Mat4",
      "m00": -0.0801624059677124,
      "m01": -0.9967813491821289,
      "m02": 0.0000015836619695619447,
      "m03": 0,
      "m04": -0.0000026110719772987068,
      "m05": -0.0000013787882835458731,
      "m06": -1.0000001192092896,
      "m07": 0,
      "m08": 0.9967813491821289,
      "m09": -0.0801624208688736,
      "m10": -0.0000024921441763581242,
      "m11": 0,
      "m12": -0.7776622772216797,
      "m13": 0.4537155330181122,
      "m14": 0.20118407905101776,
      "m15": 1
    },
    {
      "__type__": "cc.Mat4",
      "m00": -0.09350905567407608,
      "m01": 0.31701430678367615,
      "m02": 0.9437995553016663,
      "m03": 0,
      "m04": 0.23248499631881714,
      "m05": -0.9147943258285522,
      "m06": 0.33030563592910767,
      "m07": 0,
      "m08": 0.9680945873260498,
      "m09": 0.25030583143234253,
      "m10": 0.01184047944843769,
      "m11": 0,
      "m12": -0.8540256023406982,
      "m13": 0.12392700463533401,
      "m14": -0.21709349751472473,
      "m15": 1
    },
    {
      "__type__": "cc.Mat4",
      "m00": -0.2953370213508606,
      "m01": 0.17824119329452515,
      "m02": 0.9386193156242371,
      "m03": 0,
      "m04": 0.768491268157959,
      "m05": -0.5393754243850708,
      "m06": 0.3442319333553314,
      "m07": 0,
      "m08": 0.5676247477531433,
      "m09": 0.8229848742485046,
      "m10": 0.022320734336972237,
      "m11": 0,
      "m12": -0.9049832224845886,
      "m13": -0.6233242154121399,
      "m14": -0.23370468616485596,
      "m15": 1
    },
    {
      "__type__": "cc.Mat4",
      "m00": -0.36081284284591675,
      "m01": 0.06382106989622116,
      "m02": 0.9304516315460205,
      "m03": 0,
      "m04": 0.9010186195373535,
      "m05": -0.23372265696525574,
      "m06": 0.36543020606040955,
      "m07": 0,
      "m08": 0.24079006910324097,
      "m09": 0.970206081867218,
      "m10": 0.02682616375386715,
      "m11": 0,
      "m12": -0.8536341190338135,
      "m13": -0.9896410703659058,
      "m14": -0.2524281144142151,
      "m15": 1
    },
    {
      "__type__": "cc.Mat4",
      "m00": -0.3431950509548187,
      "m01": -0.14773119986057281,
      "m02": 0.927573025226593,
      "m03": 0,
      "m04": 0.8829454183578491,
      "m05": 0.2860793173313141,
      "m06": 0.37224525213241577,
      "m07": 0,
      "m08": -0.3203519284725189,
      "m09": 0.9467496871948242,
      "m10": 0.03225754201412201,
      "m11": 0,
      "m12": -0.3868827521800995,
      "m13": -1.4215086698532104,
      "m14": -0.2651599943637848,
      "m15": 1
    },
    {
      "__type__": "cc.Mat4",
      "m00": 0.803975522518158,
      "m01": 0.28594571352005005,
      "m02": -0.5214011073112488,
      "m03": 0,
      "m04": -0.49125415086746216,
      "m05": -0.17472407221794128,
      "m06": -0.8533120155334473,
      "m07": 0,
      "m08": -0.33510228991508484,
      "m09": 0.9421819448471069,
      "m10": -0.000001853807361840154,
      "m11": 0,
      "m12": 0.1846596747636795,
      "m13": -1.506699800491333,
      "m14": 0.16927792131900787,
      "m15": 1
    },
    {
      "__type__": "cc.Mat4",
      "m00": 0.8068259358406067,
      "m01": -0.2777770459651947,
      "m02": -0.5214138031005859,
      "m03": 0,
      "m04": -0.49301451444625854,
      "m05": 0.16973301768302917,
      "m06": -0.8533037900924683,
      "m07": 0,
      "m08": 0.3255297541618347,
      "m09": 0.9455314874649048,
      "m10": -0.000003114581659247051,
      "m11": 0,
      "m12": -0.6413792967796326,
      "m13": -1.293051838874817,
      "m14": 0.16928154230117798,
      "m15": 1
    },
    {
      "__type__": "cc.Mat4",
      "m00": 0.6963455677032471,
      "m01": 0.49320903420448303,
      "m02": -0.5213900208473206,
      "m03": 0,
      "m04": -0.42548632621765137,
      "m05": -0.30134496092796326,
      "m06": -0.8533186316490173,
      "m07": 0,
      "m08": -0.5779828429222107,
      "m09": 0.816048800945282,
      "m10": 0.000013458273315336555,
      "m11": 0,
      "m12": 0.48686033487319946,
      "m13": -1.4287645816802979,
      "m14": 0.16925100982189178,
      "m15": 1
    },
    {
      "__type__": "cc.Mat4",
      "m00": 0.2895115613937378,
      "m01": -0.8026944398880005,
      "m02": -0.5214059948921204,
      "m03": 0,
      "m04": -0.17690369486808777,
      "m05": 0.49047860503196716,
      "m06": -0.8533084988594055,
      "m07": 0,
      "m08": 0.9406847953796387,
      "m09": 0.3392814099788666,
      "m10": -3.941526642847748e-7,
      "m11": 0,
      "m12": -1.2164945602416992,
      "m13": -0.3111317753791809,
      "m14": 0.16927462816238403,
      "m15": 1
    },
    {
      "__type__": "cc.Mat4",
      "m00": -0.5018354058265686,
      "m01": -0.6901431679725647,
      "m02": -0.5214052200317383,
      "m03": 0,
      "m04": 0.3066405653953552,
      "m05": 0.4217046797275543,
      "m06": -0.8533092737197876,
      "m07": 0,
      "m08": 0.8087846636772156,
      "m09": -0.5881048440933228,
      "m10": -4.4125238218839513e-7,
      "m11": 0,
      "m12": -0.5516594052314758,
      "m13": 0.8321630954742432,
      "m14": 0.16927772760391235,
      "m15": 1
    },
    {
      "__type__": "cc.Mat4",
      "m00": -0.08583991229534149,
      "m01": -0.8489805459976196,
      "m02": -0.5214048027992249,
      "m03": 0,
      "m04": 0.052463699132204056,
      "m05": 0.518758237361908,
      "m06": -0.8533098101615906,
      "m07": 0,
      "m08": 0.9949267506599426,
      "m09": -0.10060279816389084,
      "m10": 0.000010497745279280934,
      "m11": 0,
      "m12": -0.7711006999015808,
      "m13": 0.44078734517097473,
      "m14": 0.1692686229944229,
      "m15": 1
    },
    {
      "__type__": "cc.Mat4",
      "m00": 0.726267397403717,
      "m01": -0.2436377853155136,
      "m02": 0.6427874565124512,
      "m03": 0,
      "m04": 0.6094108819961548,
      "m05": -0.2044369876384735,
      "m06": -0.7660437822341919,
      "m07": 0,
      "m08": 0.3180469870567322,
      "m09": 0.9480748772621155,