{
  "__type__": "cc.Skeleton",
  "_name": "Skin-15",
  "_objFlags": 0,
  "_native": "",
  "_joints": [
    "Cizme/Circle021/Bone449",
    "Cizme/Circle021/Bone449/Bone450",
    "Cizme/Circle021/Bone449/Bone450/Bone451",
    "Cizme/Circle021/Bone449/Bone450/Bone451/Bone452"
  ],
  "_bindposes": [
    {
      "__type__": "cc.Mat4",
      "m00": 0.012970022857189178,
      "m01": 0.014645620249211788,
      "m02": -0.9998089075088501,
      "m03": 0,
      "m04": 0.353016197681427,
      "m05": -0.9355721473693848,
      "m06": -0.009125168435275555,
      "m07": 0,
      "m08": -0.9355270266532898,
      "m09": -0.352830171585083,
      "m10": -0.017304552718997,
      "m11": 0,
      "m12": 0.3620295524597168,
      "m13": 0.10906007885932922,
      "m14": 0.0017698712181299925,
      "m15": 1
    },
    {
      "__type__": "cc.Mat4",
      "m00": 0.019224178045988083,
      "m01": 0.003603218123316765,
      "m02": -0.9998089075088501,
      "m03": 0,
      "m04": -0.2952924370765686,
      "m05": -0.9553629159927368,
      "m06": -0.009120888076722622,
      "m07": 0,
      "m08": -0.9552132487297058,
      "m09": 0.29541122913360596,
      "m10": -0.017302079126238823,
      "m11": 0,
      "m12": 0.03640500083565712,
      "m13": 0.10981852561235428,
      "m14": 0.001769780064933002,
      "m15": 1
    },
    {
      "__type__": "cc.Mat4",
      "m00": 0.014358950778841972,
      "m01": -0.013292301446199417,
      "m02": -0.9998089075088501,
      "m03": 0,
      "m04": -0.9430685639381409,
      "m05": -0.3324737846851349,
      "m06": -0.009123881347477436,
      "m07": 0,
      "m08": -0.33228883147239685,
      "m09": 0.9430191516876221,
      "m10": -0.0173095241189003,
      "m11": 0,
      "m12": -0.11148419231176376,
      "m13": 0.33433467149734497,
      "m14": 0.0017663185717538,
      "m15": 1
    },
    {
      "__type__": "cc.Mat4",
      "m00": 0.014358481392264366,
      "m01": -0.013291867449879646,
      "m02": -0.9998089075088501,
      "m03": 0,
      "m04": -0.9430674910545349,
      "m05": -0.33247485756874084,
      "m06": -0.009123564697802067,
      "m07": 0,
      "m08": -0.3322899043560028,
      "m09": 0.9430180788040161,
      "m10": -0.017308982089161873,
      "m11": 0,
      "m12": -0.5174862742424011,
      "m13": 0.33433443307876587,
      "m14": 0.0017671077512204647,
      "m15": 1
    }
  ],
  "_hash": 1728080913
}