{
  "__type__": "cc.Skeleton",
  "_name": "Skin-19",
  "_objFlags": 0,
  "_native": "",
  "_joints": [
    "Teretana/Bone375/Bone274_mirrored_001/Bone275_mirrored_001",
    "Teretana/Bone375/Bone274_mirrored_001",
    "Teretana/Bone375/Bone274_mirrored_001/Bone275_mirrored_001/Bone276_mirrored_001",
    "Teretana/Bone375/Bone274_mirrored_001/Bone275_mirrored_001/Bone276_mirrored_001/Bone277_mirrored_001",
    "Teretana/Bone375",
    "Teretana/Bone375/Bone376/Bone377",
    "Teretana/Bone375/Bone376",
    "Teretana/Bone375/Bone376/Bone377/Bone378"
  ],
  "_bindposes": [
    {
      "__type__": "cc.Mat4",
      "m00": -0.974137008190155,
      "m01": 0.22596099972724915,
      "m02": -0.0000011111300182164996,
      "m03": 0,
      "m04": 0.0000011105080375273246,
      "m05": -1.298650431635906e-7,
      "m06": -1,
      "m07": 0,
      "m08": -0.22596099972724915,
      "m09": -0.974137008190155,
      "m10": -1.2442500008091884e-7,
      "m11": 0,
      "m12": -0.4220874607563019,
      "m13": 0.21756388247013092,
      "m14": 0.0007875603041611612,
      "m15": 1
    },
    {
      "__type__": "cc.Mat4",
      "m00": -0.9945859909057617,
      "m01": 0.10391499847173691,
      "m02": -3.6805400327466486e-7,
      "m03": 0,
      "m04": 3.650163762358716e-7,
      "m05": -4.824808641501477e-8,
      "m06": -1,
      "m07": 0,
      "m08": -0.10391499847173691,
      "m09": -0.9945859909057617,
      "m10": 1.0056200316910235e-8,
      "m11": 0,
      "m12": 0.018812522292137146,
      "m13": 0.1637668013572693,
      "m14": 0.0007878942997194827,
      "m15": 1
    },
    {
      "__type__": "cc.Mat4",
      "m00": -0.9669259786605835,
      "m01": 0.2550579905509949,
      "m02": -0.00000436706977779977,
      "m03": 0,
      "m04": 0.000004456466285773786,
      "m05": -2.2739578753316891e-7,
      "m06": -1,
      "m07": 0,
      "m08": -0.2550579905509949,
      "m09": -0.9669259786605835,
      "m10": -9.167820280708838e-7,
      "m11": 0,
      "m12": -0.8429306745529175,
      "m13": 0.24293126165866852,
      "m14": 0.0007843371713533998,
      "m15": 1
    },
    {
      "__type__": "cc.Mat4",
      "m00": -0.9669150114059448,
      "m01": 0.25509700179100037,
      "m02": -4.664090056394343e-7,
      "m03": 0,
      "m04": 3.993028485638206e-7,
      "m05": -3.1484751161769964e-7,
      "m06": -1,
      "m07": 0,
      "m08": -0.25509700179100037,
      "m09": -0.9669150114059448,
      "m10": 2.0257000699075434e-7,
      "m11": 0,
      "m12": -1.2305721044540405,
      "m13": 0.2429821640253067,
      "m14": 0.0007896916940808296,
      "m15": 1
    },
    {
      "__type__": "cc.Mat4",
      "m00": 0.9945859909057617,
      "m01": 0.10391200333833694,
      "m02": -1.4334499809365298e-8,
      "m03": 0,
      "m04": 1.4901125666710868e-8,
      "m05": -2.80573345889934e-7,
      "m06": -1,
      "m07": 0,
      "m08": -0.10391200333833694,
      "m09": 0.9945859909057617,
      "m10": -2.806029897328699e-7,
      "m11": 0,
      "m12": 0.015445606783032417,
      "m13": -0.16411928832530975,
      "m14": 0.0007878847536630929,
      "m15": 1
    },
    {
      "__type__": "cc.Mat4",
      "m00": 0.9669250249862671,
      "m01": 0.25505998730659485,
      "m02": 0.0000045579299694509245,
      "m03": 0,
      "m04": 0.000004786374120158143,
      "m05": -2.7498177246343403e-7,
      "m06": -1,
      "m07": 0,
      "m08": -0.25505998730659485,
      "m09": 0.9669250249862671,
      "m10": -0.0000014866999435980688,
      "m11": 0,
      "m12": -0.8461988568305969,
      "m13": -0.2437979280948639,
      "m14": 0.0007838862366043031,
      "m15": 1
    },
    {
      "__type__": "cc.Mat4",
      "m00": 0.974137008190155,
      "m01": 0.22595800459384918,
      "m02": 1.76842007704181e-8,
      "m03": 0,
      "m04": 8.230951920040752e-8,
      "m05": -2.7658478529701824e-7,
      "m06": -1,
      "m07": 0,
      "m08": -0.22595800459384918,
      "m09": 0.974137008190155,
      "m10": -2.880300087326759e-7,
      "m11": 0,
      "m12": -0.42539286613464355,
      "m13": -0.21833045780658722,
      "m14": 0.0007878778269514441,
      "m15": 1
    },
    {
      "__type__": "cc.Mat4",
      "m00": 0.9669259190559387,
      "m01": 0.25505900382995605,
      "m02": -1.433440388609597e-8,
      "m03": 0,
      "m04": 5.7710085599183e-8,
      "m05": -2.749781913280458e-7,
      "m06": -1,
      "m07": 0,
      "m08": -0.25505924224853516,
      "m09": 0.9669250249862671,
      "m10": -2.8060301815457933e-7,
      "m11": 0,
      "m12": -1.233855128288269,
      "m13": -0.2437976747751236,
      "m14": 0.000789694779086858,
      "m15": 1
    }
  ],
  "_hash": 3336223033
}