{
  "__type__": "cc.Skeleton",
  "_name": "Skin-17",
  "_objFlags": 0,
  "_native": "",
  "_joints": [
    "Cizme/Bone438/Bone439/Bone440",
    "Cizme/Bone438",
    "Cizme/Bone438/Bone439"
  ],
  "_bindposes": [
    {
      "__type__": "cc.Mat4",
      "m00": 0.25891247391700745,
      "m01": -0.006703168153762817,
      "m02": 0.9658772349357605,
      "m03": 0,
      "m04": -0.017187826335430145,
      "m05": -0.999849796295166,
      "m06": -0.0023315742146223783,
      "m07": 0,
      "m08": 0.9657478928565979,
      "m09": -0.015997665002942085,
      "m10": -0.2589886486530304,
      "m11": 0,
      "m12": -0.2807021737098694,
      "m13": -0.008724384009838104,
      "m14": -0.007235707715153694,
      "m15": 1
    },
    {
      "__type__": "cc.Mat4",
      "m00": -0.00006746986036887392,
      "m01": 0.25899994373321533,
      "m02": 0.9658769965171814,
      "m03": 0,
      "m04": 0.9999575614929199,
      "m05": 0.008896919898688793,
      "m06": -0.002315858146175742,
      "m07": 0,
      "m08": -0.009193141013383865,
      "m09": 0.9658361673355103,
      "m10": -0.258989542722702,
      "m11": 0,
      "m12": 0.5245783925056458,
      "m13": -0.000594566750805825,
      "m14": -0.007229435723274946,
      "m15": 1
    },
    {
      "__type__": "cc.Mat4",
      "m00": 0.22018902003765106,
      "m01": 0.13639864325523376,
      "m02": 0.9658740162849426,
      "m03": 0,
      "m04": 0.5340057015419006,
      "m05": -0.845477819442749,
      "m06": -0.002340160310268402,
      "m07": 0,
      "m08": 0.8163051605224609,
      "m09": 0.5162976980209351,
      "m10": -0.2590026557445526,
      "m11": 0,
      "m12": 0.09914219379425049,
      "m13": -0.16125604510307312,
      "m14": -0.007230795454233885,
      "m15": 1
    }
  ],
  "_hash": 3727834226
}