{
  "__type__": "cc.Skeleton",
  "_name": "Skin-8",
  "_objFlags": 0,
  "_native": "",
  "_joints": [
    "Animirani_objekti/Group104/Bone483/Bone484",
    "Animirani_objekti/Group104/Bone483"
  ],
  "_bindposes": [
    {
      "__type__": "cc.Mat4",
      "m00": 3.7494052705247397e-33,
      "m01": -1,
      "m02": 5.885349878553825e-7,
      "m03": 0,
      "m04": -1.232595164407831e-32,
      "m05": -5.885349878553825e-7,
      "m06": -1,
      "m07": 0,
      "m08": 1,
      "m09": 3.7493935155812314e-33,
      "m10": -2.206652717741576e-39,
      "m11": 0,
      "m12": 2.463423490524292,
      "m13": 0.000005993312697682995,
      "m14": 0.030092718079686165,
      "m15": 1
    },
    {
      "__type__": "cc.Mat4",
      "m00": -1.4761603495117015e-7,
      "m01": -1,
      "m02": 4.5256433622853365e-7,
      "m03": 0,
      "m04": 0.000004506379809754435,
      "m05": -4.5256498992785055e-7,
      "m06": -1,
      "m07": 0,
      "m08": 1,
      "m09": -1.4761400279894588e-7,
      "m10": 0.000004506379809754435,
      "m11": 0,
      "m12": 2.6181399822235107,
      "m13": 0.000005613168468698859,
      "m14": 0.03010452166199684,
      "m15": 1
    }
  ],
  "_hash": 1129208214
}