{
  "__type__": "cc.Skeleton",
  "_name": "Skin-3",
  "_objFlags": 0,
  "_native": "",
  "_joints": [
    "Animirani_objekti/Group064/Bone418/Bone419/Bone420",
    "Animirani_objekti/Group064/Bone418/Bone419",
    "Animirani_objekti/Group064/Bone418/Bone419/Bone420/Bone421",
    "Animirani_objekti/Group064/Bone418"
  ],
  "_bindposes": [
    {
      "__type__": "cc.Mat4",
      "m00": 0.0000016305000372085487,
      "m01": -1,
      "m02": 1.629200028219202e-7,
      "m03": 0,
      "m04": -2.2437473035097355e-7,
      "m05": -1.629203723041428e-7,
      "m06": -1,
      "m07": 0,
      "m08": 1,
      "m09": 0.0000016305000372085487,
      "m10": -2.2437500035721314e-7,
      "m11": 0,
      "m12": -1.06739342212677,
      "m13": -0.0015152316773310304,
      "m14": 0.03630499541759491,
      "m15": 1
    },
    {
      "__type__": "cc.Mat4",
      "m00": 1.325767162718705e-9,
      "m01": -1,
      "m02": 1.6292099758175027e-7,
      "m03": 0,
      "m04": 1.788360037835446e-8,
      "m05": -1.6292099758175027e-7,
      "m06": -1,
      "m07": 0,
      "m08": 1,
      "m09": 1.3257700492985691e-9,
      "m10": 1.788360037835446e-8,
      "m11": 0,
      "m12": -0.08115880936384201,
      "m13": -0.0015134868444874883,
      "m14": 0.036304738372564316,
      "m15": 1
    },
    {
      "__type__": "cc.Mat4",
      "m00": 6.123234262925839e-17,
      "m01": -1,
      "m02": 0.000005001820227334974,
      "m03": 0,
      "m04": 6.123234262925839e-17,
      "m05": -0.000005001820227334974,
      "m06": -1,
      "m07": 0,
      "m08": 1,
      "m09": 6.123264703172381e-17,
      "m10": 6.123203160934807e-17,
      "m11": 0,
      "m12": -2.172621965408325,
      "m13": -0.0015115737915039062,
      "m14": 0.03630471229553223,
      "m15": 1
    },
    {
      "__type__": "cc.Mat4",
      "m00": -0.00001963659997272771,
      "m01": -1,
      "m02": 4.38007994318923e-8,
      "m03": 0,
      "m04": -0.000004554460701911012,
      "m05": -4.3711366970455856e-8,
      "m06": -1,
      "m07": 0,
      "m08": 1,
      "m09": -0.00001963659997272771,
      "m10": -0.00000455445979241631,
      "m11": 0,
      "m12": -0.001938678091391921,
      "m13": -0.0015134575078263879,
      "m14": 0.03630475327372551,
      "m15": 1
    }
  ],
  "_hash": 192027996
}