{
  "__type__": "cc.Skeleton",
  "_name": "Skin-2",
  "_objFlags": 0,
  "_native": "",
  "_joints": [
    "Animirani_objekti/Group062/Bone412",
    "Animirani_objekti/Group062/Bone412/Bone413",
    "Animirani_objekti/Group062/Bone412/Bone413/Bone414"
  ],
  "_bindposes": [
    {
      "__type__": "cc.Mat4",
      "m00": 0.000025642088075983338,
      "m01": -1,
      "m02": 4.526829968654056e-7,
      "m03": 0,
      "m04": 0.000025258812456740998,
      "m05": -4.5203532295090554e-7,
      "m06": -1,
      "m07": 0,
      "m08": 1,
      "m09": 0.000025642100808909163,
      "m10": 0.000025258799723815173,
      "m11": 0,
      "m12": -0.035102155059576035,
      "m13": -0.0018987206276506186,
      "m14": 0.0031094346195459366,
      "m15": 1
    },
    {
      "__type__": "cc.Mat4",
      "m00": -0.0000016262232520602993,
      "m01": -0.9060429930686951,
      "m02": -5.06980995851336e-7,
      "m03": 0,
      "m04": 5.115915087117173e-7,
      "m05": 5.069803705737286e-7,
      "m06": -0.9060429930686951,
      "m07": 0,
      "m08": 1.103700041770935,
      "m09": -0.0000013349899745662697,
      "m10": 4.199719967346027e-7,
      "m11": 0,
      "m12": -0.20950308442115784,
      "m13": -0.0017120743868872523,
      "m14": 0.0028228778392076492,
      "m15": 1
    },
    {
      "__type__": "cc.Mat4",
      "m00": 6.758213173579516e-17,
      "m01": -0.9060440063476562,
      "m02": -6.545960218318214e-7,
      "m03": 0,
      "m04": 6.758213173579516e-17,
      "m05": 6.545967039528477e-7,
      "m06": -0.9060429930686951,
      "m07": 0,
      "m08": 1.103700041770935,
      "m09": 5.5479152576441826e-17,
      "m10": 5.547917242877653e-17,
      "m11": 0,
      "m12": -2.9868967533111572,
      "m13": -0.001717710867524147,
      "m14": 0.0028232058975845575,
      "m15": 1
    }
  ],
  "_hash": 2756796244
}