{
  "__type__": "cc.Skeleton",
  "_name": "Skin-10",
  "_objFlags": 0,
  "_native": "",
  "_joints": [
    "Animirani_objekti/Group115/Point012/Bone479",
    "Animirani_objekti/Group115/Point012/Bone479/Bone480",
    "Animirani_objekti/Group115/Point012/Bone479/Bone480/Bone481",
    "Animirani_objekti/Group115/Point012/Bone479/Bone480/Bone481/Bone482"
  ],
  "_bindposes": [
    {
      "__type__": "cc.Mat4",
      "m00": 0.9897410273551941,
      "m01": -0.142877995967865,
      "m02": -1.9777600357429037e-7,
      "m03": 0,
      "m04": -2.7349236120244313e-7,
      "m05": -5.102978661852831e-7,
      "m06": -1,
      "m07": 0,
      "m08": 0.142877995967865,
      "m09": 0.9897410273551941,
      "m10": -5.44138003988337e-7,
      "m11": 0,
      "m12": 0.18221500515937805,
      "m13": -0.01983725279569626,
      "m14": 0.00002287601091666147,
      "m15": 1
    },
    {
      "__type__": "cc.Mat4",
      "m00": 0.998869001865387,
      "m01": -0.04755840077996254,
      "m02": -0.000005575389877776615,
      "m03": 0,
      "m04": -0.000005606977993011242,
      "m05": -5.307242076924013e-7,
      "m06": -1,
      "m07": 0,
      "m08": 0.04755840077996254,
      "m09": 0.998869001865387,
      "m10": -7.967819897203299e-7,
      "m11": 0,
      "m12": 0.05643327906727791,
      "m13": -0.014504318125545979,
      "m14": 0.00002256659536215011,
      "m15": 1
    },
    {
      "__type__": "cc.Mat4",
      "m00": 0.9991649985313416,
      "m01": 0.04086820036172867,
      "m02": 0.000004820400135940872,
      "m03": 0,
      "m04": 0.0000048468818931723945,
      "m05": -5.488496412908717e-7,
      "m06": -1,
      "m07": 0,
      "m08": -0.04086820036172867,
      "m09": 0.9991649985313416,
      "m10": -7.464739724127867e-7,
      "m11": 0,
      "m12": -0.12137608230113983,
      "m13": -0.025327043607831,
      "m14": 0.000021279824068187736,
      "m15": 1
    },
    {
      "__type__": "cc.Mat4",
      "m00": 0.9991639852523804,
      "m01": 0.040874700993299484,
      "m02": -1.947539942648291e-7,
      "m03": 0,
      "m04": -1.9382767391107336e-7,
      "m05": -2.6624094928706654e-8,
      "m06": -1,
      "m07": 0,
      "m08": -0.040874700993299484,
      "m09": 0.9991639852523804,
      "m10": -1.867920040865556e-8,
      "m11": 0,
      "m12": -0.24211139976978302,
      "m13": -0.02533317729830742,
      "m14": 0.000022648726371699013,
      "m15": 1
    }
  ],
  "_hash": 3910118565
}