{
  "__type__": "cc.Skeleton",
  "_name": "Skin-9",
  "_objFlags": 0,
  "_native": "",
  "_joints": [
    "Animirani_objekti/Group105/Bone486/Bone487",
    "Animirani_objekti/Group105/Bone486"
  ],
  "_bindposes": [
    {
      "__type__": "cc.Mat4",
      "m00": -8.471889856309645e-8,
      "m01": -1.0000005960464478,
      "m02": 1.2212453270876722e-15,
      "m03": 0,
      "m04": -3.4897698952818246e-8,
      "m05": 1.887379141862766e-15,
      "m06": -1.0000005960464478,
      "m07": 0,
      "m08": 1,
      "m09": -8.471889856309645e-8,
      "m10": -3.4897698952818246e-8,
      "m11": 0,
      "m12": -0.21720854938030243,
      "m13": 0.0014509068569168448,
      "m14": -0.0001371761318296194,
      "m15": 1
    },
    {
      "__type__": "cc.Mat4",
      "m00": -0.006008472293615341,
      "m01": -0.9999822378158569,
      "m02": -0.000004192089818388922,
      "m03": 0,
      "m04": -0.0000168055048561655,
      "m05": 0.000004293141500966158,
      "m06": -1.0000005960464478,
      "m07": 0,
      "m08": 0.9999819993972778,
      "m09": -0.006008469965308905,
      "m10": -0.00001683099617366679,
      "m11": 0,
      "m12": -0.00044864739174954593,
      "m13": 0.0014473958872258663,
      "m14": -0.00013513115118257701,
      "m15": 1
    }
  ],
  "_hash": 2875875958
}