{
  "__type__": "cc.Skeleton",
  "_name": "Skin-16",
  "_objFlags": 0,
  "_native": "",
  "_joints": [
    "Cizme/Bone442",
    "Cizme/Bone442/Bone443"
  ],
  "_bindposes": [
    {
      "__type__": "cc.Mat4",
      "m00": -0.6787856221199036,
      "m01": 0.3817017376422882,
      "m02": 0.627338707447052,
      "m03": 0,
      "m04": -0.6855248212814331,
      "m05": -0.02311032824218273,
      "m06": -0.7276824116706848,
      "m07": 0,
      "m08": -0.2632596492767334,
      "m09": -0.9239963293075562,
      "m10": 0.27735310792922974,
      "m11": 0,
      "m12": 0.001460315310396254,
      "m13": 0.0007514807512052357,
      "m14": 0.002202398842200637,
      "m15": 1
    },
    {
      "__type__": "cc.Mat4",
      "m00": -0.6647645235061646,
      "m01": 0.40561309456825256,
      "m02": 0.6273484230041504,
      "m03": 0,
      "m04": -0.6859232783317566,
      "m05": 0.0012987194349989295,
      "m06": -0.7276727557182312,
      "m07": 0,
      "m08": -0.2959684133529663,
      "m09": -0.9140435457229614,
      "m10": 0.27735626697540283,
      "m11": 0,
      "m12": -0.2879958748817444,
      "m13": 0.01100839115679264,
      "m14": 0.0022107716649770737,
      "m15": 1
    }
  ],
  "_hash": 3511248981
}