{
  "__type__": "cc.Skeleton",
  "_name": "Skin-15",
  "_objFlags": 0,
  "_native": "",
  "_joints": [
    "Cizme/Circle021/Bone449",
    "Cizme/Circle021/Bone449/Bone450",
    "Cizme/Circle021/Bone449/Bone450/Bone451",
    "Cizme/Circle021/Bone449/Bone450/Bone451/Bone452"
  ],
  "_bindposes": [
    {
      "__type__": "cc.Mat4",
      "m00": 0.01297125406563282,
      "m01": 0.01464552991092205,
      "m02": -0.9998089075088501,
      "m03": 0,
      "m04": 0.3530108332633972,
      "m05": -0.9355742931365967,
      "m06": -0.009124748408794403,
      "m07": 0,
      "m08": -0.9355291724205017,
      "m09": -0.3528248071670532,
      "m10": -0.017305618152022362,
      "m11": 0,
      "m12": 0.3620266318321228,
      "m13": 0.10906045883893967,
      "m14": 0.0017672141548246145,
      "m15": 1
    },
    {
      "__type__": "cc.Mat4",
      "m00": 0.01922210492193699,
      "m01": 0.0036028705071657896,
      "m02": -0.9998089075088501,
      "m03": 0,
      "m04": -0.29531076550483704,
      "m05": -0.9553574919700623,
      "m06": -0.009120271541178226,
      "m07": 0,
      "m08": -0.9552078247070312,
      "m09": 0.2954295575618744,
      "m10": -0.017300022765994072,
      "m11": 0,
      "m12": 0.03641055151820183,
      "m13": 0.10981949418783188,
      "m14": 0.0017675567651167512,
      "m15": 1
    },
    {
      "__type__": "cc.Mat4",
      "m00": 0.014361245557665825,
      "m01": -0.013292206451296806,
      "m02": -0.9998089075088501,
      "m03": 0,
      "m04": -0.9430699944496155,
      "m05": -0.33246946334838867,
      "m06": -0.009126151911914349,
      "m07": 0,
      "m08": -0.3322845995426178,
      "m09": 0.943020224571228,
      "m10": -0.017310163006186485,
      "m11": 0,
      "m12": -0.11148601025342941,
      "m13": 0.3343411386013031,
      "m14": 0.0017627690685912967,
      "m15": 1
    },
    {
      "__type__": "cc.Mat4",
      "m00": 0.014358476735651493,
      "m01": -0.013291961513459682,
      "m02": -0.9998089075088501,
      "m03": 0,
      "m04": -0.9430674910545349,
      "m05": -0.33247485756874084,
      "m06": -0.009123528376221657,
      "m07": 0,
      "m08": -0.3322899043560028,
      "m09": 0.9430180788040161,
      "m10": -0.017309069633483887,
      "m11": 0,
      "m12": -0.5174857974052429,
      "m13": 0.3343345522880554,
      "m14": 0.0017669281223788857,
      "m15": 1
    }
  ],
  "_hash": 1728080913
}