{
  "__type__": "cc.Skeleton",
  "_name": "Skin-6",
  "_objFlags": 0,
  "_native": "",
  "_joints": [
    "Animirani_objekti/Group097/Bone425/Bone426",
    "Animirani_objekti/Group097/Bone425"
  ],
  "_bindposes": [
    {
      "__type__": "cc.Mat4",
      "m00": -2.1469198641099752e-10,
      "m01": -1,
      "m02": -2.6182600532109745e-9,
      "m03": 0,
      "m04": 6.179446148632493e-17,
      "m05": 2.6182600532109745e-9,
      "m06": -1,
      "m07": 0,
      "m08": 1,
      "m09": -2.1469198641099752e-10,
      "m10": 6.123234262925839e-17,
      "m11": 0,
      "m12": -0.21720844507217407,
      "m13": 0.0014509246684610844,
      "m14": -0.00013214003411121666,
      "m15": 1
    },
    {
      "__type__": "cc.Mat4",
      "m00": -0.006008299998939037,
      "m01": -0.9999819993972778,
      "m02": -0.000003953270152123878,
      "m03": 0,
      "m04": 0.000010486964129086118,
      "m05": 0.0000038903317545191385,
      "m06": -1,
      "m07": 0,
      "m08": 0.9999819993972778,
      "m09": -0.006008299998939037,
      "m10": 0.000010463400030857883,
      "m11": 0,
      "m12": -0.0004484612145461142,
      "m13": 0.0014471145113930106,
      "m14": -0.00013441609917208552,
      "m15": 1
    }
  ],
  "_hash": 2247258768
}