{
  "__type__": "cc.Skeleton",
  "_name": "Skin-5",
  "_objFlags": 0,
  "_native": "",
  "_joints": [
    "Animirani_objekti/Group096/Bone428/Bone429",
    "Animirani_objekti/Group096/Bone428/Bone429/Bone430",
    "Animirani_objekti/Group096/Bone428"
  ],
  "_bindposes": [
    {
      "__type__": "cc.Mat4",
      "m00": -0.000008565069947508164,
      "m01": -1,
      "m02": -2.0866630734417413e-7,
      "m03": 0,
      "m04": 1.7583678868504649e-7,
      "m05": 2.0866480099357432e-7,
      "m06": -1,
      "m07": 0,
      "m08": 1,
      "m09": -0.000008565069947508164,
      "m10": 1.7583499811735237e-7,
      "m11": 0,
      "m12": -0.11322620511054993,
      "m13": -0.0068354480899870396,
      "m14": -0.0038904196117073298,
      "m15": 1
    },
    {
      "__type__": "cc.Mat4",
      "m00": -2.594590098325966e-10,
      "m01": -1,
      "m02": -0.0000021160080905247014,
      "m03": 0,
      "m04": 6.011029131892042e-16,
      "m05": 0.0000021160080905247014,
      "m06": -1,
      "m07": 0,
      "m08": 1,
      "m09": -2.594590098325966e-10,
      "m10": 5.208561102621853e-17,
      "m11": 0,
      "m12": -3.408956289291382,
      "m13": -0.0068655903451144695,
      "m14": -0.0038898286875337362,
      "m15": 1
    },
    {
      "__type__": "cc.Mat4",
      "m00": 0.0014798999764025211,
      "m01": -0.9999989867210388,
      "m02": -2.0863130600901059e-7,
      "m03": 0,
      "m04": 1.635632962404543e-8,
      "m05": 2.0865576288997545e-7,
      "m06": -1,
      "m07": 0,
      "m08": 0.9999989867210388,
      "m09": 0.0014798999764025211,
      "m10": 1.666509952258366e-8,
      "m11": 0,
      "m12": -0.0020490605384111404,
      "m13": -0.007005690131336451,
      "m14": -0.0038903956301510334,
      "m15": 1
    }
  ],
  "_hash": 414427583
}