{
  "__type__": "cc.Skeleton",
  "_name": "Skin-2",
  "_objFlags": 0,
  "_native": "",
  "_joints": [
    "Scena_dva_Bozic/Group035/Bone021",
    "Scena_dva_Bozic/Group035/Bone023"
  ],
  "_bindposes": [
    {
      "__type__": "cc.Mat4",
      "m00": -0.9999992847442627,
      "m01": -5.551115123125783e-17,
      "m02": -1.1731127137412645e-12,
      "m03": 0,
      "m04": 0,
      "m05": -0.9999992847442627,
      "m06": -0.000002980230647153803,
      "m07": 0,
      "m08": -1.1731127137412645e-12,
      "m09": -0.000002980230647153803,
      "m10": 1,
      "m11": 0,
      "m12": -0.3565634787082672,
      "m13": -0.0022434787824749947,
      "m14": -2.807574987411499,
      "m15": 1
    },
    {
      "__type__": "cc.Mat4",
      "m00": -0.007604354526847601,
      "m01": 0.9999710321426392,
      "m02": -0.000001271935730073892,
      "m03": 0,
      "m04": 1.0849076659269485e-7,
      "m05": 0.000001272797817364335,
      "m06": 0.9999996423721313,
      "m07": 0,
      "m08": 0.9999709725379944,
      "m09": 0.007604360114783049,
      "m10": -1.1816648992635237e-7,
      "m11": 0,
      "m12": -0.03866897150874138,
      "m13": -0.2053951770067215,
      "m14": -0.000012411710486048833,
      "m15": 1
    }
  ],
  "_hash": 2341338252
}