{
  "__type__": "cc.Skeleton",
  "_name": "Skin-1",
  "_objFlags": 0,
  "_native": "",
  "_joints": [
    "Scena_dva_Bozic/Group034/Bone018",
    "Scena_dva_Bozic/Group034/Bone019"
  ],
  "_bindposes": [
    {
      "__type__": "cc.Mat4",
      "m00": -1,
      "m01": 8.191519782485557e-7,
      "m02": 2.091590789454756e-12,
      "m03": 0,
      "m04": -8.191519782485557e-7,
      "m05": -1,
      "m06": -0.0000029802288281643996,
      "m07": 0,
      "m08": -3.496697560407408e-13,
      "m09": -0.0000029802304197801277,
      "m10": 1,
      "m11": 0,
      "m12": -0.35656923055648804,
      "m13": -0.002237538108602166,
      "m14": -2.807574987411499,
      "m15": 1
    },
    {
      "__type__": "cc.Mat4",
      "m00": -0.007604358717799187,
      "m01": 0.9999706149101257,
      "m02": -7.113792435120558e-7,
      "m03": 0,
      "m04": 1.123353712273456e-7,
      "m05": 7.122537226678105e-7,
      "m06": 1,
      "m07": 0,
      "m08": 0.9999709725379944,
      "m09": 0.007604360114783049,
      "m10": -1.1774843500234056e-7,
      "m11": 0,
      "m12": -0.03866897150874138,
      "m13": -0.2054067850112915,
      "m14": 5.359159445106343e-7,
      "m15": 1
    }
  ],
  "_hash": 840060430
}