{
  "__type__": "cc.Skeleton",
  "_name": "Skin-0",
  "_objFlags": 0,
  "_native": "",
  "_joints": [
    "Scena_dva_Bozic/Group033/Bone014",
    "Scena_dva_Bozic/Group033/Bone015"
  ],
  "_bindposes": [
    {
      "__type__": "cc.Mat4",
      "m00": -1,
      "m01": 1.1920599973791468e-7,
      "m02": 1.2246468525851679e-16,
      "m03": 0,
      "m04": -1.1920599973791468e-7,
      "m05": -1,
      "m06": -0.000002980229965032777,
      "m07": 0,
      "m08": -3.5513882416446374e-13,
      "m09": -0.000002980229965032777,
      "m10": 1,
      "m11": 0,
      "m12": -0.35656777024269104,
      "m13": -0.002239723689854145,
      "m14": -2.807574987411499,
      "m15": 1
    },
    {
      "__type__": "cc.Mat4",
      "m00": -0.007604360114783049,
      "m01": 0.9999709725379944,
      "m02": -6.830169922977802e-7,
      "m03": 0,
      "m04": 1.1388763709874183e-7,
      "m05": 6.839027832938882e-7,
      "m06": 1,
      "m07": 0,
      "m08": 0.9999709725379944,
      "m09": 0.007604360114783049,
      "m10": -1.1908500141544209e-7,
      "m11": 0,
      "m12": -0.03866896778345108,
      "m13": -0.20540694892406464,
      "m14": -4.577315166898188e-7,
      "m15": 1
    }
  ],
  "_hash": 3403168333
}