{
  "__type__": "cc.Skeleton",
  "_name": "Skin-6",
  "_objFlags": 0,
  "_native": "",
  "_joints": [
    "papirne_vetrenjace/joint19"
  ],
  "_bindposes": [
    {
      "__type__": "cc.Mat4",
      "m00": 0.044449273496866226,
      "m01": 0.8071539402008057,
      "m02": -0.5886642336845398,
      "m03": 0,
      "m04": -1.5577592193949386e-7,
      "m05": 0.5892468690872192,
      "m06": 0.8079525828361511,
      "m07": 0,
      "m08": 0.9990114569664001,
      "m09": -0.03591281548142433,
      "m10": 0.02619171515107155,
      "m11": 0,
      "m12": 0.00043011538218706846,
      "m13": 0.00003970452962676063,
      "m14": -0.00003830359855783172,
      "m15": 1
    }
  ],
  "_hash": 1424813970
}