{
  "__type__": "cc.Skeleton",
  "_name": "Skin-2",
  "_objFlags": 0,
  "_native": "",
  "_joints": [
    "Veliko_drvo/joint8"
  ],
  "_bindposes": [
    {
      "__type__": "cc.Mat4",
      "m00": 0.022606100887060165,
      "m01": 0,
      "m02": 0,
      "m03": 0,
      "m04": 0,
      "m05": 1.3842244063688206e-18,
      "m06": -0.022606100887060165,
      "m07": 0,
      "m08": 0,
      "m09": 0.026584099978208542,
      "m10": 1.6278066594915718e-18,
      "m11": 0,
      "m12": 0.02576502040028572,
      "m13": -0.0317683108150959,
      "m14": 0.008051750250160694,
      "m15": 1
    }
  ],
  "_hash": 3947793501
}