{
  "__type__": "cc.Skeleton",
  "_name": "Skin-2",
  "_objFlags": 0,
  "_native": "",
  "_joints": [
    "ANIM_scena/ANIM_Krojac/ANIM_transform25/ANIM_joint3",
    "ANIM_scena/ANIM_Krojac/ANIM_transform25/ANIM_joint3/ANIM_joint2",
    "ANIM_scena/ANIM_Krojac/ANIM_transform25/ANIM_joint3/ANIM_joint4",
    "ANIM_scena/ANIM_Krojac/ANIM_transform25/ANIM_joint3/ANIM_joint5"
  ],
  "_bindposes": [
    {
      "__type__": "cc.Mat4",
      "m00": -0.001985287992283702,
      "m01": -2.44223030687607e-10,
      "m02": 0.0005057135713286698,
      "m03": 0,
      "m04": -2.366646323359589e-10,
      "m05": 0.002048696391284466,
      "m06": 6.028589433215714e-11,
      "m07": 0,
      "m08": -0.0005057135713286698,
      "m09": 1.7026260888828914e-16,
      "m10": -0.001985287992283702,
      "m11": 0,
      "m12": -0.0008828963618725538,
      "m13": -0.020072124898433685,
      "m14": -0.001858231727965176,
      "m15": 1
    },
    {
      "__type__": "cc.Mat4",
      "m00": -0.0016926726093515754,
      "m01": -0.0002174637047573924,
      "m02": -0.0011334446026012301,
      "m03": 0,
      "m04": -0.000012846481695305556,
      "m05": 0.0020154258236289024,
      "m06": -0.0003674941835924983,
      "m07": 0,
      "m08": 0.001154046505689621,
      "m09": -0.00029652510420419276,
      "m10": -0.0016665459843352437,
      "m11": 0,
      "m12": 0.0007829235401004553,
      "m13": -0.029275378212332726,
      "m14": 0.003600368509069085,
      "m15": 1
    },
    {
      "__type__": "cc.Mat4",
      "m00": -0.001985287992283702,
      "m01": -2.44223030687607e-10,
      "m02": 0.0005057135713286698,
      "m03": 0,
      "m04": -2.366646323359589e-10,
      "m05": 0.002048696391284466,
      "m06": 6.028589433215714e-11,
      "m07": 0,
      "m08": -0.0005057135713286698,
      "m09": 1.7026260888828914e-16,
      "m10": -0.001985287992283702,
      "m11": 0,
      "m12": 0.009381603449583054,
      "m13": -0.020026374608278275,
      "m14": -0.005470761563628912,
      "m15": 1
    },
    {
      "__type__": "cc.Mat4",
      "m00": -0.001985287992283702,
      "m01": -2.44223030687607e-10,
      "m02": 0.0005057135713286698,
      "m03": 0,
      "m04": -2.366646323359589e-10,
      "m05": 0.002048696391284466,
      "m06": 6.028589433215714e-11,
      "m07": 0,
      "m08": -0.0005057135713286698,
      "m09": 1.7026260888828914e-16,
      "m10": -0.001985287992283702,
      "m11": 0,
      "m12": -0.011555376462638378,
      "m13": -0.008720864541828632,
      "m14": 0.003375328378751874,
      "m15": 1
    }
  ],
  "_hash": 4229121832
}