{
  "__type__": "cc.Skeleton",
  "_name": "Skin-1",
  "_objFlags": 0,
  "_native": "",
  "_joints": [
    "ANIM_scena/ANIM_anim2_leptir/ANIM_anim2_joint2"
  ],
  "_bindposes": [
    {
      "__type__": "cc.Mat4",
      "m00": -0.000798285473138094,
      "m01": 9.776289332225113e-20,
      "m02": -0.0006384404259733856,
      "m03": 0,
      "m04": 4.6995526563292945e-20,
      "m05": 0.001022202312014997,
      "m06": 9.776198859345615e-20,
      "m07": 0,
      "m08": 0.0006384404259733856,
      "m09": 4.699586906776533e-20,
      "m10": -0.000798285473138094,
      "m11": 0,
      "m12": -0.00017160722927656025,
      "m13": -0.000017690705135464668,
      "m14": 0.0002175123809138313,
      "m15": 1
    }
  ],
  "_hash": 228851023
}