{
  "__type__": "cc.Skeleton",
  "_name": "Skin-0",
  "_objFlags": 0,
  "_native": "",
  "_joints": [
    "Tree_04a/transform1/joint1",
    "Tree_04a/transform1/joint1/joint2"
  ],
  "_bindposes": [
    {
      "__type__": "cc.Mat4",
      "m00": 0.011209762655198574,
      "m01": 0,
      "m02": 0,
      "m03": 0,
      "m04": 0,
      "m05": 0.011209762655198574,
      "m06": 4.899942673830537e-10,
      "m07": 0,
      "m08": 0,
      "m09": -4.899942673830537e-10,
      "m10": 0.011209762655198574,
      "m11": 0,
      "m12": 0,
      "m13": 0,
      "m14": 0,
      "m15": 1
    },
    {
      "__type__": "cc.Mat4",
      "m00": 0.011209762655198574,
      "m01": 0,
      "m02": 0,
      "m03": 0,
      "m04": 0,
      "m05": 0.011209762655198574,
      "m06": 4.899942673830537e-10,
      "m07": 0,
      "m08": 0,
      "m09": -4.899942673830537e-10,
      "m10": 0.011209762655198574,
      "m11": 0,
      "m12": 0,
      "m13": -0.012724739499390125,
      "m14": 0,
      "m15": 1
    }
  ],
  "_hash": 2032996204
}