{
  "__type__": "cc.Skeleton",
  "_name": "Skin-15",
  "_objFlags": 0,
  "_native": "",
  "_joints": [
    "Objekti_iz_jezerca/transform90/joint16"
  ],
  "_bindposes": [
    {
      "__type__": "cc.Mat4",
      "m00": 0.0020704397466033697,
      "m01": 0,
      "m02": -0.0007875784067437053,
      "m03": 0,
      "m04": 0,
      "m05": 0.00221516122110188,
      "m06": 0,
      "m07": 0,
      "m08": 0.0007875784067437053,
      "m09": 0,
      "m10": 0.0020704397466033697,
      "m11": 0,
      "m12": 4.749570621243038e-7,
      "m13": -0.0010646648006513715,
      "m14": 0.00022293538495432585,
      "m15": 1
    }
  ],
  "_hash": 3708144585
}