{
  "__type__": "cc.Skeleton",
  "_name": "Skin-12",
  "_objFlags": 0,
  "_native": "",
  "_joints": [
    "Objekti_iz_jezerca/transform87/joint13"
  ],
  "_bindposes": [
    {
      "__type__": "cc.Mat4",
      "m00": 0.0021972947288304567,
      "m01": 0,
      "m02": -0.0008358309278264642,
      "m03": 0,
      "m04": 0,
      "m05": 0.002350890077650547,
      "m06": 0,
      "m07": 0,
      "m08": 0.0008358309278264642,
      "m09": 0,
      "m10": 0.0021972947288304567,
      "m11": 0,
      "m12": 0.0001638431567698717,
      "m13": -0.0010687400354072452,
      "m14": 0.00031732357456348836,
      "m15": 1
    }
  ],
  "_hash": 717731415
}