{
  "__type__": "cc.Skeleton",
  "_name": "Skin-16",
  "_objFlags": 0,
  "_native": "",
  "_joints": [
    "Objekti_iz_jezerca/transform91/joint17"
  ],
  "_bindposes": [
    {
      "__type__": "cc.Mat4",
      "m00": 0.002129680011421442,
      "m01": 0,
      "m02": -0.0008101117564365268,
      "m03": 0,
      "m04": 0,
      "m05": 0.0022785691544413567,
      "m06": 0,
      "m07": 0,
      "m08": 0.0008101117564365268,
      "m09": 0,
      "m10": 0.002129680011421442,
      "m11": 0,
      "m12": 0.00008630896627437323,
      "m13": -0.001064675161615014,
      "m14": 0.0002943298895843327,
      "m15": 1
    }
  ],
  "_hash": 2858040168
}