{
  "__type__": "cc.Skeleton",
  "_name": "Skin-10",
  "_objFlags": 0,
  "_native": "",
  "_joints": [
    "Objekti_iz_jezerca/transform84/joint10"
  ],
  "_bindposes": [
    {
      "__type__": "cc.Mat4",
      "m00": 0.0011780228232964873,
      "m01": 0,
      "m02": 0.0017601330764591694,
      "m03": 0,
      "m04": 0,
      "m05": 0.0021179800387471914,
      "m06": 0,
      "m07": 0,
      "m08": -0.0017601330764591694,
      "m09": 0,
      "m10": 0.0011780228232964873,
      "m11": 0,
      "m12": 0.00000994801757769892,
      "m13": -0.0010687400354072452,
      "m14": -0.00018187498790211976,
      "m15": 1
    }
  ],
  "_hash": 451800885
}