{
  "__type__": "cc.Skeleton",
  "_name": "Skin-6",
  "_objFlags": 0,
  "_native": "",
  "_joints": [
    "Jezerce/transform80/joint6"
  ],
  "_bindposes": [
    {
      "__type__": "cc.Mat4",
      "m00": 5.205150127410889,
      "m01": 0,
      "m02": 0,
      "m03": 0,
      "m04": 0,
      "m05": 1,
      "m06": 0,
      "m07": 0,
      "m08": 0,
      "m09": 0,
      "m10": 14.448741912841797,
      "m11": 0,
      "m12": 0.00047870000707916915,
      "m13": -0.0010325099574401975,
      "m14": -0.0034948899410665035,
      "m15": 1
    }
  ],
  "_hash": 2738602493
}