{
  "__type__": "cc.Skeleton",
  "_name": "Skin-14",
  "_objFlags": 0,
  "_native": "",
  "_joints": [
    "Objekti_iz_jezerca/transform88/joint14"
  ],
  "_bindposes": [
    {
      "__type__": "cc.Mat4",
      "m00": 0.0021972947288304567,
      "m01": 0,
      "m02": -0.0008358309278264642,
      "m03": 0,
      "m04": 0,
      "m05": 0.002350890077650547,
      "m06": 0,
      "m07": 0,
      "m08": 0.0008358309278264642,
      "m09": 0,
      "m10": 0.0021972947288304567,
      "m11": 0,
      "m12": 0.000008223001714213751,
      "m13": -0.0010646700393408537,
      "m14": 0.000271760014584288,
      "m15": 1
    }
  ],
  "_hash": 987833193
}