{
  "__type__": "cc.Skeleton",
  "_name": "Skin-13",
  "_objFlags": 0,
  "_native": "",
  "_joints": [
    "Objekti_iz_jezerca/transform86/joint12"
  ],
  "_bindposes": [
    {
      "__type__": "cc.Mat4",
      "m00": -0.0004979930818080902,
      "m01": 6.098643036344644e-20,
      "m02": -0.002362554892897606,
      "m03": 0,
      "m04": 6.357687569862696e-21,
      "m05": 0.00241445517167449,
      "m06": 6.098655961041716e-20,
      "m07": 0,
      "m08": 0.002362554892897606,
      "m09": 6.3576980711790665e-21,
      "m10": -0.0004979930818080902,
      "m11": 0,
      "m12": 0.0001757917198119685,
      "m13": -0.0010687274625524879,
      "m14": 0.00005357375994208269,
      "m15": 1
    }
  ],
  "_hash": 2068102802
}