{
  "__type__": "cc.Skeleton",
  "_name": "Skin-11",
  "_objFlags": 0,
  "_native": "",
  "_joints": [
    "Objekti_iz_jezerca/transform85/joint11"
  ],
  "_bindposes": [
    {
      "__type__": "cc.Mat4",
      "m00": -0.0003802069986704737,
      "m01": 4.6562145314626246e-20,
      "m02": -0.001803756458684802,
      "m03": 0,
      "m04": 4.853986711237448e-21,
      "m05": 0.0018434036755934358,
      "m06": 4.656206453526955e-20,
      "m07": 0,
      "m08": 0.001803756458684802,
      "m09": 4.854001251521653e-21,
      "m10": -0.0003802069986704737,
      "m11": 0,
      "m12": 0.00022295927919913083,
      "m13": -0.0010687526082620025,
      "m14": 0.00004161085234954953,
      "m15": 1
    }
  ],
  "_hash": 1408596393
}