{
  "__type__": "cc.Skeleton",
  "_name": "Skin-2",
  "_objFlags": 0,
  "_native": "",
  "_joints": [
    "ANIM_scena/ANIM_vrteska/joint20"
  ],
  "_bindposes": [
    {
      "__type__": "cc.Mat4",
      "m00": 0.9999969005584717,
      "m01": 0,
      "m02": 0.0024783352855592966,
      "m03": 0,
      "m04": 0,
      "m05": 1,
      "m06": 0,
      "m07": 0,
      "m08": -0.0024783352855592966,
      "m09": 0,
      "m10": 0.9999969005584717,
      "m11": 0,
      "m12": -0.0000020802774542971747,
      "m13": -0.0007067450787872076,
      "m14": 0.00001397694450133713,
      "m15": 1
    }
  ],
  "_hash": 1174184005
}