{
  "__type__": "cc.Skeleton",
  "_name": "Skin-1",
  "_objFlags": 0,
  "_native": "",
  "_joints": [
    "ANIM_scena/ANIM_anim2_leptir/ANIM_anim2_joint2"
  ],
  "_bindposes": [
    {
      "__type__": "cc.Mat4",
      "m00": -0.0008392476593144238,
      "m01": 9.583179494580633e-20,
      "m02": -0.0006879254360683262,
      "m03": 0,
      "m04": 4.9406777435930627e-20,
      "m05": 0.0010020078625530005,
      "m06": 1.0533901470323016e-19,
      "m07": 0,
      "m08": 0.000671201734803617,
      "m09": 4.606755593180489e-20,
      "m10": -0.0008601583540439606,
      "m11": 0,
      "m12": -0.00018041984003502876,
      "m13": 0.00004066677502123639,
      "m14": 0.00023443486134056002,
      "m15": 1
    }
  ],
  "_hash": 390292626
}