{
  "__type__": "cc.Skeleton",
  "_name": "Skin-0",
  "_objFlags": 0,
  "_native": "",
  "_joints": [
    "Animirani_objekti/BlueBuilding/Bone431",
    "Animirani_objekti/BlueBuilding/Bone431/Bone432",
    "Animirani_objekti/BlueBuilding/Bone431/Bone432/Bone433"
  ],
  "_bindposes": [
    {
      "__type__": "cc.Mat4",
      "m00": -0.00000707698609403451,
      "m01": -0.9999999403953552,
      "m02": 7.071010372783348e-7,
      "m03": 0,
      "m04": 0.0000016924061583267758,
      "m05": -7.071129743962956e-7,
      "m06": -0.9999999403953552,
      "m07": 0,
      "m08": 1,
      "m09": -0.000007076980182318948,
      "m10": 0.0000016924100236792583,
      "m11": 0,
      "m12": -0.03510214388370514,
      "m13": -0.0018981860484927893,
      "m14": 0.0031368667259812355,
      "m15": 1
    },
    {
      "__type__": "cc.Mat4",
      "m00": 0.0000027623952973954147,
      "m01": -0.9060437679290771,
      "m02": -7.071068353070586e-7,
      "m03": 0,
      "m04": 1.7274911101594626e-7,
      "m05": 7.071071763675718e-7,
      "m06": -0.9060437679290771,
      "m07": 0,
      "m08": 1.103700041770935,
      "m09": 0.0000022676899789075833,
      "m10": 1.4181399876633805e-7,
      "m11": 0,
      "m12": -0.20950311422348022,
      "m13": -0.0017164722084999084,
      "m14": 0.0028351221699267626,
      "m15": 1
    },
    {
      "__type__": "cc.Mat4",
      "m00": 2.431118275580957e-7,
      "m01": -0.9060437679290771,
      "m02": -7.071070058373152e-7,
      "m03": 0,
      "m04": -1.896838263716616e-13,
      "m05": 7.071070058373152e-7,
      "m06": -0.9060437679290771,
      "m07": 0,
      "m08": 1.103700041770935,
      "m09": 1.9957400354542187e-7,
      "m10": 4.0070240219901914e-17,
      "m11": 0,
      "m12": -2.9868969917297363,
      "m13": -0.0017101600533351302,
      "m14": 0.0028407517820596695,
      "m15": 1
    }
  ],
  "_hash": 1748370278
}