{
  "__type__": "cc.Skeleton",
  "_name": "Skin-11",
  "_objFlags": 0,
  "_native": "",
  "_joints": [
    "Animirani_objekti/Group115/Point010/Bone471",
    "Animirani_objekti/Group115/Point010/Bone471/Bone472",
    "Animirani_objekti/Group115/Point010/Bone471/Bone472/Bone473",
    "Animirani_objekti/Group115/Point010/Bone471/Bone472/Bone473/Bone474"
  ],
  "_bindposes": [
    {
      "__type__": "cc.Mat4",
      "m00": 0.9884740114212036,
      "m01": -0.15139000117778778,
      "m02": 0.000013943100384494755,
      "m03": 0,
      "m04": 0.000014072106750973035,
      "m05": -2.1920321557900024e-7,
      "m06": -1,
      "m07": 0,
      "m08": 0.15139000117778778,
      "m09": 0.9884740114212036,
      "m10": 0.0000019137000890623312,
      "m11": 0,
      "m12": 0.0675932914018631,
      "m13": 0.01656973734498024,
      "m14": 0.00001434872956451727,
      "m15": 1
    },
    {
      "__type__": "cc.Mat4",
      "m00": 0.9995409846305847,
      "m01": 0.030290400609374046,
      "m02": -0.000004917810201732209,
      "m03": 0,
      "m04": -0.000004913298653264064,
      "m05": -2.2333917115702207e-7,
      "m06": -1,
      "m07": 0,
      "m08": -0.030290400609374046,
      "m09": 0.9995409846305847,
      "m10": -7.44108987760228e-8,
      "m11": 0,
      "m12": -0.0031435827258974314,
      "m13": 0.01627306267619133,
      "m14": 0.000014355971870827489,
      "m15": 1
    },
    {
      "__type__": "cc.Mat4",
      "m00": 0.9898070096969604,
      "m01": -0.1424199938774109,
      "m02": 1.1092600260553809e-7,
      "m03": 0,
      "m04": 1.5004336262336437e-7,
      "m05": 2.639223737332941e-7,
      "m06": -1,
      "m07": 0,
      "m08": 0.1424199938774109,
      "m09": 0.9898070096969604,
      "m10": 2.8260100748411787e-7,
      "m11": 0,
      "m12": -0.0978781133890152,
      "m13": 0.033634744584560394,
      "m14": 0.000013848449270881247,
      "m15": 1
    },
    {
      "__type__": "cc.Mat4",
      "m00": 0.9898059964179993,
      "m01": -0.14242200553417206,
      "m02": -3.1857400051293894e-10,
      "m03": 0,
      "m04": 3.594674069518078e-8,
      "m05": 2.5205989118148864e-7,
      "m06": -1,
      "m07": 0,
      "m08": 0.14242200553417206,
      "m09": 0.9898059964179993,
      "m10": 2.546100006384222e-7,
      "m11": 0,
      "m12": -0.17394478619098663,
      "m13": 0.0336371511220932,
      "m14": 0.000014202093552739825,
      "m15": 1
    }
  ],
  "_hash": 1518809421
}