{
  "__type__": "cc.Skeleton",
  "_name": "Skin-5",
  "_objFlags": 0,
  "_native": "",
  "_joints": [
    "Animirani_objekti/Group096/Bone428/Bone429",
    "Animirani_objekti/Group096/Bone428/Bone429/Bone430",
    "Animirani_objekti/Group096/Bone428"
  ],
  "_bindposes": [
    {
      "__type__": "cc.Mat4",
      "m00": -0.000007815719982318114,
      "m01": -1,
      "m02": -2.0866443151135172e-7,
      "m03": 0,
      "m04": 3.9781911098657474e-9,
      "m05": 2.086644030896423e-7,
      "m06": -1,
      "m07": 0,
      "m08": 1,
      "m09": -0.000007815719982318114,
      "m10": 3.976559970197968e-9,
      "m11": 0,
      "m12": -0.11322619020938873,
      "m13": -0.006836485117673874,
      "m14": -0.0038903953973203897,
      "m15": 1
    },
    {
      "__type__": "cc.Mat4",
      "m00": -2.594590098325966e-10,
      "m01": -1,
      "m02": -0.0000021160080905247014,
      "m03": 0,
      "m04": 6.011029131892042e-16,
      "m05": 0.0000021160080905247014,
      "m06": -1,
      "m07": 0,
      "m08": 1,
      "m09": -2.594590098325966e-10,
      "m10": 5.208561102621853e-17,
      "m11": 0,
      "m12": -3.408956289291382,
      "m13": -0.0068655903451144695,
      "m14": -0.0038898286875337362,
      "m15": 1
    },
    {
      "__type__": "cc.Mat4",
      "m00": 0.0014659500448033214,
      "m01": -0.9999989867210388,
      "m02": -2.0863551242200629e-7,
      "m03": 0,
      "m04": 1.3247037244923376e-8,
      "m05": 2.086551660340774e-7,
      "m06": -1,
      "m07": 0,
      "m08": 0.9999989867210388,
      "m09": 0.0014659500448033214,
      "m10": 1.3552900135493928e-8,
      "m11": 0,
      "m12": -0.0020491722971200943,
      "m13": -0.00700489804148674,
      "m14": -0.0038903953973203897,
      "m15": 1
    }
  ],
  "_hash": 3695302741
}