{
  "__type__": "cc.Skeleton",
  "_name": "Skin-1",
  "_objFlags": 0,
  "_native": "",
  "_joints": [
    "Animirani_objekti/Group049/Bone336",
    "Animirani_objekti/Group049/Bone370",
    "Animirani_objekti/Group049/Bone370/Bone371",
    "Animirani_objekti/Group049/Bone370/Bone371/Bone372",
    "Animirani_objekti/Group049/Bone370/Bone371/Bone372/Bone373",
    "Animirani_objekti/Group049/Bone343/Bone344/Bone345/Bone346/Bone347",
    "Animirani_objekti/Group049/Bone343/Bone344/Bone345/Bone346",
    "Animirani_objekti/Group049/Bone343/Bone344/Bone345/Bone346/Bone347/Bone348",
    "Animirani_objekti/Group049/Bone343/Bone344/Bone345",
    "Animirani_objekti/Group049/Bone343/Bone344",
    "Animirani_objekti/Group049/Bone343",
    "Animirani_objekti/Group049/Bone329/Bone330/Bone331/Bone332",
    "Animirani_objekti/Group049/Bone329/Bone330/Bone331/Bone332/Bone333",
    "Animirani_objekti/Group049/Bone329/Bone330/Bone331/Bone332/Bone333/Bone334",
    "Animirani_objekti/Group049/Bone329/Bone330/Bone331",
    "Animirani_objekti/Group049/Bone329/Bone330",
    "Animirani_objekti/Group049/Bone329",
    "Animirani_objekti/Group049/Bone355",
    "Animirani_objekti/Group049/Bone355/Bone356",
    "Animirani_objekti/Group049/Bone355/Bone356/Bone357",
    "Animirani_objekti/Group049/Bone355/Bone356/Bone357/Bone358",
    "Animirani_objekti/Group049/Bone365",
    "Animirani_objekti/Group049/Bone365/Bone366",
    "Animirani_objekti/Group049/Bone365/Bone366/Bone367",
    "Animirani_objekti/Group049/Bone365/Bone366/Bone367/Bone368",
    "Animirani_objekti/Group049/Bone350",
    "Animirani_objekti/Group049/Bone350/Bone351",
    "Animirani_objekti/Group049/Bone350/Bone351/Bone352",
    "Animirani_objekti/Group049/Bone350/Bone351/Bone352/Bone353",
    "Animirani_objekti/Group049/Bone360",
    "Animirani_objekti/Group049/Bone360/Bone361",
    "Animirani_objekti/Group049/Bone360/Bone361/Bone362",
    "Animirani_objekti/Group049/Bone360/Bone361/Bone362/Bone363"
  ],
  "_bindposes": [
    {
      "__type__": "cc.Mat4",
      "m00": -0.0801624059677124,
      "m01": -0.9967813491821289,
      "m02": 0.0000015836619695619447,
      "m03": 0,
      "m04": -0.0000025786771402636077,
      "m05": -0.0000013813935311191017,
      "m06": -1.0000001192092896,
      "m07": 0,
      "m08": 0.9967813491821289,
      "m09": -0.0801624208688736,
      "m10": -0.000002459644520058646,
      "m11": 0,
      "m12": -0.7776623368263245,
      "m13": 0.4537203907966614,
      "m14": 0.20118887722492218,
      "m15": 1
    },
    {
      "__type__": "cc.Mat4",
      "m00": -0.09350867569446564,
      "m01": 0.31701433658599854,
      "m02": 0.943799614906311,
      "m03": 0,
      "m04": 0.23248513042926788,
      "m05": -0.9147943258285522,
      "m06": 0.3303055465221405,
      "m07": 0,
      "m08": 0.9680946469306946,
      "m09": 0.25030583143234253,
      "m10": 0.011840084567666054,
      "m11": 0,
      "m12": -0.8540247678756714,
      "m13": 0.12392879277467728,
      "m14": -0.2170899510383606,
      "m15": 1
    },
    {
      "__type__": "cc.Mat4",
      "m00": -0.29533663392066956,
      "m01": 0.17824165523052216,
      "m02": 0.9386193156242371,
      "m03": 0,
      "m04": 0.7684919238090515,
      "m05": -0.5393747687339783,
      "m06": 0.34423184394836426,
      "m07": 0,
      "m08": 0.5676246881484985,
      "m09": 0.8229848742485046,
      "m10": 0.022319849580526352,
      "m11": 0,
      "m12": -0.9049869775772095,
      "m13": -0.6233266592025757,
      "m14": -0.23370155692100525,
      "m15": 1
    },
    {
      "__type__": "cc.Mat4",
      "m00": -0.3608129322528839,
      "m01": 0.06382068991661072,
      "m02": 0.9304516315460205,
      "m03": 0,
      "m04": 0.9010185599327087,
      "m05": -0.23372282087802887,
      "m06": 0.36543020606040955,
      "m07": 0,
      "m08": 0.24079005420207977,
      "m09": 0.9702060222625732,
      "m10": 0.026826588436961174,
      "m11": 0,
      "m12": -0.8536278009414673,
      "m13": -0.9896454811096191,
      "m14": -0.2524324059486389,
      "m15": 1
    },
    {
      "__type__": "cc.Mat4",
      "m00": -0.3431949019432068,
      "m01": -0.1477326899766922,
      "m02": 0.9275725483894348,
      "m03": 0,
      "m04": 0.8829456567764282,
      "m05": 0.2860783636569977,
      "m06": 0.3722454309463501,
      "m07": 0,
      "m08": -0.32035163044929504,
      "m09": 0.946749746799469,
      "m10": 0.03225923329591751,
      "m11": 0,
      "m12": -0.3868788480758667,
      "m13": -1.421507477760315,
      "m14": -0.26516202092170715,
      "m15": 1
    },
    {
      "__type__": "cc.Mat4",
      "m00": 0.8039755821228027,
      "m01": 0.28594306111335754,
      "m02": -0.5214018225669861,
      "m03": 0,
      "m04": -0.49125394225120544,
      "m05": -0.17472678422927856,
      "m06": -0.8533112406730652,
      "m07": 0,
      "m08": -0.3351014256477356,
      "m09": 0.9421819448471069,
      "m10": -0.000005411468919191975,
      "m11": 0,
      "m12": 0.18466202914714813,
      "m13": -1.5067002773284912,
      "m14": 0.16928532719612122,
      "m15": 1
    },
    {
      "__type__": "cc.Mat4",
      "m00": 0.8068258762359619,
      "m01": -0.2777749300003052,
      "m02": -0.5214143991470337,
      "m03": 0,
      "m04": -0.49301445484161377,
      "m05": 0.16973505914211273,
      "m06": -0.8533031344413757,
      "m07": 0,
      "m08": 0.32552894949913025,
      "m09": 0.9455314874649048,
      "m10": -4.1926924154722656e-7,
      "m11": 0,
      "m12": -0.6413730978965759,
      "m13": -1.293050765991211,
      "m14": 0.16927945613861084,
      "m15": 1
    },
    {
      "__type__": "cc.Mat4",
      "m00": 0.696345865726471,
      "m01": 0.4932086765766144,
      "m02": -0.5213900208473206,
      "m03": 0,
      "m04": -0.42548590898513794,
      "m05": -0.301345556974411,
      "m06": -0.8533186316490173,
      "m07": 0,
      "m08": -0.5779828429222107,
      "m09": 0.816048800945282,
      "m10": 0.000012612441423698328,
      "m11": 0,
      "m12": 0.4868623912334442,
      "m13": -1.428763508796692,
      "m14": 0.16925659775733948,
      "m15": 1
    },
    {
      "__type__": "cc.Mat4",
      "m00": 0.28951138257980347,
      "m01": -0.8026944398880005,
      "m02": -0.5214060544967651,
      "m03": 0,
      "m04": -0.17690393328666687,
      "m05": 0.49047863483428955,
      "m06": -0.8533084392547607,
      "m07": 0,
      "m08": 0.9406847357749939,
      "m09": 0.3392814099788666,
      "m10": -6.661809379693295e-7,
      "m11": 0,
      "m12": -1.2164967060089111,
      "m13": -0.3111322522163391,
      "m14": 0.1692781299352646,
      "m15": 1
    },
    {
      "__type__": "cc.Mat4",
      "m00": -0.5018351674079895,
      "m01": -0.6901429891586304,
      "m02": -0.5214056968688965,
      "m03": 0,
      "m04": 0.3066408634185791,
      "m05": 0.42170506715774536,
      "m06": -0.853308916091919,
      "m07": 0,
      "m08": 0.808784544467926,
      "m09": -0.5881048440933228,
      "m10": -3.99431314690446e-7,
      "m11": 0,
      "m12": -0.5516604781150818,
      "m13": 0.8321580290794373,
      "m14": 0.1692810356616974,
      "m15": 1
    },
    {
      "__type__": "cc.Mat4",
      "m00": -0.08583993464708328,
      "m01": -0.8489805459976196,
      "m02": -0.5214048027992249,
      "m03": 0,
      "m04": 0.05246367305517197,
      "m05": 0.518758237361908,
      "m06": -0.8533098101615906,
      "m07": 0,
      "m08": 0.9949267506599426,
      "m09": -0.10060279816389084,
      "m10": 0.000010467623724252917,
      "m11": 0,
      "m12": -0.7710999250411987,
      "m13": 0.4407868981361389,
      "m14": 0.16927266120910645,
      "m15": 1
    },
    {
      "__type__": "cc.Mat4",
      "m00": 0.726267397403717,
      "m01": -0.24363769590854645,
      "m02": 0.6427874565124512,
      "m03": 0,
      "m04": 0.6094108819961548,
      "m05": -0.20443709194660187,
      "m06": -0.7660437822341919,
      "m07": 0,
      "m08": 0.3180469870567322,
      "m09": 0.9480748772621155,