{
  "__type__": "cc.Skeleton",
  "_name": "Skin-14",
  "_objFlags": 0,
  "_native": "",
  "_joints": [
    "Cizme/Circle020/Bone445",
    "Cizme/Circle020/Bone445/Bone446",
    "Cizme/Circle020/Bone445/Bone446/Bone447",
    "Cizme/Circle020/Bone445/Bone446/Bone447/Bone448"
  ],
  "_bindposes": [
    {
      "__type__": "cc.Mat4",
      "m00": -0.030960388481616974,
      "m01": -0.1484905630350113,
      "m02": -0.9884293675422668,
      "m03": 0,
      "m04": 0.4717915952205658,
      "m05": -0.8739771842956543,
      "m06": 0.1165187880396843,
      "m07": 0,
      "m08": -0.8811665177345276,
      "m09": -0.4627249836921692,
      "m10": 0.09711529314517975,
      "m11": 0,
      "m12": 0.38575172424316406,
      "m13": 0.08785559982061386,
      "m14": 0.012587809935212135,
      "m15": 1
    },
    {
      "__type__": "cc.Mat4",
      "m00": -0.11895547807216644,
      "m01": -0.09412667155265808,
      "m02": -0.9884282946586609,
      "m03": 0,
      "m04": -0.19812718033790588,
      "m05": -0.9732261896133423,
      "m06": 0.11652315407991409,
      "m07": 0,
      "m08": -0.9729321599006653,
      "m09": 0.20969544351100922,
      "m10": 0.09712142497301102,
      "m11": 0,
      "m12": 0.040133748203516006,
      "m13": 0.0809110552072525,
      "m14": 0.012609175406396389,
      "m15": 1
    },
    {
      "__type__": "cc.Mat4",
      "m00": -0.14756111800670624,
      "m01": 0.035102274268865585,
      "m02": -0.9884304404258728,
      "m03": 0,
      "m04": -0.8868539929389954,
      "m05": -0.4471178352832794,
      "m06": 0.11651838570833206,
      "m07": 0,
      "m08": -0.43785470724105835,
      "m09": 0.8937861919403076,
      "m10": 0.09710779041051865,
      "m11": 0,
      "m12": -0.13807228207588196,
      "m13": 0.3057069778442383,
      "m14": 0.012597949244081974,
      "m15": 1
    },
    {
      "__type__": "cc.Mat4",
      "m00": -0.1475653350353241,
      "m01": 0.035106007009744644,
      "m02": -0.9884293675422668,
      "m03": 0,
      "m04": -0.886851966381073,
      "m05": -0.4471189081668854,
      "m06": 0.11652052402496338,
      "m07": 0,
      "m08": -0.43785449862480164,
      "m09": 0.8937851190567017,
      "m10": 0.09711319953203201,
      "m11": 0,
      "m12": -0.5332382917404175,
      "m13": 0.30571237206459045,
      "m14": 0.012600849382579327,
      "m15": 1
    }
  ],
  "_hash": 3872861470
}