{
  "__type__": "cc.Skeleton",
  "_name": "Skin-0",
  "_objFlags": 0,
  "_native": "",
  "_joints": [
    "Crveni_fenjer_anim/KOREKCIJE_Grad_nevidljivih_ljudi_samo_anim:Crveni_fenjer/KOREKCIJE_Grad_nevidljivih_ljudi_samo_anim:joint19"
  ],
  "_bindposes": [
    {
      "__type__": "cc.Mat4",
      "m00": 0.9338669180870056,
      "m01": -0.1377609819173813,
      "m02": 0.33002200722694397,
      "m03": 0,
      "m04": 0.2571849822998047,
      "m05": 0.8999339938163757,
      "m06": -0.3520999848842621,
      "m07": 0,
      "m08": -0.24849237501621246,
      "m09": 0.41369104385375977,
      "m10": 0.8758490085601807,
      "m11": 0,
      "m12": -0.001775297918356955,
      "m13": -0.0009927989449352026,
      "m14": 0.0015768290031701326,
      "m15": 1
    }
  ],
  "_hash": 2663386528
}