{
  "__type__": "cc.Skeleton",
  "_name": "Skin-0",
  "_objFlags": 0,
  "_native": "",
  "_joints": [
    "Bara/joint1"
  ],
  "_bindposes": [
    {
      "__type__": "cc.Mat4",
      "m00": 0.557631254196167,
      "m01": 0,
      "m02": -0.8300943374633789,
      "m03": 0,
      "m04": 0,
      "m05": 1,
      "m06": 0,
      "m07": 0,
      "m08": 0.8300943374633789,
      "m09": 0,
      "m10": 0.557631254196167,
      "m11": 0,
      "m12": 0.09605974704027176,
      "m13": -0.13745662569999695,
      "m14": -0.0723881796002388,
      "m15": 1
    }
  ],
  "_hash": 3519463062
}