{
  "__type__": "cc.Skeleton",
  "_name": "Skin-0",
  "_objFlags": 0,
  "_native": "",
  "_joints": [
    "ANIM_scena/TRG_SE_Baloons_01/transform2/joint13"
  ],
  "_bindposes": [
    {
      "__type__": "cc.Mat4",
      "m00": 0.0012481698067858815,
      "m01": 0,
      "m02": 0.0005871533649042249,
      "m03": 0,
      "m04": 0,
      "m05": 0.0013793841935694218,
      "m06": 0,
      "m07": 0,
      "m08": -0.0005871533649042249,
      "m09": 0,
      "m10": 0.0012481698067858815,
      "m11": 0,
      "m12": -0.000004838329459744273,
      "m13": 0.00004856719169765711,
      "m14": -0.000028246280635357834,
      "m15": 1
    }
  ],
  "_hash": 1899837717
}