{
  "__type__": "cc.Skeleton",
  "_name": "Skin-0",
  "_objFlags": 0,
  "_native": "",
  "_joints": [
    "GameObject/Windmill/Bone009",
    "GameObject/Windmill/Bone011"
  ],
  "_bindposes": [
    {
      "__type__": "cc.Mat4",
      "m00": -1.0000001192092896,
      "m01": 3.6479690379565e-7,
      "m02": 1.043692042512756e-12,
      "m03": 0,
      "m04": -3.647969322173594e-7,
      "m05": -1,
      "m06": -0.0000028610220397240482,
      "m07": 0,
      "m08": -5.866372325829469e-23,
      "m09": -0.0000028610218123503728,
      "m10": 1.0000001192092896,
      "m11": 0,
      "m12": -0.3565693497657776,
      "m13": -0.002240382367745042,
      "m14": -2.807574987411499,
      "m15": 1
    },
    {
      "__type__": "cc.Mat4",
      "m00": -0.007604528684169054,
      "m01": 0.9999711513519287,
      "m02": -6.075189276089077e-7,
      "m03": 0,
      "m04": 2.3366797563539876e-7,
      "m05": 6.093134174989245e-7,
      "m06": 1.0000001192092896,
      "m07": 0,
      "m08": 0.999971330165863,
      "m09": 0.007604527287185192,
      "m10": -2.382947172918648e-7,
      "m11": 0,
      "m12": -0.03866887837648392,
      "m13": -0.20540565252304077,
      "m14": -1.6132599967022543e-7,
      "m15": 1
    }
  ],
  "_hash": 1104068668
}