{
  "__type__": "cc.Skeleton",
  "_name": "Skin-4",
  "_objFlags": 0,
  "_native": "",
  "_joints": [
    "Drvo_5/transform4/joint7",
    "Drvo_5/transform4/joint7/joint4"
  ],
  "_bindposes": [
    {
      "__type__": "cc.Mat4",
      "m00": -0.003558296710252762,
      "m01": 4.357656743305651e-19,
      "m02": -0.002025599591434002,
      "m03": 0,
      "m04": 2.5336123402314133e-19,
      "m05": 0.004094451200217009,
      "m06": 4.357656743305651e-19,
      "m07": 0,
      "m08": 0.0020255998242646456,
      "m09": 2.5336125987253547e-19,
      "m10": -0.003558297175914049,
      "m11": 0,
      "m12": 0,
      "m13": 0,
      "m14": 0,
      "m15": 1
    },
    {
      "__type__": "cc.Mat4",
      "m00": -0.003558296710252762,
      "m01": 4.357656743305651e-19,
      "m02": -0.002025599591434002,
      "m03": 0,
      "m04": 2.5336123402314133e-19,
      "m05": 0.004094451200217009,
      "m06": 4.357656743305651e-19,
      "m07": 0,
      "m08": 0.0020255998242646456,
      "m09": 2.5336125987253547e-19,
      "m10": -0.003558297175914049,
      "m11": 0,
      "m12": 0.0002059524122159928,
      "m13": -0.021058684214949608,
      "m14": 0,
      "m15": 1
    }
  ],
  "_hash": 898135831
}