{
  "__type__": "cc.Skeleton",
  "_name": "Skin-3",
  "_objFlags": 0,
  "_native": "",
  "_joints": [
    "Drvo_4/transform3/joint6",
    "Drvo_4/transform3/joint6/joint4",
    "Drvo_4/transform3/joint6/joint4/joint8"
  ],
  "_bindposes": [
    {
      "__type__": "cc.Mat4",
      "m00": 0.003954195883125067,
      "m01": 0,
      "m02": 0.0038740537129342556,
      "m03": 0,
      "m04": 0,
      "m05": 0.005535698030143976,
      "m06": 0,
      "m07": 0,
      "m08": -0.0038740537129342556,
      "m09": 0,
      "m10": 0.003954195883125067,
      "m11": 0,
      "m12": 0,
      "m13": 0,
      "m14": 0,
      "m15": 1
    },
    {
      "__type__": "cc.Mat4",
      "m00": 0.003954195883125067,
      "m01": 0,
      "m02": 0.0038740537129342556,
      "m03": 0,
      "m04": 0,
      "m05": 0.005535698030143976,
      "m06": 0,
      "m07": 0,
      "m08": -0.0038740537129342556,
      "m09": 0,
      "m10": 0.003954195883125067,
      "m11": 0,
      "m12": 0.004550788551568985,
      "m13": -0.02291768044233322,
      "m14": 0.0022277908865362406,
      "m15": 1
    },
    {
      "__type__": "cc.Mat4",
      "m00": 0.003954195883125067,
      "m01": 0,
      "m02": 0.0038740537129342556,
      "m03": 0,
      "m04": 0,
      "m05": 0.005535698030143976,
      "m06": 0,
      "m07": 0,
      "m08": -0.0038740537129342556,
      "m09": 0,
      "m10": 0.003954195883125067,
      "m11": 0,
      "m12": -0.00011120839189970866,
      "m13": -0.03367237374186516,
      "m14": 0.0035531732719391584,
      "m15": 1
    }
  ],
  "_hash": 2674747199
}