{
  "__type__": "cc.Skeleton",
  "_name": "Skin-0",
  "_objFlags": 0,
  "_native": "",
  "_joints": [
    "Drvo_1/transform1/joint1",
    "Drvo_1/transform1/joint1/joint2"
  ],
  "_bindposes": [
    {
      "__type__": "cc.Mat4",
      "m00": -0.0005281884223222733,
      "m01": 6.468442530239572e-20,
      "m02": 0.003684562398120761,
      "m03": 0,
      "m04": 9.07070233101282e-19,
      "m05": 0.0037222281098365784,
      "m06": 6.468442530239572e-20,
      "m07": 0,
      "m08": -0.003684562398120761,
      "m09": 9.07070233101282e-19,
      "m10": -0.0005281884223222733,
      "m11": 0,
      "m12": 0,
      "m13": 0,
      "m14": 0,
      "m15": 1
    },
    {
      "__type__": "cc.Mat4",
      "m00": -0.0005281884223222733,
      "m01": 6.468442530239572e-20,
      "m02": 0.003684562398120761,
      "m03": 0,
      "m04": 9.07070233101282e-19,
      "m05": 0.0037222281098365784,
      "m06": 6.468442530239572e-20,
      "m07": 0,
      "m08": -0.003684562398120761,
      "m09": 9.07070233101282e-19,
      "m10": -0.0005281884223222733,
      "m11": 0,
      "m12": 0,
      "m13": -0.017572108656167984,
      "m14": 0,
      "m15": 1
    }
  ],
  "_hash": 1873831990
}