{
  "__type__": "cc.Skeleton",
  "_name": "Skin-2",
  "_objFlags": 0,
  "_native": "",
  "_joints": [
    "Veliko_drvo/joint8"
  ],
  "_bindposes": [
    {
      "__type__": "cc.Mat4",
      "m00": 0.022606123238801956,
      "m01": 0,
      "m02": 0,
      "m03": 0,
      "m04": 0,
      "m05": 1.3842230622003252e-18,
      "m06": -0.022606123238801956,
      "m07": 0,
      "m08": 0,
      "m09": 0.026584073901176453,
      "m10": 1.6278083138527969e-18,
      "m11": 0,
      "m12": 0.025770332664251328,
      "m13": -0.0317683145403862,
      "m14": 0.008048003539443016,
      "m15": 1
    }
  ],
  "_hash": 1887661012
}