{
  "__type__": "cc.Skeleton",
  "_name": "Skin-3",
  "_objFlags": 0,
  "_native": "",
  "_joints": [
    "Cirkus/joint5",
    "Cirkus/joint5/joint6",
    "Cirkus/joint5/joint7"
  ],
  "_bindposes": [
    {
      "__type__": "cc.Mat4",
      "m00": -0.0070069581270217896,
      "m01": 5.0188924197169804e-12,
      "m02": -0.007134592160582542,
      "m03": 0,
      "m04": -0.007134592160582542,
      "m05": -4.929108770451718e-12,
      "m06": 0.0070069581270217896,
      "m07": 0,
      "m08": -1.2801292063505803e-18,
      "m09": 0.009999990463256836,
      "m10": 7.034583419246454e-12,
      "m11": 0,
      "m12": 0.20480948686599731,
      "m13": -0.12317722290754318,
      "m14": 0.4120851457118988,
      "m15": 1
    },
    {
      "__type__": "cc.Mat4",
      "m00": -0.007006957661360502,
      "m01": 8.581051216448406e-19,
      "m02": -0.007134592160582542,
      "m03": 0,
      "m04": -0.007134592160582542,
      "m05": 2.6141231217209066e-19,
      "m06": 0.007006957661360502,
      "m07": 0,
      "m08": 7.877779674716408e-19,
      "m09": 0.009999990463256836,
      "m10": 4.2905266421999687e-19,
      "m11": 0,
      "m12": 0.6592431664466858,
      "m13": -0.1320660412311554,
      "m14": -2.905904769897461,
      "m15": 1
    },
    {
      "__type__": "cc.Mat4",
      "m00": -0.007006957661360502,
      "m01": 8.581051216448406e-19,
      "m02": -0.007134592160582542,
      "m03": 0,
      "m04": -0.007134592160582542,
      "m05": 2.6141231217209066e-19,
      "m06": 0.007006957661360502,
      "m07": 0,
      "m08": 7.877779674716408e-19,
      "m09": 0.009999990463256836,
      "m10": 4.2905266421999687e-19,
      "m11": 0,
      "m12": -2.9556915760040283,
      "m13": -0.1320660412311554,
      "m14": 0.4982620179653168,
      "m15": 1
    }
  ],
  "_hash": 3703921142
}