{
  "__type__": "cc.Skeleton",
  "_name": "Skin-4",
  "_objFlags": 0,
  "_native": "",
  "_joints": [
    "Zeka_u_balonu/joint3",
    "Zeka_u_balonu/joint3/joint4"
  ],
  "_bindposes": [
    {
      "__type__": "cc.Mat4",
      "m00": 0.983582615852356,
      "m01": 0,
      "m02": 0.1804562360048294,
      "m03": 0,
      "m04": 0,
      "m05": 1,
      "m06": 0,
      "m07": 0,
      "m08": -0.1804562360048294,
      "m09": 0,
      "m10": 0.983582615852356,
      "m11": 0,
      "m12": 0.009986585937440395,
      "m13": -3.670619010925293,
      "m14": 0.06036548316478729,
      "m15": 1
    },
    {
      "__type__": "cc.Mat4",
      "m00": 0.976650595664978,
      "m01": 0.11657407134771347,
      "m02": 0.1804562658071518,
      "m03": 0,
      "m04": -0.11851979047060013,
      "m05": 0.9929519891738892,
      "m06": 1.3693544076431863e-7,
      "m07": 0,
      "m08": -0.1791844367980957,
      "m09": -0.02138778753578663,
      "m10": 0.983582615852356,
      "m11": 0,
      "m12": 0.19891566038131714,
      "m13": -1.3987585306167603,
      "m14": 0.06036528944969177,
      "m15": 1
    }
  ],
  "_hash": 166033021
}