{
  "__type__": "cc.Skeleton",
  "_name": "Skin-2",
  "_objFlags": 0,
  "_native": "",
  "_joints": [
    "Slika_2/joint10",
    "Slika_2/joint10/joint11"
  ],
  "_bindposes": [
    {
      "__type__": "cc.Mat4",
      "m00": 0.09085234254598618,
      "m01": 0,
      "m02": 0.6915870308876038,
      "m03": 0,
      "m04": 0,
      "m05": 0.6975290179252625,
      "m06": 0,
      "m07": 0,
      "m08": -0.6915870308876038,
      "m09": 0,
      "m10": 0.09085234254598618,
      "m11": 0,
      "m12": -0.00014302825729828328,
      "m13": -0.010784769430756569,
      "m14": -0.00008223531767725945,
      "m15": 1
    },
    {
      "__type__": "cc.Mat4",
      "m00": 0.09085234254598618,
      "m01": 0,
      "m02": 0.6915870308876038,
      "m03": 0,
      "m04": 0,
      "m05": 0.6975290179252625,
      "m06": 0,
      "m07": 0,
      "m08": -0.6915870308876038,
      "m09": 0,
      "m10": 0.09085234254598618,
      "m11": 0,
      "m12": -0.00014302825729828328,
      "m13": 0.01021712739020586,
      "m14": -0.00008223531767725945,
      "m15": 1
    }
  ],
  "_hash": 3505062713
}