{
  "__type__": "cc.Skeleton",
  "_name": "Skin-6",
  "_objFlags": 0,
  "_native": "",
  "_joints": [
    "Pismo2/joint14"
  ],
  "_bindposes": [
    {
      "__type__": "cc.Mat4",
      "m00": -0.27891799807548523,
      "m01": 3.4157602832209625e-17,
      "m02": -0.373872846364975,
      "m03": 0,
      "m04": 2.868992574834431e-17,
      "m05": 1.1803685426712036,
      "m06": 8.643693294044317e-17,
      "m07": 0,
      "m08": 0.4887548089027405,
      "m09": 1.4821240235990388e-17,
      "m10": -0.36462265253067017,
      "m11": 0,
      "m12": 0.004227969329804182,
      "m13": -0.00003700793604366481,
      "m14": 0.0006700975354760885,
      "m15": 1
    }
  ],
  "_hash": 3915449025
}