{
  "__type__": "cc.Skeleton",
  "_name": "Skin-1",
  "_objFlags": 0,
  "_native": "",
  "_joints": [
    "Vetrenjaca/joint3"
  ],
  "_bindposes": [
    {
      "__type__": "cc.Mat4",
      "m00": 1,
      "m01": 0,
      "m02": 0,
      "m03": 0,
      "m04": 0,
      "m05": 1,
      "m06": 0,
      "m07": 0,
      "m08": 0,
      "m09": 0,
      "m10": 1,
      "m11": 0,
      "m12": 0.20568421483039856,
      "m13": 0.0168753694742918,
      "m14": -0.0009948272490873933,
      "m15": 1
    }
  ],
  "_hash": 2906270908
}