{
  "__type__": "cc.Skeleton",
  "_name": "Skin-0",
  "_objFlags": 0,
  "_native": "",
  "_joints": [
    "Group036/Bone375/Bone274(mirrored)001/Bone275(mirrored)001",
    "Group036/Bone375/Bone274(mirrored)001",
    "Group036/Bone375/Bone274(mirrored)001/Bone275(mirrored)001/Bone276(mirrored)001",
    "Group036/Bone375/Bone274(mirrored)001/Bone275(mirrored)001/Bone276(mirrored)001/Bone277(mirrored)001",
    "Group036/Bone375",
    "Group036/Bone375/Bone376/Bone377",
    "Group036/Bone375/Bone376",
    "Group036/Bone375/Bone376/Bone377/Bone378"
  ],
  "_bindposes": [
    {
      "__type__": "cc.Mat4",
      "m00": -0.974137008190155,
      "m01": 0.22595873475074768,
      "m02": -3.603409197694418e-7,
      "m03": 0,
      "m04": 3.3978466262851725e-7,
      "m05": -1.298653131698302e-7,
      "m06": -1,
      "m07": 0,
      "m08": -0.22595874965190887,
      "m09": -0.9741369485855103,
      "m10": 4.972928735469395e-8,
      "m11": 0,
      "m12": -0.42208781838417053,
      "m13": 0.21756336092948914,
      "m14": 0.0007880554185248911,
      "m15": 1
    },
    {
      "__type__": "cc.Mat4",
      "m00": -0.9945865869522095,
      "m01": 0.10391277074813843,
      "m02": 3.87559779824187e-8,
      "m03": 0,
      "m04": -4.400774145096875e-8,
      "m05": -4.824733323971486e-8,
      "m06": -1,
      "m07": 0,
      "m08": -0.10391277819871902,
      "m09": -0.9945865273475647,
      "m10": 5.2559101959559484e-8,
      "m11": 0,
      "m12": 0.01881202682852745,
      "m13": 0.16376492381095886,
      "m14": 0.0007882183417677879,
      "m15": 1
    },
    {
      "__type__": "cc.Mat4",
      "m00": -0.9669252634048462,
      "m01": 0.255060076713562,
      "m02": -2.981076931973803e-7,
      "m03": 0,
      "m04": 2.4831601308505924e-7,
      "m05": -2.2741585326002678e-7,
      "m06": -1,
      "m07": 0,
      "m08": -0.255060076713562,
      "m09": -0.9669252038002014,
      "m10": 1.5655862739549775e-7,
      "m11": 0,
      "m12": -0.8429303169250488,
      "m13": 0.24293334782123566,
      "m14": 0.0007877203170210123,
      "m15": 1
    },
    {
      "__type__": "cc.Mat4",
      "m00": -0.9669153690338135,
      "m01": 0.2550971508026123,
      "m02": -4.664091761696909e-7,
      "m03": 0,
      "m04": 3.9930307593749603e-7,
      "m05": -3.1484816531701654e-7,
      "m06": -1,
      "m07": 0,
      "m08": -0.25509709119796753,
      "m09": -0.9669155478477478,
      "m10": 2.025704475272505e-7,
      "m11": 0,
      "m12": -1.230571985244751,
      "m13": 0.2429814487695694,
      "m14": 0.000787901459261775,
      "m15": 1
    },
    {
      "__type__": "cc.Mat4",
      "m00": 0.9945865273475647,
      "m01": 0.1039121001958847,
      "m02": -1.4334449183195375e-8,
      "m03": 0,
      "m04": 1.4901161193847656e-8,
      "m05": -2.8057311851625855e-7,
      "m06": -1,
      "m07": 0,
      "m08": -0.1039121001958847,
      "m09": 0.9945865273475647,
      "m10": -2.8060264867235674e-7,
      "m11": 0,
      "m12": 0.01544448547065258,
      "m13": -0.16411751508712769,
      "m14": 0.0007882733480073512,
      "m15": 1
    },
    {
      "__type__": "cc.Mat4",
      "m00": 0.9669255614280701,
      "m01": 0.2550590932369232,
      "m02": -1.4334438525054338e-8,
      "m03": 0,
      "m04": 5.77099186216401e-8,
      "m05": -2.749779923760798e-7,
      "m06": -1,
      "m07": 0,
      "m08": -0.2550590932369232,
      "m09": 0.9669255614280701,
      "m10": -2.8060264867235674e-7,
      "m11": 0,
      "m12": -0.8461980819702148,
      "m13": -0.24379600584506989,
      "m14": 0.0007882452919147909,
      "m15": 1
    },
    {
      "__type__": "cc.Mat4",
      "m00": 0.9741368889808655,
      "m01": 0.22595861554145813,
      "m02": -1.4334441189589597e-8,
      "m03": 0,
      "m04": 4.944087805824893e-8,
      "m05": -2.765843873930862e-7,
      "m06": -1,
      "m07": 0,
      "m08": -0.22595861554145813,
      "m09": 0.9741368889808655,
      "m10": -2.8060264867235674e-7,
      "m11": 0,
      "m12": -0.4253920018672943,
      "m13": -0.21833014488220215,
      "m14": 0.0007882664212957025,
      "m15": 1
    },
    {
      "__type__": "cc.Mat4",
      "m00": 0.9669256210327148,
      "m01": 0.2550588846206665,
      "m02": -1.433443319598382e-8,
      "m03": 0,
      "m04": 5.7709872436362275e-8,
      "m05": -2.749780207977892e-7,
      "m06": -1,
      "m07": 0,
      "m08": -0.2550588846206665,
      "m09": 0.9669256210327148,
      "m10": -2.8060264867235674e-7,
      "m11": 0,
      "m12": -1.2338556051254272,
      "m13": -0.24379655718803406,
      "m14": 0.0007882229401730001,
      "m15": 1
    }
  ],
  "_hash": 3592082292
}