{
  "__type__": "cc.Skeleton",
  "_name": "Skin-15",
  "_objFlags": 0,
  "_native": "",
  "_joints": [
    "Group105/Bone486/Bone487",
    "Group105/Bone486"
  ],
  "_bindposes": [
    {
      "__type__": "cc.Mat4",
      "m00": 6.123234262925839e-17,
      "m01": -1,
      "m02": -2.617071004351601e-9,
      "m03": 0,
      "m04": 6.123234262925839e-17,
      "m05": 2.617071004351601e-9,
      "m06": -1,
      "m07": 0,
      "m08": 1,
      "m09": 6.123234262925839e-17,
      "m10": 6.123234262925839e-17,
      "m11": 0,
      "m12": -0.21720902621746063,
      "m13": 0.001451074262149632,
      "m14": -0.00013487548858392984,
      "m15": 1
    },
    {
      "__type__": "cc.Mat4",
      "m00": -0.006008513271808624,
      "m01": -0.9999819397926331,
      "m02": -0.0000038899952414794825,
      "m03": 0,
      "m04": -4.297623590332478e-8,
      "m05": 0.000003890324023814173,
      "m06": -1,
      "m07": 0,
      "m08": 0.9999819397926331,
      "m09": -0.006008513271808624,
      "m10": -6.63505232978423e-8,
      "m11": 0,
      "m12": -0.0004490614519454539,
      "m13": 0.001447597867809236,
      "m14": -0.00013486984244082123,
      "m15": 1
    }
  ],
  "_hash": 3971919956
}