{
  "__type__": "cc.Skeleton",
  "_name": "Skin-8",
  "_objFlags": 0,
  "_native": "",
  "_joints": [
    "Group094/Bone442",
    "Group094/Bone442/Bone443"
  ],
  "_bindposes": [
    {
      "__type__": "cc.Mat4",
      "m00": -0.678781270980835,
      "m01": 0.3816941976547241,
      "m02": 0.627348005771637,
      "m03": 0,
      "m04": -0.6855345368385315,
      "m05": -0.02311745285987854,
      "m06": -0.7276729941368103,
      "m07": 0,
      "m08": -0.2632458806037903,
      "m09": -0.9239994883537292,
      "m10": 0.27735623717308044,
      "m11": 0,
      "m12": 0.0014530087355524302,
      "m13": 0.0007516346522606909,
      "m14": 0.002212026622146368,
      "m15": 1
    },
    {
      "__type__": "cc.Mat4",
      "m00": -0.6647645831108093,
      "m01": 0.4056134521961212,
      "m02": 0.6273483037948608,
      "m03": 0,
      "m04": -0.6859233975410461,
      "m05": 0.0012986602960154414,
      "m06": -0.7276726365089417,
      "m07": 0,
      "m08": -0.29596856236457825,
      "m09": -0.9140438437461853,
      "m10": 0.2773563861846924,
      "m11": 0,
      "m12": -0.28799575567245483,
      "m13": 0.011009793728590012,
      "m14": 0.002211908809840679,
      "m15": 1
    }
  ],
  "_hash": 3511248981
}