{
  "__type__": "cc.Skeleton",
  "_name": "Skin-14",
  "_objFlags": 0,
  "_native": "",
  "_joints": [
    "Group104/Bone483/Bone484",
    "Group104/Bone483"
  ],
  "_bindposes": [
    {
      "__type__": "cc.Mat4",
      "m00": 6.123234262925839e-17,
      "m01": -1,
      "m02": 5.885351015422202e-7,
      "m03": 0,
      "m04": 6.123234262925839e-17,
      "m05": -5.885351015422202e-7,
      "m06": -1,
      "m07": 0,
      "m08": 1,
      "m09": 6.12323757164829e-17,
      "m10": 6.123230292458899e-17,
      "m11": 0,
      "m12": 2.463423490524292,
      "m13": 0.000006218882390385261,
      "m14": 0.030092736706137657,
      "m15": 1
    },
    {
      "__type__": "cc.Mat4",
      "m00": 6.123234262925839e-17,
      "m01": -1,
      "m02": 4.525645636022091e-7,
      "m03": 0,
      "m04": 6.123234262925839e-17,
      "m05": -4.525645636022091e-7,
      "m06": -1,
      "m07": 0,
      "m08": 1,
      "m09": 6.1232369099038e-17,
      "m10": 6.123230954203389e-17,
      "m11": 0,
      "m12": 2.61814022064209,
      "m13": 0.000006214790573721984,
      "m14": 0.030092736706137657,
      "m15": 1
    }
  ],
  "_hash": 4236928347
}