{
  "__type__": "cc.Skeleton",
  "_name": "Skin-19",
  "_objFlags": 0,
  "_native": "",
  "_joints": [
    "Group115/Point012/Bone479",
    "Group115/Point012/Bone479/Bone480",
    "Group115/Point012/Bone479/Bone480/Bone481",
    "Group115/Point012/Bone479/Bone480/Bone481/Bone482"
  ],
  "_bindposes": [
    {
      "__type__": "cc.Mat4",
      "m00": 0.989737331867218,
      "m01": -0.14289891719818115,
      "m02": 1.7273807273454622e-8,
      "m03": 0,
      "m04": -2.3281190308921396e-8,
      "m05": -2.821299744937278e-7,
      "m06": -1,
      "m07": 0,
      "m08": 0.14289891719818115,
      "m09": 0.989737331867218,
      "m10": -2.825614160428813e-7,
      "m11": 0,
      "m12": 0.18221180140972137,
      "m13": -0.019836409017443657,
      "m14": 0.00002248060263809748,
      "m15": 1
    },
    {
      "__type__": "cc.Mat4",
      "m00": 0.9988685846328735,
      "m01": -0.04755808040499687,
      "m02": 1.7273805497097783e-8,
      "m03": 0,
      "m04": 3.816183369309556e-9,
      "m05": -2.8306322974458453e-7,
      "m06": -1,
      "m07": 0,
      "m08": 0.04755808040499687,
      "m09": 0.9988685846328735,
      "m10": -2.825614160428813e-7,
      "m11": 0,
      "m12": 0.05643102899193764,
      "m13": -0.014504676684737206,
      "m14": 0.000022483569409814663,
      "m15": 1
    },
    {
      "__type__": "cc.Mat4",
      "m00": 0.9991640448570251,
      "m01": 0.04087444767355919,
      "m02": 1.7273803720740943e-8,
      "m03": 0,
      "m04": 2.880890548340176e-8,
      "m05": -2.8161915111013514e-7,
      "m06": -1,
      "m07": 0,
      "m08": -0.04087444767355919,
      "m09": 0.9991640448570251,
      "m10": -2.825614160428813e-7,
      "m11": 0,
      "m12": -0.12137802690267563,
      "m13": -0.025328662246465683,
      "m14": 0.000022482883650809526,
      "m15": 1
    },
    {
      "__type__": "cc.Mat4",
      "m00": 0.9991641044616699,
      "m01": 0.04087444767355919,
      "m02": 3.858279740143189e-8,
      "m03": 0,
      "m04": 2.8808907259758598e-8,
      "m05": 2.397085836491897e-7,
      "m06": -1,
      "m07": 0,
      "m08": -0.04087444767355919,
      "m09": 0.9991641044616699,
      "m10": 2.3833075601942255e-7,
      "m11": 0,
      "m12": -0.24211014807224274,
      "m13": -0.025332625955343246,
      "m14": 0.000022466199880000204,
      "m15": 1
    }
  ],
  "_hash": 681322002
}