{
  "__type__": "cc.Skeleton",
  "_name": "Skin-11",
  "_objFlags": 0,
  "_native": "",
  "_joints": [
    "Group096/Bone428/Bone429",
    "Group096/Bone428/Bone429/Bone430",
    "Group096/Bone428"
  ],
  "_bindposes": [
    {
      "__type__": "cc.Mat4",
      "m00": 6.123234924670329e-17,
      "m01": -1.0000001192092896,
      "m02": 4.3711342101460104e-8,
      "m03": 0,
      "m04": 6.123234924670329e-17,
      "m05": -4.371134565417378e-8,
      "m06": -1,
      "m07": 0,
      "m08": 1.0000001192092896,
      "m09": 6.123234924670329e-17,
      "m10": 6.123233601181349e-17,
      "m11": 0,
      "m12": -0.11322665214538574,
      "m13": -0.0068398937582969666,
      "m14": -0.003889684798195958,
      "m15": 1
    },
    {
      "__type__": "cc.Mat4",
      "m00": 6.123234262925839e-17,
      "m01": -1,
      "m02": -0.0000018636370668900781,
      "m03": 0,
      "m04": 6.123234262925839e-17,
      "m05": 0.0000018636370668900781,
      "m06": -1,
      "m07": 0,
      "m08": 1,
      "m09": 6.123222351525019e-17,
      "m10": 6.12324551258217e-17,
      "m11": 0,
      "m12": -3.408957004547119,
      "m13": -0.006864690221846104,
      "m14": -0.0038896978367120028,
      "m15": 1
    },
    {
      "__type__": "cc.Mat4",
      "m00": 0.0014478719094768167,
      "m01": -0.9999989867210388,
      "m02": 4.3711342101460104e-8,
      "m03": 0,
      "m04": 6.123227645480939e-17,
      "m05": -4.371138828673793e-8,
      "m06": -1,
      "m07": 0,
      "m08": 0.9999989867210388,
      "m09": 0.0014478719094768167,
      "m10": -6.328842311331684e-11,
      "m11": 0,
      "m12": -0.0020498584490269423,
      "m13": -0.007004098501056433,
      "m14": -0.003889684798195958,
      "m15": 1
    }
  ],
  "_hash": 3794521015
}