{
  "__type__": "cc.Skeleton",
  "_name": "Skin-5",
  "_objFlags": 0,
  "_native": "",
  "_joints": [
    "BlueBuilding/Bone431",
    "BlueBuilding/Bone431/Bone432",
    "BlueBuilding/Bone431/Bone432/Bone433"
  ],
  "_bindposes": [
    {
      "__type__": "cc.Mat4",
      "m00": 6.123234262925839e-17,
      "m01": -1,
      "m02": 4.525645636022091e-7,
      "m03": 0,
      "m04": 6.123234262925839e-17,
      "m05": -4.525645636022091e-7,
      "m06": -1,
      "m07": 0,
      "m08": 1,
      "m09": 6.1232369099038e-17,
      "m10": 6.123230954203389e-17,
      "m11": 0,
      "m12": -0.03510250523686409,
      "m13": -0.0018975571729242802,
      "m14": 0.003111438825726509,
      "m15": 1
    },
    {
      "__type__": "cc.Mat4",
      "m00": 6.758211188346045e-17,
      "m01": -0.9060435891151428,
      "m02": -5.069833264315093e-7,
      "m03": 0,
      "m04": 6.758211188346045e-17,
      "m05": 5.069833264315093e-7,
      "m06": -0.9060435891151428,
      "m07": 0,
      "m08": 1.1036996841430664,
      "m09": 5.5479136032829575e-17,
      "m10": 5.547919889855613e-17,
      "m11": 0,
      "m12": -0.20950350165367126,
      "m13": -0.0017192723462358117,
      "m14": 0.0028190973680466413,
      "m15": 1
    },
    {
      "__type__": "cc.Mat4",
      "m00": 6.758211188346045e-17,
      "m01": -0.9060435891151428,
      "m02": -6.545960786752403e-7,
      "m03": 0,
      "m04": 6.758211188346045e-17,
      "m05": 6.545960786752403e-7,
      "m06": -0.9060435891151428,
      "m07": 0,
      "m08": 1.1036996841430664,
      "m09": 5.5479126106662224e-17,
      "m10": 5.547920882472348e-17,
      "m11": 0,
      "m12": -2.9868972301483154,
      "m13": -0.0017136542592197657,
      "m14": 0.0028205018024891615,
      "m15": 1
    }
  ],
  "_hash": 1910637765
}