{
  "__type__": "cc.Skeleton",
  "_name": "Skin-4",
  "_objFlags": 0,
  "_native": "",
  "_joints": [
    "Group064/Bone418/Bone419/Bone420",
    "Group064/Bone418/Bone419",
    "Group064/Bone418/Bone419/Bone420/Bone421",
    "Group064/Bone418"
  ],
  "_bindposes": [
    {
      "__type__": "cc.Mat4",
      "m00": 6.123234262925839e-17,
      "m01": -1,
      "m02": 1.6292068494294654e-7,
      "m03": 0,
      "m04": 6.123234262925839e-17,
      "m05": -1.6292068494294654e-7,
      "m06": -1,
      "m07": 0,
      "m08": 1,
      "m09": 6.123234924670329e-17,
      "m10": 6.123232939436859e-17,
      "m11": 0,
      "m12": -1.06739342212677,
      "m13": -0.0015130799729377031,
      "m14": 0.03630476072430611,
      "m15": 1
    },
    {
      "__type__": "cc.Mat4",
      "m00": 6.123234262925839e-17,
      "m01": -1,
      "m02": 1.6292068494294654e-7,
      "m03": 0,
      "m04": 6.123234262925839e-17,
      "m05": -1.6292068494294654e-7,
      "m06": -1,
      "m07": 0,
      "m08": 1,
      "m09": 6.123234924670329e-17,
      "m10": 6.123232939436859e-17,
      "m11": 0,
      "m12": -0.08115896582603455,
      "m13": -0.0015130799729377031,
      "m14": 0.03630476072430611,
      "m15": 1
    },
    {
      "__type__": "cc.Mat4",
      "m00": 6.123234262925839e-17,
      "m01": -1,
      "m02": 0.0000050018238653137814,
      "m03": 0,
      "m04": 6.123234262925839e-17,
      "m05": -0.0000050018238653137814,
      "m06": -1,
      "m07": 0,
      "m08": 1,
      "m09": 6.123264703172381e-17,
      "m10": 6.123203160934807e-17,
      "m11": 0,
      "m12": -2.1726222038269043,
      "m13": -0.0015129043022170663,
      "m14": 0.036304768174886703,
      "m15": 1
    },
    {
      "__type__": "cc.Mat4",
      "m00": 6.123234262925839e-17,
      "m01": -1,
      "m02": 4.371138828673793e-8,
      "m03": 0,
      "m04": 6.123234262925839e-17,
      "m05": -4.371138828673793e-8,
      "m06": -1,
      "m07": 0,
      "m08": 1,
      "m09": 6.123234262925839e-17,
      "m10": 6.123233601181349e-17,
      "m11": 0,
      "m12": -0.0019389986991882324,
      "m13": -0.0015130843967199326,
      "m14": 0.03630476072430611,
      "m15": 1
    }
  ],
  "_hash": 2238040468
}