{
  "__type__": "cc.Skeleton",
  "_name": "Skin-13",
  "_objFlags": 0,
  "_native": "",
  "_joints": [
    "Group098/Bone422/Bone423",
    "Group098/Bone422",
    "Group098/Bone422/Bone423/Bone424"
  ],
  "_bindposes": [
    {
      "__type__": "cc.Mat4",
      "m00": 6.123234262925839e-17,
      "m01": -1,
      "m02": -2.617071004351601e-9,
      "m03": 0,
      "m04": 6.123234262925839e-17,
      "m05": 2.617071004351601e-9,
      "m06": -1,
      "m07": 0,
      "m08": 1,
      "m09": 6.123234262925839e-17,
      "m10": 6.123234262925839e-17,
      "m11": 0,
      "m12": -0.2130623310804367,
      "m13": 0.00012402344145812094,
      "m14": -0.00013487548858392984,
      "m15": 1
    },
    {
      "__type__": "cc.Mat4",
      "m00": -0.006008513271808624,
      "m01": -0.9999819397926331,
      "m02": -0.0000038899952414794825,
      "m03": 0,
      "m04": -4.297623590332478e-8,
      "m05": 0.000003890324023814173,
      "m06": -1,
      "m07": 0,
      "m08": 0.9999819397926331,
      "m09": -0.006008513271808624,
      "m10": -6.63505232978423e-8,
      "m11": 0,
      "m12": 0.0036895908415317535,
      "m13": 0.00009565555956214666,
      "m14": -0.0001348752703052014,
      "m15": 1
    },
    {
      "__type__": "cc.Mat4",
      "m00": 6.123234262925839e-17,
      "m01": -1,
      "m02": -0.000001909965476443176,
      "m03": 0,
      "m04": 6.123234262925839e-17,
      "m05": 0.000001909965476443176,
      "m06": -1,
      "m07": 0,
      "m08": 1,
      "m09": 6.123222351525019e-17,
      "m10": 6.12324551258217e-17,
      "m11": 0,
      "m12": -3.0718703269958496,
      "m13": -0.0012216306058689952,
      "m14": -0.00013487781689036638,
      "m15": 1
    }
  ],
  "_hash": 3319001878
}