{
  "__type__": "cc.Skeleton",
  "_name": "Skin-10",
  "_objFlags": 0,
  "_native": "",
  "_joints": [
    "Group094/Circle021/Bone449",
    "Group094/Circle021/Bone449/Bone450",
    "Group094/Circle021/Bone449/Bone450/Bone451",
    "Group094/Circle021/Bone449/Bone450/Bone451/Bone452"
  ],
  "_bindposes": [
    {
      "__type__": "cc.Mat4",
      "m00": 0.012974889017641544,
      "m01": 0.014645742252469063,
      "m02": -0.9998085498809814,
      "m03": 0,
      "m04": 0.35301387310028076,
      "m05": -0.9355736374855042,
      "m06": -0.009123601019382477,
      "m07": 0,
      "m08": -0.9355281591415405,
      "m09": -0.35282790660858154,
      "m10": -0.01730911247432232,
      "m11": 0,
      "m12": 0.3620251715183258,
      "m13": 0.10905387252569199,
      "m14": 0.0017740961629897356,
      "m15": 1
    },
    {
      "__type__": "cc.Mat4",
      "m00": 0.019231703132390976,
      "m01": 0.0036034248769283295,
      "m02": -0.9998085498809814,
      "m03": 0,
      "m04": -0.2952899634838104,
      "m05": -0.9553644061088562,
      "m06": -0.00912325456738472,
      "m07": 0,
      "m08": -0.9552144408226013,
      "m09": 0.29540887475013733,
      "m10": -0.017309220507740974,
      "m11": 0,
      "m12": 0.036412160843610764,
      "m13": 0.10981308668851852,
      "m14": 0.0017722374759614468,
      "m15": 1
    },
    {
      "__type__": "cc.Mat4",
      "m00": 0.01435861736536026,
      "m01": -0.013292207382619381,
      "m02": -0.9998085498809814,
      "m03": 0,
      "m04": -0.9430678486824036,
      "m05": -0.33247458934783936,
      "m06": -0.009123578667640686,
      "m07": 0,
      "m08": -0.3322896957397461,
      "m09": 0.9430181980133057,
      "m10": -0.017309337854385376,
      "m11": 0,
      "m12": -0.11148051172494888,
      "m13": 0.3343313932418823,
      "m14": 0.0017691035754978657,
      "m15": 1
    },
    {
      "__type__": "cc.Mat4",
      "m00": 0.01435865182429552,
      "m01": -0.013292210176587105,
      "m02": -0.9998085498809814,
      "m03": 0,
      "m04": -0.9430679082870483,
      "m05": -0.33247461915016174,
      "m06": -0.009123608469963074,
      "m07": 0,
      "m08": -0.33228975534439087,
      "m09": 0.9430182576179504,
      "m10": -0.01730935089290142,
      "m11": 0,
      "m12": -0.5174840092658997,
      "m13": 0.3343335688114166,
      "m14": 0.0017685075290501118,
      "m15": 1
    }
  ],
  "_hash": 1728080913
}