{
  "__type__": "cc.Skeleton",
  "_name": "Skin-16",
  "_objFlags": 0,
  "_native": "",
  "_joints": [
    "Group115/Bone468",
    "Group115/Bone468/Bone469/Bone470",
    "Group115/Bone468/Bone469"
  ],
  "_bindposes": [
    {
      "__type__": "cc.Mat4",
      "m00": 6.123234262925839e-17,
      "m01": -1,
      "m02": 0.000017567477698321454,
      "m03": 0,
      "m04": 6.123234262925839e-17,
      "m05": -0.000017567477698321454,
      "m06": -1,
      "m07": 0,
      "m08": 1,
      "m09": 6.123341465533226e-17,
      "m10": 6.123126398573962e-17,
      "m11": 0,
      "m12": -0.1574314683675766,
      "m13": 0.017633136361837387,
      "m14": 0.18243351578712463,
      "m15": 1
    },
    {
      "__type__": "cc.Mat4",
      "m00": 6.123234924670329e-17,
      "m01": -1.0000001192092896,
      "m02": 0.000017567477698321454,
      "m03": 0,
      "m04": 6.123234924670329e-17,
      "m05": -0.00001756748133630026,
      "m06": -1,
      "m07": 0,
      "m08": 1.0000001192092896,
      "m09": 6.123342789022206e-17,
      "m10": 6.123126398573962e-17,
      "m11": 0,
      "m12": -0.9420847296714783,
      "m13": 0.017620736733078957,
      "m14": 0.18243351578712463,
      "m15": 1
    },
    {
      "__type__": "cc.Mat4",
      "m00": 6.123234262925839e-17,
      "m01": -1,
      "m02": 0.000017567477698321454,
      "m03": 0,
      "m04": 6.123234262925839e-17,
      "m05": -0.000017567479517310858,
      "m06": -1,
      "m07": 0,
      "m08": 1,
      "m09": 6.123342127277716e-17,
      "m10": 6.123126398573962e-17,
      "m11": 0,
      "m12": -0.5484898090362549,
      "m13": 0.017633138224482536,
      "m14": 0.18243351578712463,
      "m15": 1
    }
  ],
  "_hash": 704947860
}