{
  "__type__": "cc.Skeleton",
  "_name": "Skin-3",
  "_objFlags": 0,
  "_native": "",
  "_joints": [
    "Group063/Bone415",
    "Group063/Bone415/Bone416",
    "Group063/Bone415/Bone416/Bone417"
  ],
  "_bindposes": [
    {
      "__type__": "cc.Mat4",
      "m00": 6.123234262925839e-17,
      "m01": -1,
      "m02": 4.525645636022091e-7,
      "m03": 0,
      "m04": 6.123234262925839e-17,
      "m05": -4.525645636022091e-7,
      "m06": -1,
      "m07": 0,
      "m08": 1,
      "m09": 6.1232369099038e-17,
      "m10": 6.123230954203389e-17,
      "m11": 0,
      "m12": -0.015200619585812092,
      "m13": -0.0024556713178753853,
      "m14": -0.01612304523587227,
      "m15": 1
    },
    {
      "__type__": "cc.Mat4",
      "m00": 6.758211188346045e-17,
      "m01": -0.9060435891151428,
      "m02": -5.069833264315093e-7,
      "m03": 0,
      "m04": 6.758211188346045e-17,
      "m05": 5.069833264315093e-7,
      "m06": -0.9060435891151428,
      "m07": 0,
      "m08": 1.1036996841430664,
      "m09": 5.5479136032829575e-17,
      "m10": 5.547919889855613e-17,
      "m11": 0,
      "m12": -0.1875377893447876,
      "m13": -0.002224930562078953,
      "m14": -0.01460818387567997,
      "m15": 1
    },
    {
      "__type__": "cc.Mat4",
      "m00": 6.758211188346045e-17,
      "m01": -0.9060435891151428,
      "m02": -6.545960786752403e-7,
      "m03": 0,
      "m04": 6.758211188346045e-17,
      "m05": 6.545960786752403e-7,
      "m06": -0.9060435891151428,
      "m07": 0,
      "m08": 1.1036996841430664,
      "m09": 5.5479126106662224e-17,
      "m10": 5.547920882472348e-17,
      "m11": 0,
      "m12": -2.9649314880371094,
      "m13": -0.002219309564679861,
      "m14": -0.01460677944123745,
      "m15": 1
    }
  ],
  "_hash": 2175382549
}