{
  "__type__": "cc.Skeleton",
  "_name": "Skin-9",
  "_objFlags": 0,
  "_native": "",
  "_joints": [
    "Group094/Bone438/Bone439/Bone440",
    "Group094/Bone438",
    "Group094/Bone438/Bone439"
  ],
  "_bindposes": [
    {
      "__type__": "cc.Mat4",
      "m00": 0.25891268253326416,
      "m01": -0.006703170947730541,
      "m02": 0.9658774733543396,
      "m03": 0,
      "m04": -0.0171879343688488,
      "m05": -0.9998496174812317,
      "m06": -0.002331547671929002,
      "m07": 0,
      "m08": 0.9657479524612427,
      "m09": -0.015997769311070442,
      "m10": -0.2589888870716095,
      "m11": 0,
      "m12": -0.28069794178009033,
      "m13": -0.008719468489289284,
      "m14": -0.0072334841825068,
      "m15": 1
    },
    {
      "__type__": "cc.Mat4",
      "m00": -0.00006572523852810264,
      "m01": 0.2589992582798004,
      "m02": 0.9658775329589844,
      "m03": 0,
      "m04": 0.9999575614929199,
      "m05": 0.008919183164834976,
      "m06": -0.002323626773431897,
      "m07": 0,
      "m08": -0.009216655045747757,
      "m09": 0.9658364057540894,
      "m10": -0.2589888274669647,
      "m11": 0,
      "m12": 0.524581789970398,
      "m13": -0.0005869964370504022,
      "m14": -0.007228706032037735,
      "m15": 1
    },
    {
      "__type__": "cc.Mat4",
      "m00": 0.22016718983650208,
      "m01": 0.13640162348747253,
      "m02": 0.9658783674240112,
      "m03": 0,
      "m04": 0.5340160727500916,
      "m05": -0.8454710841178894,
      "m06": -0.0023286377545446157,
      "m07": 0,
      "m08": 0.816304624080658,
      "m09": 0.5163072347640991,
      "m10": -0.2589856684207916,
      "m11": 0,
      "m12": 0.09915181994438171,
      "m13": -0.1612491011619568,
      "m14": -0.007232057396322489,
      "m15": 1
    }
  ],
  "_hash": 221968954
}