{
  "__type__": "cc.Skeleton",
  "_name": "Skin-18",
  "_objFlags": 0,
  "_native": "",
  "_joints": [
    "Group115/Point011/Bone475",
    "Group115/Point011/Bone475/Bone476",
    "Group115/Point011/Bone475/Bone476/Bone477",
    "Group115/Point011/Bone475/Bone476/Bone477/Bone478"
  ],
  "_bindposes": [
    {
      "__type__": "cc.Mat4",
      "m00": 0.9902270436286926,
      "m01": -0.1394646316766739,
      "m02": -1.078517853490489e-16,
      "m03": 0,
      "m04": -2.2721673431647105e-8,
      "m05": -1.6132847235894587e-7,
      "m06": -1,
      "m07": 0,
      "m08": 0.1394646316766739,
      "m09": 0.9902270436286926,
      "m10": -1.6292068494294654e-7,
      "m11": 0,
      "m12": 0.12674960494041443,
      "m13": 0.031252309679985046,
      "m14": -0.0000682208119542338,
      "m15": 1
    },
    {
      "__type__": "cc.Mat4",
      "m00": 0.9996904134750366,
      "m01": 0.024879243224859238,
      "m02": -1.4398027041451211e-11,
      "m03": 0,
      "m04": 4.053343882759464e-9,
      "m05": -1.6344897346698417e-7,
      "m06": -1,
      "m07": 0,
      "m08": -0.024879243224859238,
      "m09": 0.9996904134750366,
      "m10": -1.6349923726011184e-7,
      "m11": 0,
      "m12": -0.0007666705059818923,
      "m13": 0.031553879380226135,
      "m14": -0.00006821805436629802,
      "m15": 1
    },
    {
      "__type__": "cc.Mat4",
      "m00": 0.9911753535270691,
      "m01": -0.13255594670772552,
      "m02": -1.4397023503920359e-11,
      "m03": 0,
      "m04": -2.16870645886047e-8,
      "m05": -1.6205450492634554e-7,
      "m06": -1,
      "m07": 0,
      "m08": 0.13255594670772552,
      "m09": 0.9911753535270691,
      "m10": -1.6349923726011184e-7,
      "m11": 0,
      "m12": -0.1820339411497116,
      "m13": 0.06092224270105362,
      "m14": -0.00006821881834184751,
      "m15": 1
    },
    {
      "__type__": "cc.Mat4",
      "m00": 0.9911753535270691,
      "m01": -0.13255594670772552,
      "m02": -1.4397023503920359e-11,
      "m03": 0,
      "m04": -2.16870645886047e-8,
      "m05": -1.6205450492634554e-7,
      "m06": -1,
      "m07": 0,
      "m08": 0.13255594670772552,
      "m09": 0.9911753535270691,
      "m10": -1.6349923726011184e-7,
      "m11": 0,
      "m12": -0.3236218988895416,
      "m13": 0.06092341989278793,
      "m14": -0.00006821574788773432,
      "m15": 1
    }
  ],
  "_hash": 1576383252
}