{
  "__type__": "cc.Skeleton",
  "_name": "Skin-7",
  "_objFlags": 0,
  "_native": "",
  "_joints": [
    "Group094/Circle020/Bone445",
    "Group094/Circle020/Bone445/Bone446",
    "Group094/Circle020/Bone445/Bone446/Bone447",
    "Group094/Circle020/Bone445/Bone446/Bone447/Bone448"
  ],
  "_bindposes": [
    {
      "__type__": "cc.Mat4",
      "m00": -0.03095673955976963,
      "m01": -0.1484910547733307,
      "m02": -0.988429069519043,
      "m03": 0,
      "m04": 0.47179365158081055,
      "m05": -0.8739757537841797,
      "m06": 0.11652064323425293,
      "m07": 0,
      "m08": -0.8811653852462769,
      "m09": -0.46272745728492737,
      "m10": 0.09711257368326187,
      "m11": 0,
      "m12": 0.3857651948928833,
      "m13": 0.08784644305706024,
      "m14": 0.012608321383595467,
      "m15": 1
    },
    {
      "__type__": "cc.Mat4",
      "m00": -0.11894648522138596,
      "m01": -0.09412601590156555,
      "m02": -0.988429069519043,
      "m03": 0,
      "m04": -0.19812999665737152,
      "m05": -0.973225474357605,
      "m06": 0.11652090400457382,
      "m07": 0,
      "m08": -0.972931981086731,
      "m09": 0.2096972018480301,
      "m10": 0.09711252152919769,
      "m11": 0,
      "m12": 0.040161386132240295,
      "m13": 0.08091258257627487,
      "m14": 0.012607143260538578,
      "m15": 1
    },
    {
      "__type__": "cc.Mat4",
      "m00": -0.14756548404693604,
      "m01": 0.03510529175400734,
      "m02": -0.988429069519043,
      "m03": 0,
      "m04": -0.8868526220321655,
      "m05": -0.44711822271347046,
      "m06": 0.1165209487080574,
      "m07": 0,
      "m08": -0.4378541111946106,
      "m09": 0.8937854170799255,
      "m10": 0.0971124917268753,
      "m11": 0,
      "m12": -0.13806664943695068,
      "m13": 0.3057139217853546,
      "m14": 0.012604992836713791,
      "m15": 1
    },
    {
      "__type__": "cc.Mat4",
      "m00": -0.14756549894809723,
      "m01": 0.03510529175400734,
      "m02": -0.9884289503097534,
      "m03": 0,
      "m04": -0.8868526816368103,
      "m05": -0.4471181631088257,
      "m06": 0.11652092635631561,
      "m07": 0,
      "m08": -0.437854140996933,
      "m09": 0.893785297870636,
      "m10": 0.09711248427629471,
      "m11": 0,
      "m12": -0.5332427620887756,
      "m13": 0.30571529269218445,
      "m14": 0.012603585608303547,
      "m15": 1
    }
  ],
  "_hash": 3872861470
}