{
  "__type__": "cc.Skeleton",
  "_name": "Skin-17",
  "_objFlags": 0,
  "_native": "",
  "_joints": [
    "Group115/Point010/Bone471",
    "Group115/Point010/Bone471/Bone472",
    "Group115/Point010/Bone471/Bone472/Bone473",
    "Group115/Point010/Bone471/Bone472/Bone473/Bone474"
  ],
  "_bindposes": [
    {
      "__type__": "cc.Mat4",
      "m00": 0.9884753227233887,
      "m01": -0.15138232707977295,
      "m02": 1.850315278772996e-8,
      "m03": 0,
      "m04": -2.466331494588303e-8,
      "m05": -2.8327104928393965e-7,
      "m06": -1,
      "m07": 0,
      "m08": 0.15138232707977295,
      "m09": 0.9884753227233887,
      "m10": -2.837400074895413e-7,
      "m11": 0,
      "m12": 0.0676005408167839,
      "m13": 0.016574664041399956,
      "m14": 0.000014721420484420378,
      "m15": 1
    },
    {
      "__type__": "cc.Mat4",
      "m00": 0.999541163444519,
      "m01": 0.03028978407382965,
      "m02": 1.850315101137312e-8,
      "m03": 0,
      "m04": 2.70890847531291e-8,
      "m05": -2.830493599503825e-7,
      "m06": -1,
      "m07": 0,
      "m08": -0.03028978407382965,
      "m09": 0.999541163444519,
      "m10": -2.837400074895413e-7,
      "m11": 0,
      "m12": -0.0031361232977360487,
      "m13": 0.016275623813271523,
      "m14": 0.000014723091226187535,
      "m15": 1
    },
    {
      "__type__": "cc.Mat4",
      "m00": 0.9898059964179993,
      "m01": -0.14242218434810638,
      "m02": -4.940903153283216e-8,
      "m03": 0,
      "m04": -2.2096333651688838e-8,
      "m05": 1.933543387622194e-7,
      "m06": -1,
      "m07": 0,
      "m08": 0.14242218434810638,
      "m09": 0.9898059964179993,
      "m10": 1.8823627101482998e-7,
      "m11": 0,
      "m12": -0.09787546843290329,
      "m13": 0.03363579884171486,
      "m14": 0.000014736449884367175,
      "m15": 1
    },
    {
      "__type__": "cc.Mat4",
      "m00": 0.989806056022644,
      "m01": -0.14242218434810638,
      "m02": -4.940902798011848e-8,
      "m03": 0,
      "m04": -2.2096335428045677e-8,
      "m05": 1.933543387622194e-7,
      "m06": -1,
      "m07": 0,
      "m08": 0.14242218434810638,
      "m09": 0.989806056022644,
      "m10": 1.8823627101482998e-7,
      "m11": 0,
      "m12": -0.17393918335437775,
      "m13": 0.033636681735515594,
      "m14": 0.000014738130630576052,
      "m15": 1
    }
  ],
  "_hash": 3502145388
}