{
  "__type__": "cc.Skeleton",
  "_name": "Skin-1",
  "_objFlags": 0,
  "_native": "",
  "_joints": [
    "NOVA_Rodjendanska_proslava_9:Zastavice/NOVA_Rodjendanska_proslava_9:joint2"
  ],
  "_bindposes": [
    {
      "__type__": "cc.Mat4",
      "m00": 0.9997519850730896,
      "m01": -0.0005655311397276819,
      "m02": -0.0039787800051271915,
      "m03": 0,
      "m04": 0.00044011359568685293,
      "m05": 1.0156699419021606,
      "m06": -0.029183799400925636,
      "m07": 0,
      "m08": 0.003992370329797268,
      "m09": 0.02965172939002514,
      "m10": 0.9995660185813904,
      "m11": 0,
      "m12": -0.03688571974635124,
      "m13": -0.00843943003565073,
      "m14": -0.0024267102126032114,
      "m15": 1
    }
  ],
  "_hash": 1798972875
}