{
  "__type__": "cc.Skeleton",
  "_name": "Skin-2",
  "_objFlags": 0,
  "_native": "",
  "_joints": [
    "NOVA_Rodjendanska_proslava_9:Zuta_ruza/NOVA_Rodjendanska_proslava_9:joint7"
  ],
  "_bindposes": [
    {
      "__type__": "cc.Mat4",
      "m00": 0.001745255314745009,
      "m01": 1.0184008497615693e-10,
      "m02": -0.0033325219992548227,
      "m03": 0,
      "m04": -1.0808017814056825e-9,
      "m05": 0.003761841217055917,
      "m06": -4.510593010209618e-10,
      "m07": 0,
      "m08": 0.0033325219992548227,
      "m09": 1.166706731225986e-9,
      "m10": 0.001745255314745009,
      "m11": 0,
      "m12": -0.00017451145686209202,
      "m13": 0.00006891085649840534,
      "m14": 0.00025454655406065285,
      "m15": 1
    }
  ],
  "_hash": 1335356659
}