{
  "__type__": "cc.Skeleton",
  "_name": "Skin-4",
  "_objFlags": 0,
  "_native": "",
  "_joints": [
    "NOVA_Rodjendanska_proslava_9:Klackalica/NOVA_Rodjendanska_proslava_9:joint8",
    "NOVA_Rodjendanska_proslava_9:Klackalica/NOVA_Rodjendanska_proslava_9:joint9"
  ],
  "_bindposes": [
    {
      "__type__": "cc.Mat4",
      "m00": -0.002333250129595399,
      "m01": 2.8574173608941244e-19,
      "m02": -0.00479157967492938,
      "m03": 0,
      "m04": 6.587299983210346e-20,
      "m05": 0.005329443141818047,
      "m06": 2.857432353542727e-19,
      "m07": 0,
      "m08": 0.00479157967492938,
      "m09": 6.58738980985499e-20,
      "m10": -0.002333250129595399,
      "m11": 0,
      "m12": -0.00010179733362747356,
      "m13": -0.0009075863636098802,
      "m14": -0.0002052372437901795,
      "m15": 1
    },
    {
      "__type__": "cc.Mat4",
      "m00": -0.002333250129595399,
      "m01": 2.8574173608941244e-19,
      "m02": -0.00479157967492938,
      "m03": 0,
      "m04": 6.587299983210346e-20,
      "m05": 0.005329443141818047,
      "m06": 2.857432353542727e-19,
      "m07": 0,
      "m08": 0.00479157967492938,
      "m09": 6.58738980985499e-20,
      "m10": -0.002333250129595399,
      "m11": 0,
      "m12": -0.000006277336524362909,
      "m13": -0.007210614159703255,
      "m14": 0.000026032748792204075,
      "m15": 1
    }
  ],
  "_hash": 282526363
}