{
  "__type__": "cc.Skeleton",
  "_name": "Skin-3",
  "_objFlags": 0,
  "_native": "",
  "_joints": [
    "NOVA_Rodjendanska_proslava_9:Baloni/NOVA_Rodjendanska_proslava_9:joint3",
    "NOVA_Rodjendanska_proslava_9:Baloni/NOVA_Rodjendanska_proslava_9:joint3/NOVA_Rodjendanska_proslava_9:joint6",
    "NOVA_Rodjendanska_proslava_9:Baloni/NOVA_Rodjendanska_proslava_9:joint3/NOVA_Rodjendanska_proslava_9:joint5",
    "NOVA_Rodjendanska_proslava_9:Baloni/NOVA_Rodjendanska_proslava_9:joint3/NOVA_Rodjendanska_proslava_9:joint4"
  ],
  "_bindposes": [
    {
      "__type__": "cc.Mat4",
      "m00": -0.004623656626790762,
      "m01": 5.662346493006579e-19,
      "m02": 0.0005415799678303301,
      "m03": 0,
      "m04": 6.364301783588853e-19,
      "m05": 0.004655266646295786,
      "m06": 5.662342874091399e-19,
      "m07": 0,
      "m08": -0.0005415799678303301,
      "m09": 6.364298681661556e-19,
      "m10": -0.004623656626790762,
      "m11": 0,
      "m12": 0.00012725724081974477,
      "m13": 0.000017130107153207064,
      "m14": -0.00002366865737712942,
      "m15": 1
    },
    {
      "__type__": "cc.Mat4",
      "m00": -0.004623656626790762,
      "m01": 5.662346493006579e-19,
      "m02": 0.0005415799678303301,
      "m03": 0,
      "m04": 6.364301783588853e-19,
      "m05": 0.004655266646295786,
      "m06": 5.662342874091399e-19,
      "m07": 0,
      "m08": -0.0005415799678303301,
      "m09": 6.364298681661556e-19,
      "m10": -0.004623656626790762,
      "m11": 0,
      "m12": 0.0023890172597020864,
      "m13": -0.012627319432795048,
      "m14": -0.0043218485079705715,
      "m15": 1
    },
    {
      "__type__": "cc.Mat4",
      "m00": -0.004623656626790762,
      "m01": 5.662346493006579e-19,
      "m02": 0.0005415799678303301,
      "m03": 0,
      "m04": 6.364301783588853e-19,
      "m05": 0.004655266646295786,
      "m06": 5.662342874091399e-19,
      "m07": 0,
      "m08": -0.0005415799678303301,
      "m09": 6.364298681661556e-19,
      "m10": -0.004623656626790762,
      "m11": 0,
      "m12": 0.003572197165340185,
      "m13": -0.010014539584517479,
      "m14": 0.0035653014201670885,
      "m15": 1
    },
    {
      "__type__": "cc.Mat4",
      "m00": -0.004623656626790762,
      "m01": 5.662346493006579e-19,
      "m02": 0.0005415799678303301,
      "m03": 0,
      "m04": 6.364301783588853e-19,
      "m05": 0.004655266646295786,
      "m06": 5.662342874091399e-19,
      "m07": 0,
      "m08": -0.0005415799678303301,
      "m09": 6.364298681661556e-19,
      "m10": -0.004623656626790762,
      "m11": 0,
      "m12": -0.0030993728432804346,
      "m13": -0.007239529862999916,
      "m14": -0.0010089186253026128,
      "m15": 1
    }
  ],
  "_hash": 1270274745
}