{
  "__type__": "cc.Skeleton",
  "_name": "Skin-4",
  "_objFlags": 0,
  "_native": "",
  "_joints": [
    "Knjiga/joint3",
    "Knjiga/joint3/joint4"
  ],
  "_bindposes": [
    {
      "__type__": "cc.Mat4",
      "m00": -0.01709170825779438,
      "m01": 0.0010575822088867426,
      "m02": 0.005756137426942587,
      "m03": 0,
      "m04": -0.0011438507353886962,
      "m05": -0.018029499799013138,
      "m06": -0.00008385523688048124,
      "m07": 0,
      "m08": 0.005739622283726931,
      "m09": -0.00044378521852195263,
      "m10": 0.017124205827713013,
      "m11": 0,
      "m12": -0.00001263984086108394,
      "m13": 0.00041846567182801664,
      "m14": 0.0003701491223182529,
      "m15": 1
    },
    {
      "__type__": "cc.Mat4",
      "m00": -0.01709170825779438,
      "m01": 0.0010575822088867426,
      "m02": 0.005756137426942587,
      "m03": 0,
      "m04": -0.0011438507353886962,
      "m05": -0.018029499799013138,
      "m06": -0.00008385523688048124,
      "m07": 0,
      "m08": 0.005739622283726931,
      "m09": -0.00044378521852195263,
      "m10": 0.017124205827713013,
      "m11": 0,
      "m12": 0.0038214910309761763,
      "m13": 0.0006223356467671692,
      "m14": -0.0012062808964401484,
      "m15": 1
    }
  ],
  "_hash": 1037401108
}