{
  "__type__": "cc.Skeleton",
  "_name": "Skin-5",
  "_objFlags": 0,
  "_native": "",
  "_joints": [
    "Klatno/joint13"
  ],
  "_bindposes": [
    {
      "__type__": "cc.Mat4",
      "m00": 1,
      "m01": 0,
      "m02": 0,
      "m03": 0,
      "m04": 0,
      "m05": 1,
      "m06": 0,
      "m07": 0,
      "m08": 0,
      "m09": 0,
      "m10": 1,
      "m11": 0,
      "m12": -0.044015441089868546,
      "m13": -0.025957899168133736,
      "m14": 0.047189731150865555,
      "m15": 1
    }
  ],
  "_hash": 4037898406
}