{
  "__type__": "cc.Skeleton",
  "_name": "Skin-0",
  "_objFlags": 0,
  "_native": "",
  "_joints": [
    "Sat/joint1",
    "Sat/joint1/joint2"
  ],
  "_bindposes": [
    {
      "__type__": "cc.Mat4",
      "m00": 0.014156991615891457,
      "m01": -0.0024794077035039663,
      "m02": -0.012612211517989635,
      "m03": 0,
      "m04": 0.0018512847600504756,
      "m05": 0.0189602579921484,
      "m06": -0.0016492988215759397,
      "m07": 0,
      "m08": 0.012719585560262203,
      "m09": 1.6397917690369468e-8,
      "m10": 0.014277513138949871,
      "m11": 0,
      "m12": 0.0001700800348771736,
      "m13": 0.0017283641500398517,
      "m14": -0.00007381584873655811,
      "m15": 1
    },
    {
      "__type__": "cc.Mat4",
      "m00": 0.014156991615891457,
      "m01": -0.0024794077035039663,
      "m02": -0.012612211517989635,
      "m03": 0,
      "m04": 0.0018512847600504756,
      "m05": 0.0189602579921484,
      "m06": -0.0016492988215759397,
      "m07": 0,
      "m08": 0.012719585560262203,
      "m09": 1.6397917690369468e-8,
      "m10": 0.014277513138949871,
      "m11": 0,
      "m12": -0.0009711582097224891,
      "m13": -0.005365666002035141,
      "m14": -0.00007381584873655811,
      "m15": 1
    }
  ],
  "_hash": 3465753672
}