{
  "__type__": "cc.Skeleton",
  "_name": "Skin-0",
  "_objFlags": 0,
  "_native": "",
  "_joints": [
    "Strik_i_cebe/joint1"
  ],
  "_bindposes": [
    {
      "__type__": "cc.Mat4",
      "m00": 1,
      "m01": 0,
      "m02": 0,
      "m03": 0,
      "m04": 0,
      "m05": 1,
      "m06": 0,
      "m07": 0,
      "m08": 0,
      "m09": 0,
      "m10": 2.293224334716797,
      "m11": 0,
      "m12": 0,
      "m13": -0.02013343945145607,
      "m14": -0.00003665599797386676,
      "m15": 1
    }
  ],
  "_hash": 3917991704
}