{
  "__type__": "cc.Skeleton",
  "_name": "Skin-2",
  "_objFlags": 0,
  "_native": "",
  "_joints": [
    "Zeka_u_balonu/joint3",
    "Zeka_u_balonu/joint3/joint4"
  ],
  "_bindposes": [
    {
      "__type__": "cc.Mat4",
      "m00": 0.983582615852356,
      "m01": 0,
      "m02": 0.1804562360048294,
      "m03": 0,
      "m04": 0,
      "m05": 1,
      "m06": 0,
      "m07": 0,
      "m08": -0.1804562360048294,
      "m09": 0,
      "m10": 0.983582615852356,
      "m11": 0,
      "m12": 0.009980025701224804,
      "m13": -3.670619010925293,
      "m14": 0.06037084013223648,
      "m15": 1
    },
    {
      "__type__": "cc.Mat4",
      "m00": 0.9766513109207153,
      "m01": 0.11657396703958511,
      "m02": 0.1804562658071518,
      "m03": 0,
      "m04": -0.1185198724269867,
      "m05": 0.9929519891738892,
      "m06": 7.066890930218506e-7,
      "m07": 0,
      "m08": -0.17918449640274048,
      "m09": -0.02138834446668625,
      "m10": 0.983582615852356,
      "m11": 0,
      "m12": 0.19891630113124847,
      "m13": -1.398759126663208,
      "m14": 0.0603691041469574,
      "m15": 1
    }
  ],
  "_hash": 1818238320
}