{
  "__type__": "cc.Skeleton",
  "_name": "Skin-2",
  "_objFlags": 0,
  "_native": "",
  "_joints": [
    "Animirani_objekti/Group062/Bone412",
    "Animirani_objekti/Group062/Bone412/Bone413",
    "Animirani_objekti/Group062/Bone412/Bone413/Bone414"
  ],
  "_bindposes": [
    {
      "__type__": "cc.Mat4",
      "m00": 1.168469054846355e-7,
      "m01": -1,
      "m02": 4.5256498992785055e-7,
      "m03": 0,
      "m04": 0.000011257699952693656,
      "m05": -4.5256368252921675e-7,
      "m06": -1,
      "m07": 0,
      "m08": 1,
      "m09": 1.168520000760509e-7,
      "m10": 0.000011257699952693656,
      "m11": 0,
      "m12": -0.03510216623544693,
      "m13": -0.001897820271551609,
      "m14": 0.0031099251937121153,
      "m15": 1
    },
    {
      "__type__": "cc.Mat4",
      "m00": 0.000002481404180798563,
      "m01": -0.9060429930686951,
      "m02": -5.069840085525357e-7,
      "m03": 0,
      "m04": -1.0109709336347805e-7,
      "m05": 5.069838380222791e-7,
      "m06": -0.9060429930686951,
      "m07": 0,
      "m08": 1.103700041770935,
      "m09": 0.0000020370200672914507,
      "m10": -8.299090126229203e-8,
      "m11": 0,
      "m12": -0.20950311422348022,
      "m13": -0.0017162860604003072,
      "m14": 0.0028210023883730173,
      "m15": 1
    },
    {
      "__type__": "cc.Mat4",
      "m00": 6.758213173579516e-17,
      "m01": -0.9060440063476562,
      "m02": -6.545960218318214e-7,
      "m03": 0,
      "m04": 6.758213173579516e-17,
      "m05": 6.545967039528477e-7,
      "m06": -0.9060429930686951,
      "m07": 0,
      "m08": 1.103700041770935,
      "m09": 5.5479152576441826e-17,
      "m10": 5.547917242877653e-17,
      "m11": 0,
      "m12": -2.9868967533111572,
      "m13": -0.001717710867524147,
      "m14": 0.0028232058975845575,
      "m15": 1
    }
  ],
  "_hash": 2501785061
}