{
  "__type__": "cc.Skeleton",
  "_name": "Skin-17",
  "_objFlags": 0,
  "_native": "",
  "_joints": [
    "Crveni_fenjer_anim/Crveni_fenjer/joint19"
  ],
  "_bindposes": [
    {
      "__type__": "cc.Mat4",
      "m00": 0.9853437542915344,
      "m01": -0.014863346703350544,
      "m02": 0.16993150115013123,
      "m03": 0,
      "m04": 0.038578689098358154,
      "m05": 0.9898024797439575,
      "m06": -0.13712286949157715,
      "m07": 0,
      "m08": -0.16616052389144897,
      "m09": 0.141668900847435,
      "m10": 0.9758691787719727,
      "m11": 0,
      "m12": -0.001183607499115169,
      "m13": -0.0015500341542065144,
      "m14": 0.0014736135490238667,
      "m15": 1
    }
  ],
  "_hash": 4286226459
}