{
  "__type__": "cc.Skeleton",
  "_name": "Skin-12",
  "_objFlags": 0,
  "_native": "",
  "_joints": [
    "Objekti_iz_jezerca/transform87/joint13"
  ],
  "_bindposes": [
    {
      "__type__": "cc.Mat4",
      "m00": 0.002197287743911147,
      "m01": 0,
      "m02": -0.0008358295308426023,
      "m03": 0,
      "m04": 0,
      "m05": 0.002350890077650547,
      "m06": 0,
      "m07": 0,
      "m08": 0.0008358295308426023,
      "m09": 0,
      "m10": 0.002197287743911147,
      "m11": 0,
      "m12": 0.0001638580724829808,
      "m13": -0.0010687485337257385,
      "m14": 0.00031732567003928125,
      "m15": 1
    }
  ],
  "_hash": 717731415
}