{
  "__type__": "cc.Skeleton",
  "_name": "Skin-18",
  "_objFlags": 0,
  "_native": "",
  "_joints": [
    "Vetrenjaca/WindmillRoot",
    "Vetrenjaca/WindmillRoot/Base01",
    "Vetrenjaca/WindmillRoot/Base01/Cloth01",
    "Vetrenjaca/WindmillRoot/Base01/Cloth02",
    "Vetrenjaca/WindmillRoot/Base01/Arm01",
    "Vetrenjaca/WindmillRoot/Base01/Arm01/Arm02",
    "Vetrenjaca/WindmillRoot/Base01/Arm01/Arm02/Arm03",
    "Vetrenjaca/WindmillRoot/Base01/Arm01/Rope01",
    "Vetrenjaca/WindmillRoot/Base01/Arm01/Rope01/Rope02",
    "Vetrenjaca/WindmillRoot/Base01/Arm01/Rope01/Rope02/Rope03",
    "Vetrenjaca/WindmillRoot/Base01/Arm01/Rope01/Rope02/Rope03/Rope04"
  ],
  "_bindposes": [
    {
      "__type__": "cc.Mat4",
      "m00": 1.0000005960464478,
      "m01": -2.9802283307844846e-8,
      "m02": -2.220446049250313e-16,
      "m03": 0,
      "m04": 2.9802283307844846e-8,
      "m05": 1,
      "m06": -4.1168498189463054e-14,
      "m07": 0,
      "m08": 2.220446049250313e-16,
      "m09": 4.1168498189463054e-14,
      "m10": 1.0000005960464478,
      "m11": 0,
      "m12": 1.8766635656356812,
      "m13": 5.299037059231719e-16,
      "m14": 0.000009355279871670064,
      "m15": 1
    },
    {
      "__type__": "cc.Mat4",
      "m00": 1.0000005960464478,
      "m01": -2.9802283307844846e-8,
      "m02": -2.220446049250313e-16,
      "m03": 0,
      "m04": 2.9802283307844846e-8,
      "m05": 1,
      "m06": -4.1168498189463054e-14,
      "m07": 0,
      "m08": 2.220446049250313e-16,
      "m09": 4.1168498189463054e-14,
      "m10": 1.0000005960464478,
      "m11": 0,
      "m12": 1.8766635656356812,
      "m13": 5.299037059231719e-16,
      "m14": 0.000009355279871670064,
      "m15": 1
    },
    {
      "__type__": "cc.Mat4",
      "m00": 1,
      "m01": 3.5150343080658786e-8,
      "m02": -0.0000013017910305279656,
      "m03": 0,
      "m04": -3.515032531709039e-8,
      "m05": 1,
      "m06": -5.952713094583423e-14,
      "m07": 0,
      "m08": 0.0000013017910305279656,
      "m09": 1.0528556515119677e-13,
      "m10": 1,
      "m11": 0,
      "m12": 5.88831901550293,
      "m13": -2.660792589187622,
      "m14": -1.9435007572174072,
      "m15": 1
    },
    {
      "__type__": "cc.Mat4",
      "m00": 1,
      "m01": 3.5150343080658786e-8,
      "m02": -0.0000013017910305279656,
      "m03": 0,
      "m04": -3.515032531709039e-8,
      "m05": 1,
      "m06": -5.952713094583423e-14,
      "m07": 0,
      "m08": 0.0000013017910305279656,
      "m09": 1.0528556515119677e-13,
      "m10": 1,
      "m11": 0,
      "m12": 5.8883185386657715,
      "m13": -2.660792589187622,
      "m14": 0.434296578168869,
      "m15": 1
    },
    {
      "__type__": "cc.Mat4",
      "m00": 1.0000005960464478,
      "m01": -1.4901153200241879e-8,
      "m02": -1.6653345369377348e-16,
      "m03": 0,
      "m04": 1.4901153200241879e-8,
      "m05": 1,
      "m06": -1.1660847797339419e-13,
      "m07": 0,
      "m08": 2.220446049250313e-16,
      "m09": 1.1660847797339419e-13,
      "m10": 1.0000005960464478,
      "m11": 0,
      "m12": 1.876663327217102,
      "m13": -12.634390830993652,
      "m14": 0.009371919557452202,
      "m15": 1
    },
    {
      "__type__": "cc.Mat4",
      "m00": 1,
      "m01": 3.6718013518566295e-8,
      "m02": -0.0000013017910305279656,
      "m03": 0,
      "m04": -3.671799220228422e-8,
      "m05": 1,
      "m06": 1.997157491738944e-14,
      "m07": 0,
      "m08": 0.0000013017910305279656,
      "m09": 2.7827590356804474e-14,
      "m10": 1,
      "m11": 0,
      "m12": 1.8777623176574707,
      "m13": -13.19016170501709,
      "m14": -0.8132981061935425,
      "m15": 1
    },
    {
      "__type__": "cc.Mat4",
      "m00": 1,
      "m01": 3.6718013518566295e-8,
      "m02": -0.0000013017910305279656,
      "m03": 0,
      "m04": -3.671799220228422e-8,
      "m05": 1,
      "m06": 1.997157491738944e-14,
      "m07": 0,
      "m08": 0.0000013017910305279656,
      "m09": 2.7827590356804474e-14,
      "m10": 1,
      "m11": 0,
      "m12": 6.090605735778809,
      "m13": -13.19016170501709,
      "m14": -0.8132981061935425,
      "m15": 1
    },
    {
      "__type__": "cc.Mat4",
      "m00": 1.0000005960464478,
      "m01": 2.4523622244032595e-8,
      "m02": -3.885780586188048e-16,
      "m03": 0,
      "m04": -2.4523622244032595e-8,
      "m05": 1,
      "m06": -5.670229639553187e-14,
      "m07": 0,
      "m08": 3.885780586188048e-16,
      "m09": 5.670229639553187e-14,
      "m10": 1.0000005960464478,
      "m11": 0,
      "m12": 1.8766639232635498,
      "m13": -11.74084186553955,
      "m14": 4.297357559204102,
      "m15": 1
    },
    {
      "__type__": "cc.Mat4",
      "m00": 1,
      "m01": 3.942481896501704e-8,
      "m02": -0.0000013017910305279656,
      "m03": 0,
      "m04": -3.942479409602129e-8,
      "m05": 1,
      "m06": 1.0841719334092875e-14,
      "m07": 0,
      "m08": 0.0000013017910305279656,
      "m09": 4.0481144505293346e-14,
      "m10": 1,
      "m11": 0,
      "m12": 1.876672387123108,
      "m13": -10.205055236816406,
      "m14": 4.320747375488281,
      "m15": 1
    },
    {
      "__type__": "cc.Mat4",
      "m00": 1,
      "m01": 3.942481896501704e-8,
      "m02": -0.0000013017910305279656,
      "m03": 0,
      "m04": -3.942479409602129e-8,
      "m05": 1,
      "m06": 1.0841719334092875e-14,
      "m07": 0,
      "m08": 0.0000013017910305279656,
      "m09": 4.0481144505293346e-14,
      "m10": 1,
      "m11": 0,
      "m12": 1.8766722679138184,
      "m13": -8.753039360046387,
      "m14": 4.335749626159668,
      "m15": 1
    },
    {
      "__type__": "cc.Mat4",
      "m00": 1,
      "m01": 3.942481896501704e-8,
      "m02": -0.0000013017910305279656,
      "m03": 0,
      "m04": -3.942479409602129e-8,
      "m05": 1,
      "m06": 1.0841719334092875e-14,
      "m07": 0,
      "m08": 0.0000013017910305279656,
      "m09": 4.0481144505293346e-14,
      "m10": 1,
      "m11": 0,
      "m12": 1.876672387123108,
      "m13": -7.105558395385742,
      "m14": 4.2924699783325195,
      "m15": 1
    }
  ],
  "_hash": 2784595747
}