{
  "__type__": "cc.Skeleton",
  "_name": "Skin-14",
  "_objFlags": 0,
  "_native": "",
  "_joints": [
    "Objekti_iz_jezerca/transform88/joint14"
  ],
  "_bindposes": [
    {
      "__type__": "cc.Mat4",
      "m00": 0.002197287743911147,
      "m01": 0,
      "m02": -0.0008358295308426023,
      "m03": 0,
      "m04": 0,
      "m05": 0.002350890077650547,
      "m06": 0,
      "m07": 0,
      "m08": 0.0008358295308426023,
      "m09": 0,
      "m10": 0.002197287743911147,
      "m11": 0,
      "m12": 0.000008242740477726329,
      "m13": -0.0010646749287843704,
      "m14": 0.0002717666793614626,
      "m15": 1
    }
  ],
  "_hash": 987833193
}