{
  "__type__": "cc.Skeleton",
  "_name": "Skin-8",
  "_objFlags": 0,
  "_native": "",
  "_joints": [
    "Objekti_iz_jezerca/transform82/joint8"
  ],
  "_bindposes": [
    {
      "__type__": "cc.Mat4",
      "m00": -0.0006926321075297892,
      "m01": 8.482296449561173e-20,
      "m02": 0.002266540192067623,
      "m03": 0,
      "m04": 5.678135302948685e-19,
      "m05": 0.002370009198784828,
      "m06": 8.482296449561173e-20,
      "m07": 0,
      "m08": -0.002266540192067623,
      "m09": 5.678135302948685e-19,
      "m10": -0.0006926321075297892,
      "m11": 0,
      "m12": 0.00041766351205296814,
      "m13": -0.0001770239759935066,
      "m14": -0.0008695927099324763,
      "m15": 1
    }
  ],
  "_hash": 3979410095
}