{
  "__type__": "cc.Skeleton",
  "_name": "Skin-10",
  "_objFlags": 0,
  "_native": "",
  "_joints": [
    "Objekti_iz_jezerca/transform84/joint10"
  ],
  "_bindposes": [
    {
      "__type__": "cc.Mat4",
      "m00": 0.0011780192144215107,
      "m01": 0,
      "m02": 0.0017601443687453866,
      "m03": 0,
      "m04": 0,
      "m05": 0.002117979573085904,
      "m06": 0,
      "m07": 0,
      "m08": -0.0017601443687453866,
      "m09": 0,
      "m10": 0.0011780192144215107,
      "m11": 0,
      "m12": 0.000010091186595673207,
      "m13": -0.0010687485337257385,
      "m14": -0.00018176519370172173,
      "m15": 1
    }
  ],
  "_hash": 4067373844
}