{
  "__type__": "cc.Skeleton",
  "_name": "Skin-14",
  "_objFlags": 0,
  "_native": "",
  "_joints": [
    "Cizme/Circle020/Bone445",
    "Cizme/Circle020/Bone445/Bone446",
    "Cizme/Circle020/Bone445/Bone446/Bone447",
    "Cizme/Circle020/Bone445/Bone446/Bone447/Bone448"
  ],
  "_bindposes": [
    {
      "__type__": "cc.Mat4",
      "m00": -0.0309602003544569,
      "m01": -0.14849057793617249,
      "m02": -0.9884293675422668,
      "m03": 0,
      "m04": 0.4717915654182434,
      "m05": -0.8739771842956543,
      "m06": 0.11651888489723206,
      "m07": 0,
      "m08": -0.8811665177345276,
      "m09": -0.4627249836921692,
      "m10": 0.09711512923240662,
      "m11": 0,
      "m12": 0.3857577443122864,
      "m13": 0.08785426616668701,
      "m14": 0.012592427432537079,
      "m15": 1
    },
    {
      "__type__": "cc.Mat4",
      "m00": -0.11895547807216644,
      "m01": -0.09412667155265808,
      "m02": -0.9884282946586609,
      "m03": 0,
      "m04": -0.19812718033790588,
      "m05": -0.9732261896133423,
      "m06": 0.11652315407991409,
      "m07": 0,
      "m08": -0.9729321599006653,
      "m09": 0.20969544351100922,
      "m10": 0.09712142497301102,
      "m11": 0,
      "m12": 0.04014128819108009,
      "m13": 0.08090995997190475,
      "m14": 0.012613075785338879,
      "m15": 1
    },
    {
      "__type__": "cc.Mat4",
      "m00": -0.14756138622760773,
      "m01": 0.03510348126292229,
      "m02": -0.9884304404258728,
      "m03": 0,
      "m04": -0.8868539929389954,
      "m05": -0.4471178948879242,
      "m06": 0.11651810258626938,
      "m07": 0,
      "m08": -0.4378545880317688,
      "m09": 0.8937861323356628,
      "m10": 0.09710899740457535,
      "m11": 0,
      "m12": -0.13806961476802826,
      "m13": 0.3057076334953308,
      "m14": 0.012601180002093315,
      "m15": 1
    },
    {
      "__type__": "cc.Mat4",
      "m00": -0.147565558552742,
      "m01": 0.03510726988315582,
      "m02": -0.9884294271469116,
      "m03": 0,
      "m04": -0.8868522644042969,
      "m05": -0.44711872935295105,
      "m06": 0.11652019619941711,
      "m07": 0,
      "m08": -0.43785420060157776,
      "m09": 0.893785297870636,
      "m10": 0.09711439907550812,
      "m11": 0,
      "m12": -0.5332390069961548,
      "m13": 0.3057156205177307,
      "m14": 0.01260281540453434,
      "m15": 1
    }
  ],
  "_hash": 3872861470
}