{
  "__type__": "cc.Skeleton",
  "_name": "Skin-1",
  "_objFlags": 0,
  "_native": "",
  "_joints": [
    "Animirani_objekti/Group049/Bone336",
    "Animirani_objekti/Group049/Bone370",
    "Animirani_objekti/Group049/Bone370/Bone371",
    "Animirani_objekti/Group049/Bone370/Bone371/Bone372",
    "Animirani_objekti/Group049/Bone370/Bone371/Bone372/Bone373",
    "Animirani_objekti/Group049/Bone343/Bone344/Bone345/Bone346/Bone347",
    "Animirani_objekti/Group049/Bone343/Bone344/Bone345/Bone346",
    "Animirani_objekti/Group049/Bone343/Bone344/Bone345/Bone346/Bone347/Bone348",
    "Animirani_objekti/Group049/Bone343/Bone344/Bone345",
    "Animirani_objekti/Group049/Bone343/Bone344",
    "Animirani_objekti/Group049/Bone343",
    "Animirani_objekti/Group049/Bone329/Bone330/Bone331/Bone332",
    "Animirani_objekti/Group049/Bone329/Bone330/Bone331/Bone332/Bone333",
    "Animirani_objekti/Group049/Bone329/Bone330/Bone331/Bone332/Bone333/Bone334",
    "Animirani_objekti/Group049/Bone329/Bone330/Bone331",
    "Animirani_objekti/Group049/Bone329/Bone330",
    "Animirani_objekti/Group049/Bone329",
    "Animirani_objekti/Group049/Bone355",
    "Animirani_objekti/Group049/Bone355/Bone356",
    "Animirani_objekti/Group049/Bone355/Bone356/Bone357",
    "Animirani_objekti/Group049/Bone355/Bone356/Bone357/Bone358",
    "Animirani_objekti/Group049/Bone365",
    "Animirani_objekti/Group049/Bone365/Bone366",
    "Animirani_objekti/Group049/Bone365/Bone366/Bone367",
    "Animirani_objekti/Group049/Bone365/Bone366/Bone367/Bone368",
    "Animirani_objekti/Group049/Bone350",
    "Animirani_objekti/Group049/Bone350/Bone351",
    "Animirani_objekti/Group049/Bone350/Bone351/Bone352",
    "Animirani_objekti/Group049/Bone350/Bone351/Bone352/Bone353",
    "Animirani_objekti/Group049/Bone360",
    "Animirani_objekti/Group049/Bone360/Bone361",
    "Animirani_objekti/Group049/Bone360/Bone361/Bone362",
    "Animirani_objekti/Group049/Bone360/Bone361/Bone362/Bone363"
  ],
  "_bindposes": [
    {
      "__type__": "cc.Mat4",
      "m00": -0.0801624059677124,
      "m01": -0.9967813491821289,
      "m02": 0.0000015836619695619447,
      "m03": 0,
      "m04": -0.0000025948745587811572,
      "m05": -0.0000013800909073324874,
      "m06": -1.0000001192092896,
      "m07": 0,
      "m08": 0.9967813491821289,
      "m09": -0.0801624208688736,
      "m10": -0.0000024758942345215473,
      "m11": 0,
      "m12": -0.7776623964309692,
      "m13": 0.453717976808548,
      "m14": 0.20118647813796997,
      "m15": 1
    },
    {
      "__type__": "cc.Mat4",
      "m00": -0.09350886195898056,
      "m01": 0.31701433658599854,
      "m02": 0.943799614906311,
      "m03": 0,
      "m04": 0.2324850708246231,
      "m05": -0.9147943258285522,
      "m06": 0.3303055763244629,
      "m07": 0,
      "m08": 0.9680945873260498,
      "m09": 0.25030583143234253,
      "m10": 0.011840282008051872,
      "m11": 0,
      "m12": -0.8540247678756714,
      "m13": 0.12392787635326385,
      "m14": -0.21709145605564117,
      "m15": 1
    },
    {
      "__type__": "cc.Mat4",
      "m00": -0.29533687233924866,
      "m01": 0.1782413274049759,
      "m02": 0.9386193156242371,
      "m03": 0,
      "m04": 0.7684918642044067,
      "m05": -0.5393748879432678,
      "m06": 0.34423181414604187,
      "m07": 0,
      "m08": 0.5676246881484985,
      "m09": 0.8229848742485046,
      "m10": 0.022320272400975227,
      "m11": 0,
      "m12": -0.9049884676933289,
      "m13": -0.6233288645744324,
      "m14": -0.23370276391506195,
      "m15": 1
    },
    {
      "__type__": "cc.Mat4",
      "m00": -0.3608129024505615,
      "m01": 0.06382088363170624,
      "m02": 0.9304516315460205,
      "m03": 0,
      "m04": 0.9010186195373535,
      "m05": -0.2337227314710617,
      "m06": 0.36543020606040955,
      "m07": 0,
      "m08": 0.24079006910324097,
      "m09": 0.970206081867218,
      "m10": 0.02682637609541416,
      "m11": 0,
      "m12": -0.8536306023597717,
      "m13": -0.9896419644355774,
      "m14": -0.252430260181427,
      "m15": 1
    },
    {
      "__type__": "cc.Mat4",
      "m00": -0.3431948125362396,
      "m01": -0.1477324366569519,
      "m02": 0.9275729656219482,
      "m03": 0,
      "m04": 0.8829455971717834,
      "m05": 0.286078542470932,
      "m06": 0.3722454011440277,
      "m07": 0,
      "m08": -0.3203516900539398,
      "m09": 0.9467496871948242,
      "m10": 0.03225899115204811,
      "m11": 0,
      "m12": -0.3868800103664398,
      "m13": -1.421507716178894,
      "m14": -0.2651619613170624,
      "m15": 1
    },
    {
      "__type__": "cc.Mat4",
      "m00": 0.8039757013320923,
      "m01": 0.28594475984573364,
      "m02": -0.5214012861251831,
      "m03": 0,
      "m04": -0.49125397205352783,
      "m05": -0.1747252494096756,
      "m06": -0.8533118963241577,
      "m07": 0,
      "m08": -0.3351021111011505,
      "m09": 0.9421819448471069,
      "m10": -0.000003349594180690474,
      "m11": 0,
      "m12": 0.18465757369995117,
      "m13": -1.5066990852355957,
      "m14": 0.16928234696388245,
      "m15": 1
    },
    {
      "__type__": "cc.Mat4",
      "m00": 0.8068262934684753,
      "m01": -0.27777528762817383,
      "m02": -0.5214141607284546,
      "m03": 0,
      "m04": -0.4930141568183899,
      "m05": 0.16973525285720825,
      "m06": -0.8533035516738892,
      "m07": 0,
      "m08": 0.32552942633628845,
      "m09": 0.9455314874649048,
      "m10": -2.906582778905431e-7,
      "m11": 0,
      "m12": -0.6413737535476685,
      "m13": -1.2930513620376587,
      "m14": 0.16927987337112427,
      "m15": 1
    },
    {
      "__type__": "cc.Mat4",
      "m00": 0.6963456869125366,
      "m01": 0.4932088553905487,
      "m02": -0.5213900208473206,
      "m03": 0,
      "m04": -0.42548611760139465,
      "m05": -0.30134525895118713,
      "m06": -0.8533186316490173,
      "m07": 0,
      "m08": -0.5779828429222107,
      "m09": 0.816048800945282,
      "m10": 0.000013035357369517442,
      "m11": 0,
      "m12": 0.4868592619895935,
      "m13": -1.4287611246109009,
      "m14": 0.16925381124019623,
      "m15": 1
    },
    {
      "__type__": "cc.Mat4",
      "m00": 0.28951144218444824,
      "m01": -0.8026944398880005,
      "m02": -0.5214060544967651,
      "m03": 0,
      "m04": -0.1769038289785385,
      "m05": 0.49047863483428955,
      "m06": -0.8533084392547607,
      "m07": 0,
      "m08": 0.9406847953796387,
      "m09": 0.3392814099788666,
      "m10": -5.425488325272454e-7,
      "m11": 0,
      "m12": -1.216495156288147,
      "m13": -0.31113201379776,
      "m14": 0.16927635669708252,
      "m15": 1
    },
    {
      "__type__": "cc.Mat4",
      "m00": -0.5018352270126343,
      "m01": -0.690143346786499,
      "m02": -0.5214052200317383,
      "m03": 0,
      "m04": 0.3066408932209015,
      "m05": 0.4217044711112976,
      "m06": -0.8533092737197876,
      "m07": 0,
      "m08": 0.8087846636772156,
      "m09": -0.5881048440933228,
      "m10": 3.1286018220555434e-9,
      "m11": 0,
      "m12": -0.551654577255249,
      "m13": 0.8321598172187805,
      "m14": 0.1692786067724228,
      "m15": 1
    },
    {
      "__type__": "cc.Mat4",
      "m00": -0.08583992719650269,
      "m01": -0.8489805459976196,
      "m02": -0.5214048027992249,
      "m03": 0,
      "m04": 0.05246368795633316,
      "m05": 0.518758237361908,
      "m06": -0.8533098101615906,
      "m07": 0,
      "m08": 0.9949267506599426,
      "m09": -0.10060279816389084,
      "m10": 0.00001048263584380038,
      "m11": 0,
      "m12": -0.7711001634597778,
      "m13": 0.4407871663570404,
      "m14": 0.16927064955234528,
      "m15": 1
    },
    {
      "__type__": "cc.Mat4",
      "m00": 0.726267397403717,
      "m01": -0.24363774061203003,
      "m02": 0.6427874565124512,
      "m03": 0,
      "m04": 0.6094108819961548,
      "m05": -0.2044370472431183,
      "m06": -0.7660437822341919,
      "m07": 0,
      "m08": 0.3180469870567322,
      "m09": 0.9480748772621155,