{
  "__type__": "cc.Skeleton",
  "_name": "Skin-18",
  "_objFlags": 0,
  "_native": "",
  "_joints": [
    "Zelena_zgrada/Bone415",
    "Zelena_zgrada/Bone415/Bone416",
    "Zelena_zgrada/Bone415/Bone416/Bone417"
  ],
  "_bindposes": [
    {
      "__type__": "cc.Mat4",
      "m00": -0.000006570680852746591,
      "m01": -1,
      "m02": 4.5253517555465805e-7,
      "m03": 0,
      "m04": 0.0000016461769973830087,
      "m05": -4.5254600422595104e-7,
      "m06": -1,
      "m07": 0,
      "m08": 1,
      "m09": -0.000006570679943251889,
      "m10": 0.0000016461799532407895,
      "m11": 0,
      "m12": -0.015200603753328323,
      "m13": -0.00245561171323061,
      "m14": -0.016122838482260704,
      "m15": 1
    },
    {
      "__type__": "cc.Mat4",
      "m00": 0.0000024800399387459038,
      "m01": -0.9060429930686951,
      "m02": -5.06984690673562e-7,
      "m03": 0,
      "m04": 1.736476917812979e-7,
      "m05": 5.069849748906563e-7,
      "m06": -0.9060429930686951,
      "m07": 0,
      "m08": 1.103700041770935,
      "m09": 0.0000020359000245662173,
      "m10": 1.4255100211357785e-7,
      "m11": 0,
      "m12": -0.1875377893447876,
      "m13": -0.0022289969492703676,
      "m14": -0.014606035314500332,
      "m15": 1
    },
    {
      "__type__": "cc.Mat4",
      "m00": 4.13820149642715e-33,
      "m01": -0.9060440063476562,
      "m02": -6.545960218318214e-7,
      "m03": 0,
      "m04": 1.351642634715903e-16,
      "m05": 6.545960218318214e-7,
      "m06": -0.9060440063476562,
      "m07": 0,
      "m08": 1.103700041770935,
      "m09": -8.016489084744962e-23,
      "m10": 1.1095839117966736e-16,
      "m11": 0,
      "m12": -2.9649317264556885,
      "m13": -0.0022153796162456274,
      "m14": -0.014609725214540958,
      "m15": 1
    }
  ],
  "_hash": 2268638371
}