{
  "__type__": "cc.Skeleton",
  "_name": "Skin-15",
  "_objFlags": 0,
  "_native": "",
  "_joints": [
    "Cizme/Circle021/Bone449",
    "Cizme/Circle021/Bone449/Bone450",
    "Cizme/Circle021/Bone449/Bone450/Bone451",
    "Cizme/Circle021/Bone449/Bone450/Bone451/Bone452"
  ],
  "_bindposes": [
    {
      "__type__": "cc.Mat4",
      "m00": 0.012970022857189178,
      "m01": 0.014645620249211788,
      "m02": -0.9998089075088501,
      "m03": 0,
      "m04": 0.353016197681427,
      "m05": -0.9355721473693848,
      "m06": -0.009125168435275555,
      "m07": 0,
      "m08": -0.9355270266532898,
      "m09": -0.352830171585083,
      "m10": -0.017304552718997,
      "m11": 0,
      "m12": 0.3620382845401764,
      "m13": 0.1090608760714531,
      "m14": 0.001770211267285049,
      "m15": 1
    },
    {
      "__type__": "cc.Mat4",
      "m00": 0.019224170595407486,
      "m01": 0.003603209275752306,
      "m02": -0.9998089075088501,
      "m03": 0,
      "m04": -0.2952924370765686,
      "m05": -0.9553629159927368,
      "m06": -0.009120877832174301,
      "m07": 0,
      "m08": -0.9552132487297058,
      "m09": 0.29541122913360596,
      "m10": -0.017302075400948524,
      "m11": 0,
      "m12": 0.036399319767951965,
      "m13": 0.10981909930706024,
      "m14": 0.001770063303411007,
      "m15": 1
    },
    {
      "__type__": "cc.Mat4",
      "m00": 0.014358950778841972,
      "m01": -0.013292301446199417,
      "m02": -0.9998089075088501,
      "m03": 0,
      "m04": -0.9430685639381409,
      "m05": -0.3324737846851349,
      "m06": -0.009123881347477436,
      "m07": 0,
      "m08": -0.33228883147239685,
      "m09": 0.9430191516876221,
      "m10": -0.0173095241189003,
      "m11": 0,
      "m12": -0.11148561537265778,
      "m13": 0.3343346416950226,
      "m14": 0.0017665785271674395,
      "m15": 1
    },
    {
      "__type__": "cc.Mat4",
      "m00": 0.014358471147716045,
      "m01": -0.013291621580719948,
      "m02": -0.9998089075088501,
      "m03": 0,
      "m04": -0.9430674910545349,
      "m05": -0.33247485756874084,
      "m06": -0.009123636409640312,
      "m07": 0,
      "m08": -0.3322899043560028,
      "m09": 0.9430180788040161,
      "m10": -0.01730874739587307,
      "m11": 0,
      "m12": -0.5174872279167175,
      "m13": 0.33433425426483154,
      "m14": 0.0017676306888461113,
      "m15": 1
    }
  ],
  "_hash": 1728080913
}