{
  "__type__": "cc.Skeleton",
  "_name": "Skin-8",
  "_objFlags": 0,
  "_native": "",
  "_joints": [
    "ANIM_scena/NOVA_Prolecna_scena_31_MAC:TRG_SE_Baloons_01/transform1/joint12"
  ],
  "_bindposes": [
    {
      "__type__": "cc.Mat4",
      "m00": 0.0012481699232012033,
      "m01": 0,
      "m02": 0.0005871524917893112,
      "m03": 0,
      "m04": 0,
      "m05": 0.001379375346004963,
      "m06": 0,
      "m07": 0,
      "m08": -0.0005871524917893112,
      "m09": 0,
      "m10": 0.0012481699232012033,
      "m11": 0,
      "m12": 0.0000030473370316030923,
      "m13": -0.0001329875667579472,
      "m14": -0.0000420861724705901,
      "m15": 1
    }
  ],
  "_hash": 3024097186
}