{
  "__type__": "cc.Skeleton",
  "_name": "Skin-3",
  "_objFlags": 0,
  "_native": "",
  "_joints": [
    "ANIM_scena/ANIM_anim2_leptir/ANIM_anim2_joint2"
  ],
  "_bindposes": [
    {
      "__type__": "cc.Mat4",
      "m00": -0.0007982846000231802,
      "m01": 9.776166547602937e-20,
      "m02": -0.0006384408916346729,
      "m03": 0,
      "m04": 4.699527130052579e-20,
      "m05": 0.0010221864795312285,
      "m06": 9.776166547602937e-20,
      "m07": 0,
      "m08": 0.0006384408916346729,
      "m09": 4.699527130052579e-20,
      "m10": -0.0007982846000231802,
      "m11": 0,
      "m12": -0.0001716139813652262,
      "m13": -0.000017670547094894573,
      "m14": 0.00021757054491899908,
      "m15": 1
    }
  ],
  "_hash": 228851023
}