{
  "__type__": "cc.Skeleton",
  "_name": "Skin-4",
  "_objFlags": 0,
  "_native": "",
  "_joints": [
    "ANIM_scena/ANIM_Krojac/ANIM_transform25/ANIM_joint3",
    "ANIM_scena/ANIM_Krojac/ANIM_transform25/ANIM_joint3/ANIM_joint2",
    "ANIM_scena/ANIM_Krojac/ANIM_transform25/ANIM_joint3/ANIM_joint4",
    "ANIM_scena/ANIM_Krojac/ANIM_transform25/ANIM_joint3/ANIM_joint5"
  ],
  "_bindposes": [
    {
      "__type__": "cc.Mat4",
      "m00": -0.0019852779805660248,
      "m01": 6.105529276601018e-11,
      "m02": 0.0005057115922681987,
      "m03": 0,
      "m04": 5.916588746712748e-11,
      "m05": 0.0020486756693571806,
      "m06": -1.5071378173248107e-11,
      "m07": 0,
      "m08": -0.0005057115922681987,
      "m09": -9.87922161969968e-20,
      "m10": -0.0019852779805660248,
      "m11": 0,
      "m12": -0.0008828836726024747,
      "m13": -0.02007211558520794,
      "m14": -0.0018581862095743418,
      "m15": 1
    },
    {
      "__type__": "cc.Mat4",
      "m00": -0.001692660734988749,
      "m01": -0.0002174627734348178,
      "m02": -0.0011334381997585297,
      "m03": 0,
      "m04": -0.000012846494428231381,
      "m05": 0.00201540463604033,
      "m06": -0.00036749313585460186,
      "m07": 0,
      "m08": 0.0011540395207703114,
      "m09": -0.0002965234743896872,
      "m10": -0.001666535041294992,
      "m11": 0,
      "m12": 0.0007829954847693443,
      "m13": -0.02927538752555847,
      "m14": 0.0036001927219331264,
      "m15": 1
    },
    {
      "__type__": "cc.Mat4",
      "m00": -0.0019852779805660248,
      "m01": 6.105529276601018e-11,
      "m02": 0.0005057115922681987,
      "m03": 0,
      "m04": 5.916588746712748e-11,
      "m05": 0.0020486756693571806,
      "m06": -1.5071378173248107e-11,
      "m07": 0,
      "m08": -0.0005057115922681987,
      "m09": -9.87922161969968e-20,
      "m10": -0.0019852779805660248,
      "m11": 0,
      "m12": 0.00938162300735712,
      "m13": -0.02002636529505253,
      "m14": -0.00547072384506464,
      "m15": 1
    },
    {
      "__type__": "cc.Mat4",
      "m00": -0.0019852779805660248,
      "m01": 6.105529276601018e-11,
      "m02": 0.0005057115922681987,
      "m03": 0,
      "m04": 5.916588746712748e-11,
      "m05": 0.0020486756693571806,
      "m06": -1.5071378173248107e-11,
      "m07": 0,
      "m08": -0.0005057115922681987,
      "m09": -9.87922161969968e-20,
      "m10": -0.0019852779805660248,
      "m11": 0,
      "m12": -0.01155535876750946,
      "m13": -0.008720851503312588,
      "m14": 0.0033753705210983753,
      "m15": 1
    }
  ],
  "_hash": 860025691
}