{
  "__type__": "cc.Skeleton",
  "_name": "Skin-7",
  "_objFlags": 0,
  "_native": "",
  "_joints": [
    "ANIM_scena/TRG_SE_Baloons_01/transform2/joint13"
  ],
  "_bindposes": [
    {
      "__type__": "cc.Mat4",
      "m00": 0.0012481699232012033,
      "m01": 0,
      "m02": 0.0005871524917893112,
      "m03": 0,
      "m04": 0,
      "m05": 0.001379375346004963,
      "m06": 0,
      "m07": 0,
      "m08": -0.0005871524917893112,
      "m09": 0,
      "m10": 0.0012481699232012033,
      "m11": 0,
      "m12": -0.0000048472661546838935,
      "m13": 0.00004855227962252684,
      "m14": -0.000028253376513021067,
      "m15": 1
    }
  ],
  "_hash": 1899837717
}