{
  "__type__": "cc.Skeleton",
  "_name": "Skin-9",
  "_objFlags": 0,
  "_native": "",
  "_joints": [
    "Balon/joint9",
    "Balon/joint10",
    "Balon/joint11"
  ],
  "_bindposes": [
    {
      "__type__": "cc.Mat4",
      "m00": 1,
      "m01": 0,
      "m02": 0,
      "m03": 0,
      "m04": 0,
      "m05": 1,
      "m06": 0,
      "m07": 0,
      "m08": 0,
      "m09": 0,
      "m10": 1,
      "m11": 0,
      "m12": 0.11897536367177963,
      "m13": -0.011540135368704796,
      "m14": -0.10174965113401413,
      "m15": 1
    },
    {
      "__type__": "cc.Mat4",
      "m00": 1,
      "m01": 0,
      "m02": 0,
      "m03": 0,
      "m04": 0,
      "m05": 1,
      "m06": 0,
      "m07": 0,
      "m08": 0,
      "m09": 0,
      "m10": 1,
      "m11": 0,
      "m12": 0.13514478504657745,
      "m13": -0.012992150150239468,
      "m14": -0.08926018327474594,
      "m15": 1
    },
    {
      "__type__": "cc.Mat4",
      "m00": 1,
      "m01": 0,
      "m02": 0,
      "m03": 0,
      "m04": 0,
      "m05": 1,
      "m06": 0,
      "m07": 0,
      "m08": 0,
      "m09": 0,
      "m10": 1,
      "m11": 0,
      "m12": 0.11259983479976654,
      "m13": -0.012709301896393299,
      "m14": -0.08629468828439713,
      "m15": 1
    }
  ],
  "_hash": 1047331085
}