{
  "__type__": "cc.Skeleton",
  "_name": "Skin-4",
  "_objFlags": 0,
  "_native": "",
  "_joints": [
    "Zeka_u_balonu/joint3",
    "Zeka_u_balonu/joint3/joint4"
  ],
  "_bindposes": [
    {
      "__type__": "cc.Mat4",
      "m00": 0.43498700857162476,
      "m01": 1.2455905230857045e-11,
      "m02": 0.9004369974136353,
      "m03": 0,
      "m04": -2.8635122051312578e-11,
      "m05": 1,
      "m06": -9.926167350636332e-24,
      "m07": 0,
      "m08": -0.9004369974136353,
      "m09": -2.578412310050293e-11,
      "m10": 0.43498700857162476,
      "m11": 0,
      "m12": -0.049176838248968124,
      "m13": -3.6429147720336914,
      "m14": -0.029960893094539642,
      "m15": 1
    },
    {
      "__type__": "cc.Mat4",
      "m00": 0.43498700857162476,
      "m01": 6.577669927287054e-15,
      "m02": 0.9004369974136353,
      "m03": 0,
      "m04": -1.5121532024047098e-14,
      "m05": 1,
      "m06": -9.926167350636332e-24,
      "m07": 0,
      "m08": -0.9004369974136353,
      "m09": -1.3615986864477098e-14,
      "m10": 0.43498700857162476,
      "m11": 0,
      "m12": -0.02743440680205822,
      "m13": -1.3847713470458984,
      "m14": -0.029960893094539642,
      "m15": 1
    }
  ],
  "_hash": 2749372322
}