{
  "__type__": "cc.Skeleton",
  "_name": "Skin-3",
  "_objFlags": 0,
  "_native": "",
  "_joints": [
    "Cirkus/joint5",
    "Cirkus/joint5/joint6",
    "Cirkus/joint5/joint7"
  ],
  "_bindposes": [
    {
      "__type__": "cc.Mat4",
      "m00": -0.007006959989666939,
      "m01": 8.581051216448406e-19,
      "m02": -0.007134589832276106,
      "m03": 0,
      "m04": -0.007134589832276106,
      "m05": 2.6141231217209066e-19,
      "m06": 0.007006959989666939,
      "m07": 0,
      "m08": 7.877780708692173e-19,
      "m09": 0.009999990463256836,
      "m10": 4.290524315754496e-19,
      "m11": 0,
      "m12": 0.2048085778951645,
      "m13": -0.12317722290754318,
      "m14": 0.4120831787586212,
      "m15": 1
    },
    {
      "__type__": "cc.Mat4",
      "m00": -0.007006959989666939,
      "m01": 8.581051216448406e-19,
      "m02": -0.007134589832276106,
      "m03": 0,
      "m04": -0.007134589832276106,
      "m05": 2.6141231217209066e-19,
      "m06": 0.007006959989666939,
      "m07": 0,
      "m08": 7.877780708692173e-19,
      "m09": 0.009999990463256836,
      "m10": 4.290524315754496e-19,
      "m11": 0,
      "m12": 0.6592422723770142,
      "m13": -0.1320660412311554,
      "m14": -2.9059066772460938,
      "m15": 1
    },
    {
      "__type__": "cc.Mat4",
      "m00": -0.007006959989666939,
      "m01": 8.581051216448406e-19,
      "m02": -0.007134589832276106,
      "m03": 0,
      "m04": -0.007134589832276106,
      "m05": 2.6141231217209066e-19,
      "m06": 0.007006959989666939,
      "m07": 0,
      "m08": 7.877780708692173e-19,
      "m09": 0.009999990463256836,
      "m10": 4.290524315754496e-19,
      "m11": 0,
      "m12": -2.9556925296783447,
      "m13": -0.1320660412311554,
      "m14": 0.4982600510120392,
      "m15": 1
    }
  ],
  "_hash": 884615586
}