{
  "__type__": "cc.Skeleton",
  "_name": "Skin-7",
  "_objFlags": 0,
  "_native": "",
  "_joints": [
    "Animirani_objekti/Group098/Bone422/Bone423",
    "Animirani_objekti/Group098/Bone422",
    "Animirani_objekti/Group098/Bone422/Bone423/Bone424"
  ],
  "_bindposes": [
    {
      "__type__": "cc.Mat4",
      "m00": -0.00047287699999287724,
      "m01": -1,
      "m02": -3.0469400336130548e-9,
      "m03": 0,
      "m04": 5.738814365940925e-7,
      "m05": 2.7755653331240637e-9,
      "m06": -1,
      "m07": 0,
      "m08": 1,
      "m09": -0.00047287699999287724,
      "m10": 5.73880015508621e-7,
      "m11": 0,
      "m12": -0.21306182444095612,
      "m13": 0.00022532166622113436,
      "m14": -0.00013492899597622454,
      "m15": 1
    },
    {
      "__type__": "cc.Mat4",
      "m00": -0.006007249932736158,
      "m01": -0.9999819993972778,
      "m02": -0.0000038904399843886495,
      "m03": 0,
      "m04": 3.1145834356038904e-8,
      "m05": 0.000003890323114319472,
      "m06": -1,
      "m07": 0,
      "m08": 0.9999819993972778,
      "m09": -0.006007249932736158,
      "m10": 7.775129873266451e-9,
      "m11": 0,
      "m12": 0.003690027166157961,
      "m13": 0.00009585445513948798,
      "m14": -0.00013481068890541792,
      "m15": 1
    },
    {
      "__type__": "cc.Mat4",
      "m00": -1.7917706207626338e-10,
      "m01": -1,
      "m02": -0.000001909970023916685,
      "m03": 0,
      "m04": 4.034550276670241e-16,
      "m05": 0.000001909970023916685,
      "m06": -1,
      "m07": 0,
      "m08": 1,
      "m09": -1.7917706207626338e-10,
      "m10": 6.123223013269509e-17,
      "m11": 0,
      "m12": -3.0718698501586914,
      "m13": -0.0012217682087793946,
      "m14": -0.00013316610420588404,
      "m15": 1
    }
  ],
  "_hash": 4169582331
}