{
  "__type__": "cc.Skeleton",
  "_name": "Skin-1",
  "_objFlags": 0,
  "_native": "",
  "_joints": [
    "Animirani_objekti/Group049/Bone336",
    "Animirani_objekti/Group049/Bone370",
    "Animirani_objekti/Group049/Bone370/Bone371",
    "Animirani_objekti/Group049/Bone370/Bone371/Bone372",
    "Animirani_objekti/Group049/Bone370/Bone371/Bone372/Bone373",
    "Animirani_objekti/Group049/Bone343/Bone344/Bone345/Bone346/Bone347",
    "Animirani_objekti/Group049/Bone343/Bone344/Bone345/Bone346",
    "Animirani_objekti/Group049/Bone343/Bone344/Bone345/Bone346/Bone347/Bone348",
    "Animirani_objekti/Group049/Bone343/Bone344/Bone345",
    "Animirani_objekti/Group049/Bone343/Bone344",
    "Animirani_objekti/Group049/Bone343",
    "Animirani_objekti/Group049/Bone329/Bone330/Bone331/Bone332",
    "Animirani_objekti/Group049/Bone329/Bone330/Bone331/Bone332/Bone333",
    "Animirani_objekti/Group049/Bone329/Bone330/Bone331/Bone332/Bone333/Bone334",
    "Animirani_objekti/Group049/Bone329/Bone330/Bone331",
    "Animirani_objekti/Group049/Bone329/Bone330",
    "Animirani_objekti/Group049/Bone329",
    "Animirani_objekti/Group049/Bone355",
    "Animirani_objekti/Group049/Bone355/Bone356",
    "Animirani_objekti/Group049/Bone355/Bone356/Bone357",
    "Animirani_objekti/Group049/Bone355/Bone356/Bone357/Bone358",
    "Animirani_objekti/Group049/Bone365",
    "Animirani_objekti/Group049/Bone365/Bone366",
    "Animirani_objekti/Group049/Bone365/Bone366/Bone367",
    "Animirani_objekti/Group049/Bone365/Bone366/Bone367/Bone368",
    "Animirani_objekti/Group049/Bone350",
    "Animirani_objekti/Group049/Bone350/Bone351",
    "Animirani_objekti/Group049/Bone350/Bone351/Bone352",
    "Animirani_objekti/Group049/Bone350/Bone351/Bone352/Bone353",
    "Animirani_objekti/Group049/Bone360",
    "Animirani_objekti/Group049/Bone360/Bone361",
    "Animirani_objekti/Group049/Bone360/Bone361/Bone362",
    "Animirani_objekti/Group049/Bone360/Bone361/Bone362/Bone363"
  ],
  "_bindposes": [
    {
      "__type__": "cc.Mat4",
      "m00": -0.0801624059677124,
      "m01": -0.9967813491821289,
      "m02": 0.0000015836619695619447,
      "m03": 0,
      "m04": -0.0000026191708002443193,
      "m05": -0.000001378136971652566,
      "m06": -1.0000001192092896,
      "m07": 0,
      "m08": 0.9967813491821289,
      "m09": -0.0801624208688736,
      "m10": -0.0000025002689199027373,
      "m11": 0,
      "m12": -0.7776620984077454,
      "m13": 0.4537143111228943,
      "m14": 0.20118287205696106,
      "m15": 1
    },
    {
      "__type__": "cc.Mat4",
      "m00": -0.09351075440645218,
      "m01": 0.3170136511325836,
      "m02": 0.9437996745109558,
      "m03": 0,
      "m04": 0.23248989880084991,
      "m05": -0.9147935509681702,
      "m06": 0.3303053379058838,
      "m07": 0,
      "m08": 0.9680934548377991,
      "m09": 0.25031107664108276,
      "m10": 0.011840559542179108,
      "m11": 0,
      "m12": -0.8540265560150146,
      "m13": 0.12392682582139969,
      "m14": -0.2170942723751068,
      "m15": 1
    },
    {
      "__type__": "cc.Mat4",
      "m00": -0.2953466475009918,
      "m01": 0.1782350242137909,
      "m02": 0.9386171698570251,
      "m03": 0,
      "m04": 0.7684983015060425,
      "m05": -0.5393616557121277,
      "m06": 0.3442367613315582,
      "m07": 0,
      "m08": 0.5676091909408569,
      "m09": 0.8229953050613403,
      "m10": 0.022325357422232628,
      "m11": 0,
      "m12": -0.9049736857414246,
      "m13": -0.6233437061309814,
      "m14": -0.23371364176273346,
      "m15": 1
    },
    {
      "__type__": "cc.Mat4",
      "m00": -0.3608073890209198,
      "m01": 0.06382564455270767,
      "m02": 0.9304531216621399,
      "m03": 0,
      "m04": 0.9010169506072998,
      "m05": -0.23373550176620483,
      "m06": 0.36542564630508423,
      "m07": 0,
      "m08": 0.24080371856689453,
      "m09": 0.9702029228210449,
      "m10": 0.02682550624012947,
      "m11": 0,
      "m12": -0.8536540269851685,
      "m13": -0.9896284341812134,
      "m14": -0.25241875648498535,
      "m15": 1
    },
    {
      "__type__": "cc.Mat4",
      "m00": -0.3431954085826874,
      "m01": -0.1477307677268982,
      "m02": 0.9275728464126587,
      "m03": 0,
      "m04": 0.8829450011253357,
      "m05": 0.2860790193080902,
      "m06": 0.37224557995796204,
      "m07": 0,
      "m08": -0.3203514516353607,
      "m09": 0.9467496871948242,
      "m10": 0.032257113605737686,
      "m11": 0,
      "m12": -0.3868791460990906,
      "m13": -1.4215071201324463,
      "m14": -0.2651611566543579,
      "m15": 1
    },
    {
      "__type__": "cc.Mat4",
      "m00": 0.8039756417274475,
      "m01": 0.2859272062778473,
      "m02": -0.5214109420776367,
      "m03": 0,
      "m04": -0.49126896262168884,
      "m05": -0.1747131496667862,
      "m06": -0.8533052206039429,
      "m07": 0,
      "m08": -0.33508098125457764,
      "m09": 0.9421892762184143,
      "m10": 0.000002048536316578975,
      "m11": 0,
      "m12": 0.1846291720867157,
      "m13": -1.5067044496536255,
      "m14": 0.16927215456962585,
      "m15": 1
    },
    {
      "__type__": "cc.Mat4",
      "m00": 0.8068316578865051,
      "m01": -0.2777904272079468,
      "m02": -0.5213972926139832,
      "m03": 0,
      "m04": -0.49299415946006775,
      "m05": 0.16974017024040222,
      "m06": -0.8533142805099487,
      "m07": 0,
      "m08": 0.3255443572998047,
      "m09": 0.9455273151397705,
      "m10": 0.000002684865648916457,
      "m11": 0,
      "m12": -0.6414062976837158,
      "m13": -1.2930443286895752,
      "m14": 0.1692713350057602,
      "m15": 1
    },
    {
      "__type__": "cc.Mat4",
      "m00": 0.6963452100753784,
      "m01": 0.49320927262306213,
      "m02": -0.5213901996612549,
      "m03": 0,
      "m04": -0.42548641562461853,
      "m05": -0.3013450503349304,
      "m06": -0.8533185720443726,
      "m07": 0,
      "m08": -0.5779828429222107,
      "m09": 0.816048800945282,
      "m10": 0.000013669730833498761,
      "m11": 0,
      "m12": 0.4868636429309845,
      "m13": -1.4287675619125366,
      "m14": 0.16924948990345,
      "m15": 1
    },
    {
      "__type__": "cc.Mat4",
      "m00": 0.289533406496048,
      "m01": -0.802685558795929,
      "m02": -0.5214080810546875,
      "m03": 0,
      "m04": -0.17692574858665466,
      "m05": 0.490472674369812,
      "m06": -0.853307843208313,
      "m07": 0,
      "m08": 0.9406734108924866,
      "m09": 0.339311808347702,
      "m10": -0.000007525506134697935,
      "m11": 0,
      "m12": -1.2164822816848755,
      "m13": -0.3111676275730133,
      "m14": 0.16928909718990326,
      "m15": 1
    },
    {
      "__type__": "cc.Mat4",
      "m00": -0.501846969127655,
      "m01": -0.6901343464851379,
      "m02": -0.521405816078186,
      "m03": 0,
      "m04": 0.30664774775505066,
      "m05": 0.42170020937919617,
      "m06": -0.8533088564872742,
      "m07": 0,
      "m08": 0.8087747097015381,
      "m09": -0.5881184339523315,
      "m10": -8.360175343113951e-7,
      "m11": 0,
      "m12": -0.5516393184661865,
      "m13": 0.8321609497070312,
      "m14": 0.16927823424339294,
      "m15": 1
    },
    {
      "__type__": "cc.Mat4",
      "m00": -0.0858655646443367,
      "m01": -0.8489775657653809,
      "m02": -0.5214053988456726,
      "m03": 0,
      "m04": 0.05248589441180229,
      "m05": 0.5187567472457886,
      "m06": -0.853309154510498,
      "m07": 0,
      "m08": 0.9949235916137695,
      "m09": -0.10063624382019043,
      "m10": 0.000016006653822842054,
      "m11": 0,
      "m12": -0.7710859775543213,
      "m13": 0.4408111870288849,
      "m14": 0.16926197707653046,
      "m15": 1
    },
    {
      "__type__": "cc.Mat4",
      "m00": 0.7262552976608276,
      "m01": -0.24365878105163574,
      "m02": 0.6427934765815735,
      "m03": 0,
      "m04": 0.6094111800193787,
      "m05": -0.20445454120635986,
      "m06": -0.766039252281189,
      "m07": 0,
      "m08": 0.31807413697242737,
      "m09": 0.9480664730072021,