{
  "__type__": "cc.Skeleton",
  "_name": "Skin-12",
  "_objFlags": 0,
  "_native": "",
  "_joints": [
    "Animirani_objekti/Group115/Point011/Bone475",
    "Animirani_objekti/Group115/Point011/Bone475/Bone476",
    "Animirani_objekti/Group115/Point011/Bone475/Bone476/Bone477",
    "Animirani_objekti/Group115/Point011/Bone475/Bone476/Bone477/Bone478"
  ],
  "_bindposes": [
    {
      "__type__": "cc.Mat4",
      "m00": 0.9902269840240479,
      "m01": -0.13946300745010376,
      "m02": -0.000011852999705297407,
      "m03": 0,
      "m04": -0.000012026670447085053,
      "m05": -4.025473856472672e-7,
      "m06": -1,
      "m07": 0,
      "m08": 0.13946299254894257,
      "m09": 0.9902269840240479,
      "m10": -0.000002075890051855822,
      "m11": 0,
      "m12": 0.12674692273139954,
      "m13": 0.0312524139881134,
      "m14": -0.00006948057853151113,
      "m15": 1
    },
    {
      "__type__": "cc.Mat4",
      "m00": 0.9996910095214844,
      "m01": 0.024866199120879173,
      "m02": 0.000002283200046804268,
      "m03": 0,
      "m04": 0.0000022950143829802983,
      "m05": -4.465619269922172e-7,
      "m06": -1,
      "m07": 0,
      "m08": -0.024866199120879173,
      "m09": 0.9996910095214844,
      "m10": -5.034920036450785e-7,
      "m11": 0,
      "m12": -0.0007634285720996559,
      "m13": 0.031553965061903,
      "m14": -0.00006942847539903596,
      "m15": 1
    },
    {
      "__type__": "cc.Mat4",
      "m00": 0.9911770224571228,
      "m01": -0.1325480043888092,
      "m02": 0.000002608210024845903,
      "m03": 0,
      "m04": 0.0000025776166694413405,
      "m05": -4.0240280441139475e-7,
      "m06": -1,
      "m07": 0,
      "m08": 0.1325480043888092,
      "m09": 0.9911770224571228,
      "m10": -5.7194398550564074e-8,
      "m11": 0,
      "m12": -0.18203170597553253,
      "m13": 0.06091764569282532,
      "m14": -0.00006947855581529438,
      "m15": 1
    },
    {
      "__type__": "cc.Mat4",
      "m00": 0.9911749958992004,
      "m01": -0.1325560063123703,
      "m02": -2.0854000126746541e-7,
      "m03": 0,
      "m04": -2.6471289515939134e-7,
      "m05": -4.061454887960281e-7,
      "m06": -1,
      "m07": 0,
      "m08": 0.1325560063123703,
      "m09": 0.9911749958992004,
      "m10": -4.376510105430498e-7,
      "m11": 0,
      "m12": -0.3236251473426819,
      "m13": 0.06092187389731407,
      "m14": -0.00006837264663772658,
      "m15": 1
    }
  ],
  "_hash": 2882273620
}