{
  "__type__": "cc.Skeleton",
  "_name": "Skin-1",
  "_objFlags": 0,
  "_native": "",
  "_joints": [
    "Vetrenjaca/joint2"
  ],
  "_bindposes": [
    {
      "__type__": "cc.Mat4",
      "m00": 0.9846339821815491,
      "m01": 0,
      "m02": -0.1746309995651245,
      "m03": 0,
      "m04": 0,
      "m05": 1,
      "m06": 0,
      "m07": 0,
      "m08": 0.1746309995651245,
      "m09": 0,
      "m10": 0.9846339821815491,
      "m11": 0,
      "m12": 13.219274520874023,
      "m13": -2.2100257873535156,
      "m14": -0.5249667167663574,
      "m15": 1
    }
  ],
  "_hash": 3251913226
}