{
  "__type__": "cc.Skeleton",
  "_name": "Skin-3",
  "_objFlags": 0,
  "_native": "",
  "_joints": [
    "Cirkus/joint5",
    "Cirkus/joint5/joint6",
    "Cirkus/joint5/joint7"
  ],
  "_bindposes": [
    {
      "__type__": "cc.Mat4",
      "m00": -0.007006949279457331,
      "m01": 5.0188924197169804e-12,
      "m02": -0.007134600542485714,
      "m03": 0,
      "m04": -0.007134600542485714,
      "m05": -4.929108770451718e-12,
      "m06": 0.007006949279457331,
      "m07": 0,
      "m08": -9.657241834508605e-18,
      "m09": 0.009999990463256836,
      "m10": 7.034583419246454e-12,
      "m11": 0,
      "m12": 0.20481309294700623,
      "m13": -0.12317722290754318,
      "m14": 0.41209304332733154,
      "m15": 1
    },
    {
      "__type__": "cc.Mat4",
      "m00": -0.007006949279457331,
      "m01": 8.581051216448406e-19,
      "m02": -0.007134600542485714,
      "m03": 0,
      "m04": -0.007134600542485714,
      "m05": 2.6141231217209066e-19,
      "m06": 0.007006949279457331,
      "m07": 0,
      "m08": 7.877774504837579e-19,
      "m09": 0.009999990463256836,
      "m10": 4.29053594798186e-19,
      "m11": 0,
      "m12": 0.6592468023300171,
      "m13": -0.1320660412311554,
      "m14": -2.9058969020843506,
      "m15": 1
    },
    {
      "__type__": "cc.Mat4",
      "m00": -0.007006949279457331,
      "m01": 8.581051216448406e-19,
      "m02": -0.007134600542485714,
      "m03": 0,
      "m04": -0.007134600542485714,
      "m05": 2.6141231217209066e-19,
      "m06": 0.007006949279457331,
      "m07": 0,
      "m08": 7.877774504837579e-19,
      "m09": 0.009999990463256836,
      "m10": 4.29053594798186e-19,
      "m11": 0,
      "m12": -2.955687999725342,
      "m13": -0.1320660412311554,
      "m14": 0.4982699155807495,
      "m15": 1
    }
  ],
  "_hash": 1570763862
}