{
  "__type__": "cc.Skeleton",
  "_name": "Skin-2",
  "_objFlags": 0,
  "_native": "",
  "_joints": [
    "Veliko_drvo/joint8"
  ],
  "_bindposes": [
    {
      "__type__": "cc.Mat4",
      "m00": 0.02260621264576912,
      "m01": 0,
      "m02": 0,
      "m03": 0,
      "m04": 0,
      "m05": 1.3842174787311905e-18,
      "m06": -0.02260621264576912,
      "m07": 0,
      "m08": 0,
      "m09": 0.026583967730402946,
      "m10": 1.6278148279001207e-18,
      "m11": 0,
      "m12": 0.025791581720113754,
      "m13": -0.03176834434270859,
      "m14": 0.008033019490540028,
      "m15": 1
    }
  ],
  "_hash": 1887661012
}