{
  "__type__": "cc.Skeleton",
  "_name": "Skin-0",
  "_objFlags": 0,
  "_native": "",
  "_joints": [
    "Tree_02/transform1/joint1",
    "Tree_02/transform1/joint1/joint2"
  ],
  "_bindposes": [
    {
      "__type__": "cc.Mat4",
      "m00": 0.02916947565972805,
      "m01": 0,
      "m02": 0,
      "m03": 0,
      "m04": 0,
      "m05": 0.02916947565972805,
      "m06": 1.2750382971660201e-9,
      "m07": 0,
      "m08": 0,
      "m09": -1.2750382971660201e-9,
      "m10": 0.02916947565972805,
      "m11": 0,
      "m12": 0,
      "m13": 0,
      "m14": 0,
      "m15": 1
    },
    {
      "__type__": "cc.Mat4",
      "m00": 0.02916947565972805,
      "m01": 0,
      "m02": 0,
      "m03": 0,
      "m04": 0,
      "m05": 0.02916947565972805,
      "m06": 1.2750382971660201e-9,
      "m07": 0,
      "m08": 0,
      "m09": -1.2750382971660201e-9,
      "m10": 0.02916947565972805,
      "m11": 0,
      "m12": -0.001090202247723937,
      "m13": -0.018488649278879166,
      "m14": 0,
      "m15": 1
    }
  ],
  "_hash": 3088254869
}