{
  "__type__": "cc.Skeleton",
  "_name": "Skin-0",
  "_objFlags": 0,
  "_native": "",
  "_joints": [
    "Vetrenjaca/Windmill001/Bone012",
    "Vetrenjaca/Windmill001/Bone013"
  ],
  "_bindposes": [
    {
      "__type__": "cc.Mat4",
      "m00": -1.0000001192092896,
      "m01": -7.909267907280082e-8,
      "m02": 9.850983673231894e-8,
      "m03": 0,
      "m04": 7.909238775027916e-8,
      "m05": -1.000000238418579,
      "m06": -0.0000028628346626646817,
      "m07": 0,
      "m08": 9.851008542227646e-8,
      "m09": -0.0000028628355721593834,
      "m10": 1.0000007152557373,
      "m11": 0,
      "m12": -35.656890869140625,
      "m13": -0.22413477301597595,
      "m14": -280.7574157714844,
      "m15": 1
    },
    {
      "__type__": "cc.Mat4",
      "m00": -0.0076044583693146706,
      "m01": 0.9999711513519287,
      "m02": -6.479507419498987e-7,
      "m03": 0,
      "m04": -3.2417633022419068e-9,
      "m05": 6.479447165474994e-7,
      "m06": 1.000000238418579,
      "m07": 0,
      "m08": 0.999971866607666,
      "m09": 0.0076044597662985325,
      "m10": -1.6855993267839153e-9,
      "m11": 0,
      "m12": -3.8668038845062256,
      "m13": -20.540571212768555,
      "m14": 0.00006255980406422168,
      "m15": 1
    }
  ],
  "_hash": 215672525
}