{
  "__type__": "cc.Skeleton",
  "_name": "Skin-19",
  "_objFlags": 0,
  "_native": "",
  "_joints": [
    "Znak_na_stali/KOREKCIJE_Grad_nevidljivih_ljudi_samo_anim:joint3"
  ],
  "_bindposes": [
    {
      "__type__": "cc.Mat4",
      "m00": -0.0035696912091225386,
      "m01": 0.9999673962593079,
      "m02": -0.0072423131205141544,
      "m03": 0,
      "m04": 0.9991341829299927,
      "m05": 0.0038667283952236176,
      "m06": 0.04142346233129501,
      "m07": 0,
      "m08": 0.04145011305809021,
      "m09": -0.007088173646479845,
      "m10": -0.9991154074668884,
      "m11": 0,
      "m12": -0.0006513365660794079,
      "m13": -0.014863777905702591,
      "m14": 0.00012916597188450396,
      "m15": 1
    }
  ],
  "_hash": 2150898428
}