{
  "__type__": "cc.Skeleton",
  "_name": "Skin-15",
  "_objFlags": 0,
  "_native": "",
  "_joints": [
    "Objekti_iz_jezerca/KOREKCIJE_Grad_nevidljivih_ljudi_samo_anim:transform90/KOREKCIJE_Grad_nevidljivih_ljudi_samo_anim:joint16"
  ],
  "_bindposes": [
    {
      "__type__": "cc.Mat4",
      "m00": 0.0020462959073483944,
      "m01": 0.0000519732893735636,
      "m02": -0.0008467406732961535,
      "m03": 0,
      "m04": -0.00009834619413595647,
      "m05": 0.002210635459050536,
      "m06": -0.00010198133531957865,
      "m07": 0,
      "m08": 0.0008426136337220669,
      "m09": 0.00013179928646422923,
      "m10": 0.0020444155670702457,
      "m11": 0,
      "m12": 0.00005572905138251372,
      "m13": -0.0008944686851464212,
      "m14": 0.0002713370486162603,
      "m15": 1
    }
  ],
  "_hash": 3856423014
}