{
  "__type__": "cc.Skeleton",
  "_name": "Skin-9",
  "_objFlags": 0,
  "_native": "",
  "_joints": [
    "Objekti_iz_jezerca/KOREKCIJE_Grad_nevidljivih_ljudi_samo_anim:transform83/KOREKCIJE_Grad_nevidljivih_ljudi_samo_anim:joint9"
  ],
  "_bindposes": [
    {
      "__type__": "cc.Mat4",
      "m00": -0.0005104330484755337,
      "m01": -0.00005510502523975447,
      "m02": -0.0018526598578318954,
      "m03": 0,
      "m04": 9.118631469837872e-21,
      "m05": 0.001776620396412909,
      "m06": -0.00006257011409616098,
      "m07": 0,
      "m08": 0.0017123365541920066,
      "m09": -0.000016426341971964575,
      "m10": -0.0005522622377611697,
      "m11": 0,
      "m12": 0.0002498168032616377,
      "m13": 0.0000010833871328941314,
      "m14": 0.0007174668135121465,
      "m15": 1
    }
  ],
  "_hash": 4014387446
}