{
  "__type__": "cc.Skeleton",
  "_name": "Skin-16",
  "_objFlags": 0,
  "_native": "",
  "_joints": [
    "Objekti_iz_jezerca/KOREKCIJE_Grad_nevidljivih_ljudi_samo_anim:transform91/KOREKCIJE_Grad_nevidljivih_ljudi_samo_anim:joint17"
  ],
  "_bindposes": [
    {
      "__type__": "cc.Mat4",
      "m00": 0.0023270610254257917,
      "m01": -0.00004501500370679423,
      "m02": -0.0008138008415699005,
      "m03": 0,
      "m04": -0.000041119281377177685,
      "m05": 0.0022672400809824467,
      "m06": -0.00022371723025571555,
      "m07": 0,
      "m08": 0.0008904231945052743,
      "m09": 0.0002223433111794293,
      "m10": 0.0021164824720472097,
      "m11": 0,
      "m12": 0.00012121730105718598,
      "m13": -0.0009115090360864997,
      "m14": 0.0004021624044980854,
      "m15": 1
    }
  ],
  "_hash": 1579454509
}