{
  "__type__": "cc.Skeleton",
  "_name": "Skin-10",
  "_objFlags": 0,
  "_native": "",
  "_joints": [
    "Objekti_iz_jezerca/KOREKCIJE_Grad_nevidljivih_ljudi_samo_anim:transform84/KOREKCIJE_Grad_nevidljivih_ljudi_samo_anim:joint10"
  ],
  "_bindposes": [
    {
      "__type__": "cc.Mat4",
      "m00": 0.0011771753197535872,
      "m01": -0.000038482459785882384,
      "m02": 0.0017389673739671707,
      "m03": 0,
      "m04": 0.00008019016968319193,
      "m05": 0.00211644871160388,
      "m06": -0.000007268653007486137,
      "m07": 0,
      "m08": -0.0017588780028745532,
      "m09": 0.00007073668530210853,
      "m10": 0.001163518289104104,
      "m11": 0,
      "m12": -0.00003037516762560699,
      "m13": -0.0010689847404137254,
      "m14": -0.00017588432820048183,
      "m15": 1
    }
  ],
  "_hash": 3459644582
}