{
  "__type__": "cc.Skeleton",
  "_name": "Skin-13",
  "_objFlags": 0,
  "_native": "",
  "_joints": [
    "Objekti_iz_jezerca/KOREKCIJE_Grad_nevidljivih_ljudi_samo_anim:transform86/KOREKCIJE_Grad_nevidljivih_ljudi_samo_anim:joint12"
  ],
  "_bindposes": [
    {
      "__type__": "cc.Mat4",
      "m00": -0.00048340781359001994,
      "m01": 0.00010519472562009469,
      "m02": -0.002363236155360937,
      "m03": 0,
      "m04": 0.00011126461322419345,
      "m05": 0.0024104134645313025,
      "m06": 0.00008453507325612009,
      "m07": 0,
      "m08": 0.0023629593197256327,
      "m09": -0.00009197906183544546,
      "m10": -0.0004874449223279953,
      "m11": 0,
      "m12": 0.00012606974632944912,
      "m13": -0.0010769510408863425,
      "m14": 0.000016997657439787872,
      "m15": 1
    }
  ],
  "_hash": 1247821892
}