{
  "__type__": "cc.Skeleton",
  "_name": "Skin-14",
  "_objFlags": 0,
  "_native": "",
  "_joints": [
    "Objekti_iz_jezerca/KOREKCIJE_Grad_nevidljivih_ljudi_samo_anim:transform88/KOREKCIJE_Grad_nevidljivih_ljudi_samo_anim:joint14"
  ],
  "_bindposes": [
    {
      "__type__": "cc.Mat4",
      "m00": 0.0022262379061430693,
      "m01": 0.00005873338523088023,
      "m02": -0.0008178678690455854,
      "m03": 0,
      "m04": -0.000076019496191293,
      "m05": 0.0023494395427405834,
      "m06": -0.00003395507883396931,
      "m07": 0,
      "m08": 0.0008250319515354931,
      "m09": 0.000057996636314783245,
      "m10": 0.0022037781309336424,
      "m11": 0,
      "m12": 0.00004040970088681206,
      "m13": -0.0010599043453112245,
      "m14": 0.00028714441577903926,
      "m15": 1
    }
  ],
  "_hash": 521980748
}