{
  "__type__": "cc.Skeleton",
  "_name": "Skin-20",
  "_objFlags": 0,
  "_native": "",
  "_joints": [
    "Znak_na_stali1/KOREKCIJE_Grad_nevidljivih_ljudi_samo_anim:joint4"
  ],
  "_bindposes": [
    {
      "__type__": "cc.Mat4",
      "m00": 0.0002728059480432421,
      "m01": 0.9999999403953552,
      "m02": 0,
      "m03": 0,
      "m04": -0.9999999403953552,
      "m05": 0.0002728059480432421,
      "m06": 0,
      "m07": 0,
      "m08": 0,
      "m09": 0,
      "m10": 1,
      "m11": 0,
      "m12": 0.0005731703131459653,
      "m13": -0.012789600528776646,
      "m14": -0.000023280650566448458,
      "m15": 1
    }
  ],
  "_hash": 926337626
}