{
  "__type__": "cc.Skeleton",
  "_name": "Skin-12",
  "_objFlags": 0,
  "_native": "",
  "_joints": [
    "Objekti_iz_jezerca/KOREKCIJE_Grad_nevidljivih_ljudi_samo_anim:transform87/KOREKCIJE_Grad_nevidljivih_ljudi_samo_anim:joint13"
  ],
  "_bindposes": [
    {
      "__type__": "cc.Mat4",
      "m00": 0.0020805371459573507,
      "m01": 0.000003962891696573934,
      "m02": -0.0008415396441705525,
      "m03": 0,
      "m04": 0.000059499045164557174,
      "m05": 0.0023435011971741915,
      "m06": 0.00017578896949999034,
      "m07": 0,
      "m08": 0.0007930906722322106,
      "m09": -0.00018620985792949796,
      "m10": 0.002194446511566639,
      "m11": 0,
      "m12": 0.00012826951569877565,
      "m13": -0.0010934151941910386,
      "m14": 0.00023681545280851424,
      "m15": 1
    }
  ],
  "_hash": 1703411002
}