{
  "__type__": "cc.Skeleton",
  "_name": "Skin-3",
  "_objFlags": 0,
  "_native": "",
  "_joints": [
    "Kuka_sa_stale/KOREKCIJE_Grad_nevidljivih_ljudi_samo_anim:Kuka/KOREKCIJE_Grad_nevidljivih_ljudi_samo_anim:transform18/KOREKCIJE_Grad_nevidljivih_ljudi_samo_anim:joint1"
  ],
  "_bindposes": [
    {
      "__type__": "cc.Mat4",
      "m00": 0.9889159798622131,
      "m01": -0.00514235021546483,
      "m02": 0,
      "m03": 0,
      "m04": 0.005085418466478586,
      "m05": 0.999987006187439,
      "m06": 0,
      "m07": 0,
      "m08": 0,
      "m09": 0,
      "m10": 0.973330020904541,
      "m11": 0,
      "m12": 0.1510697454214096,
      "m13": -0.057740140706300735,
      "m14": 0.013574199751019478,
      "m15": 1
    }
  ],
  "_hash": 3747793022
}