{
  "__type__": "cc.Skeleton",
  "_name": "Skin-18",
  "_objFlags": 0,
  "_native": "",
  "_joints": [
    "Vetrenjaca/KOREKCIJE_Grad_nevidljivih_ljudi_samo_anim:Vetrenjaca_elisa/KOREKCIJE_Grad_nevidljivih_ljudi_samo_anim:joint20"
  ],
  "_bindposes": [
    {
      "__type__": "cc.Mat4",
      "m00": -0.09988784790039062,
      "m01": -0.2781568169593811,
      "m02": -0.9553282260894775,
      "m03": 0,
      "m04": 0.000983106205239892,
      "m05": -0.960157036781311,
      "m06": 0.2794601321220398,
      "m07": 0,
      "m08": -0.9949979782104492,
      "m09": 0.02697548270225525,
      "m10": 0.09618152678012848,
      "m11": 0,
      "m12": 0.33737269043922424,
      "m13": 0.11372438818216324,
      "m14": -0.009631477296352386,
      "m15": 1
    }
  ],
  "_hash": 1235805980
}