{
  "__type__": "cc.Skeleton",
  "_name": "Skin-4",
  "_objFlags": 0,
  "_native": "",
  "_joints": [
    "Znak_na_stali1/KOREKCIJE_Grad_nevidljivih_ljudi_samo_anim:joint4"
  ],
  "_bindposes": [
    {
      "__type__": "cc.Mat4",
      "m00": 0.9999099969863892,
      "m01": 0.01343149971216917,
      "m02": 0,
      "m03": 0,
      "m04": -0.01343149971216917,
      "m05": 0.9999099969863892,
      "m06": 0,
      "m07": 0,
      "m08": 0,
      "m09": 0,
      "m10": 1,
      "m11": 0,
      "m12": 0.09233784675598145,
      "m13": -0.04596012085676193,
      "m14": -0.33420413732528687,
      "m15": 1
    }
  ],
  "_hash": 2649620655
}