{
  "__type__": "cc.Skeleton",
  "_name": "Skin-21",
  "_objFlags": 0,
  "_native": "",
  "_joints": [
    "Znak_na_stali2/KOREKCIJE_Grad_nevidljivih_ljudi_samo_anim:joint5"
  ],
  "_bindposes": [
    {
      "__type__": "cc.Mat4",
      "m00": -0.0027205445803701878,
      "m01": 0.9996615052223206,
      "m02": -0.02587403729557991,
      "m03": 0,
      "m04": 0.08069981634616852,
      "m05": -0.02557026967406273,
      "m06": -0.9964104294776917,
      "m07": 0,
      "m08": -0.9967347383499146,
      "m09": -0.004798809066414833,
      "m10": -0.08060293644666672,
      "m11": 0,
      "m12": 0.00009683515963843092,
      "m13": -0.012549104169011116,
      "m14": 0.0007182342815212905,
      "m15": 1
    }
  ],
  "_hash": 3592360222
}