{
  "__type__": "cc.Skeleton",
  "_name": "Skin-1",
  "_objFlags": 0,
  "_native": "",
  "_joints": [
    "Petao_na_krovu/KOREKCIJE_Grad_nevidljivih_ljudi_samo_anim:joint2"
  ],
  "_bindposes": [
    {
      "__type__": "cc.Mat4",
      "m00": 0.9474189877510071,
      "m01": 0,
      "m02": -0.3199959993362427,
      "m03": 0,
      "m04": 0,
      "m05": 1,
      "m06": 0,
      "m07": 0,
      "m08": 0.3199959993362427,
      "m09": 0,
      "m10": 0.9474189877510071,
      "m11": 0,
      "m12": -0.0002387930580880493,
      "m13": 0.0037849301006644964,
      "m14": -0.0002457288501318544,
      "m15": 1
    }
  ],
  "_hash": 1546809076
}