{
  "__type__": "cc.Skeleton",
  "_name": "Skin-11",
  "_objFlags": 0,
  "_native": "",
  "_joints": [
    "Objekti_iz_jezerca/KOREKCIJE_Grad_nevidljivih_ljudi_samo_anim:transform85/KOREKCIJE_Grad_nevidljivih_ljudi_samo_anim:joint11"
  ],
  "_bindposes": [
    {
      "__type__": "cc.Mat4",
      "m00": -0.0003439332649577409,
      "m01": 0.00007172810001065955,
      "m02": -0.0017822501249611378,
      "m03": 0,
      "m04": 0.00006668237620033324,
      "m05": 0.0018410460324957967,
      "m06": 0.00005738375330111012,
      "m07": 0,
      "m08": 0.001651202910579741,
      "m09": -0.00005940826304140501,
      "m10": -0.00037354681990109384,
      "m11": 0,
      "m12": 0.0001651509664952755,
      "m13": -0.001077499589882791,
      "m14": 0.00000802977319835918,
      "m15": 1
    }
  ],
  "_hash": 3430471317
}