{
  "__type__": "cc.Skeleton",
  "_name": "Skin-18",
  "_objFlags": 0,
  "_native": "",
  "_joints": [
    "Vetrenjaca/Vetrenjaca_elisa/joint20"
  ],
  "_bindposes": [
    {
      "__type__": "cc.Mat4",
      "m00": -0.09988781809806824,
      "m01": 0.6756008863449097,
      "m02": 0.7304699420928955,
      "m03": 0,
      "m04": 0.0009831483475863934,
      "m05": 0.7342081069946289,
      "m06": -0.6789240837097168,
      "m07": 0,
      "m08": -0.9949979782104492,
      "m09": -0.06709808856248856,
      "m10": -0.0740026906132698,
      "m11": 0,
      "m12": 0.33737269043922424,
      "m13": -0.097445547580719,
      "m14": 0.059416960924863815,
      "m15": 1
    }
  ],
  "_hash": 836977541
}