{
  "__type__": "cc.Skeleton",
  "_name": "Skin-7",
  "_objFlags": 0,
  "_native": "",
  "_joints": [
    "Objekti_iz_jezerca/transform81/joint7"
  ],
  "_bindposes": [
    {
      "__type__": "cc.Mat4",
      "m00": 0.001997106010094285,
      "m01": 0,
      "m02": 0,
      "m03": 0,
      "m04": 0,
      "m05": 0.001997106010094285,
      "m06": 0,
      "m07": 0,
      "m08": 0,
      "m09": 0,
      "m10": 0.001997106010094285,
      "m11": 0,
      "m12": -0.000590417766943574,
      "m13": -0.00017702952027320862,
      "m14": 0.000288511102553457,
      "m15": 1
    }
  ],
  "_hash": 1845078280
}