{
  "__type__": "cc.Skeleton",
  "_name": "Skin-9",
  "_objFlags": 0,
  "_native": "",
  "_joints": [
    "Objekti_iz_jezerca/transform83/joint9"
  ],
  "_bindposes": [
    {
      "__type__": "cc.Mat4",
      "m00": -0.000507790653500706,
      "m01": 6.218658542172993e-20,
      "m02": -0.0017034623306244612,
      "m03": 0,
      "m04": 9.071477328160948e-21,
      "m05": 0.0017775570740923285,
      "m06": 6.21863075407429e-20,
      "m07": 0,
      "m08": 0.0017034623306244612,
      "m09": 9.071417551436994e-21,
      "m10": -0.000507790653500706,
      "m11": 0,
      "m12": 0.0002486090816091746,
      "m13": -0.00017700096941553056,
      "m14": 0.0006232783780433238,
      "m15": 1
    }
  ],
  "_hash": 2618276410
}