{
  "__type__": "cc.Skeleton",
  "_name": "Skin-17",
  "_objFlags": 0,
  "_native": "",
  "_joints": [
    "Crveni_fenjer_anim/Crveni_fenjer/joint19"
  ],
  "_bindposes": [
    {
      "__type__": "cc.Mat4",
      "m00": 0.9853439927101135,
      "m01": -0.014863280579447746,
      "m02": 0.16993199288845062,
      "m03": 0,
      "m04": 0.03857872262597084,
      "m05": 0.9898029565811157,
      "m06": -0.1371229887008667,
      "m07": 0,
      "m08": -0.16616107523441315,
      "m09": 0.1416691094636917,
      "m10": 0.9758689999580383,
      "m11": 0,
      "m12": -0.0011836180929094553,
      "m13": -0.001550004119053483,
      "m14": 0.0014735950389876962,
      "m15": 1
    }
  ],
  "_hash": 4286226459
}