{
  "__type__": "cc.Skeleton",
  "_name": "Skin-2",
  "_objFlags": 0,
  "_native": "",
  "_joints": [
    "Slika_2/joint10",
    "Slika_2/joint10/joint11"
  ],
  "_bindposes": [
    {
      "__type__": "cc.Mat4",
      "m00": 0.09092843532562256,
      "m01": -0.08558225631713867,
      "m02": 1.7106621265411377,
      "m03": 0,
      "m04": -0.03831438720226288,
      "m05": 0.6632269620895386,
      "m06": 0.04084920510649681,
      "m07": 0,
      "m08": -1.1417429447174072,
      "m09": -0.06321122497320175,
      "m10": 0.060689620673656464,
      "m11": 0,
      "m12": 0.00044811650877818465,
      "m13": -0.010257644578814507,
      "m14": -0.000713931571226567,
      "m15": 1
    },
    {
      "__type__": "cc.Mat4",
      "m00": 0.09092843532562256,
      "m01": -0.08972684293985367,
      "m02": 1.6609278917312622,
      "m03": 0,
      "m04": -0.03831438720226288,
      "m05": 0.6953457593917847,
      "m06": 0.03966159000992775,
      "m07": 0,
      "m08": -1.1417429447174072,
      "m09": -0.06627242267131805,
      "m10": 0.05892518535256386,
      "m11": 0,
      "m12": 0.00044811650877818465,
      "m13": 0.011264575645327568,
      "m14": -0.0006931753596290946,
      "m15": 1
    }
  ],
  "_hash": 3604052582
}