{
  "__type__": "cc.Skeleton",
  "_name": "Skin-1",
  "_objFlags": 0,
  "_native": "",
  "_joints": [
    "ANIM_scena/ANIM_anim2_leptir/ANIM_anim2_joint2"
  ],
  "_bindposes": [
    {
      "__type__": "cc.Mat4",
      "m00": -0.0007982855895534158,
      "m01": 9.776318412793523e-20,
      "m02": -0.0006384402513504028,
      "m03": 0,
      "m04": 4.6995542719164283e-20,
      "m05": 0.0010222053388133645,
      "m06": 9.776198213110761e-20,
      "m07": 0,
      "m08": 0.0006384402513504028,
      "m09": 4.699601123943311e-20,
      "m10": -0.0007982855895534158,
      "m11": 0,
      "m12": -0.00017160404240712523,
      "m13": -0.00001769588197930716,
      "m14": 0.00021749547158833593,
      "m15": 1
    }
  ],
  "_hash": 228851023
}