{
  "__type__": "cc.Skeleton",
  "_name": "Skin-0",
  "_objFlags": 0,
  "_native": "",
  "_joints": [
    "ANIM_scena/ANIM_anim1_leptir/ANIM_anim1_joint1"
  ],
  "_bindposes": [
    {
      "__type__": "cc.Mat4",
      "m00": 0.0010074699530377984,
      "m01": 0,
      "m02": 0,
      "m03": 0,
      "m04": 0,
      "m05": 0.0010074699530377984,
      "m06": 0,
      "m07": 0,
      "m08": 0,
      "m09": 0,
      "m10": 0.0010074699530377984,
      "m11": 0,
      "m12": 7.223259785860137e-7,
      "m13": -0.00002325999957975,
      "m14": -0.000057859899243339896,
      "m15": 1
    }
  ],
  "_hash": 2129371350
}