{
  "__type__": "cc.Skeleton",
  "_name": "Skin-5",
  "_objFlags": 0,
  "_native": "",
  "_joints": [
    "papirne_vetrenjace/joint19"
  ],
  "_bindposes": [
    {
      "__type__": "cc.Mat4",
      "m00": 0.044453710317611694,
      "m01": 1.1981650292337522e-16,
      "m02": -0.9990106225013733,
      "m03": 0,
      "m04": -1.0236514928554387e-16,
      "m05": 1,
      "m06": 1.153800090434532e-16,
      "m07": 0,
      "m08": 0.9990106225013733,
      "m09": 9.713491274215068e-17,
      "m10": 0.044453710317611694,
      "m11": 0,
      "m12": 0.0004298756248317659,
      "m13": -0.000007510000159527408,
      "m14": -0.00005494996003108099,
      "m15": 1
    }
  ],
  "_hash": 4184601485
}