{
  "__type__": "cc.Skeleton",
  "_name": "Skin-4",
  "_objFlags": 0,
  "_native": "",
  "_joints": [
    "papirne_vetrenjace/joint18"
  ],
  "_bindposes": [
    {
      "__type__": "cc.Mat4",
      "m00": 0.006863282062113285,
      "m01": -1.224618397572096e-16,
      "m02": -0.9999772906303406,
      "m03": 0,
      "m04": -1.224618529920994e-16,
      "m05": 1,
      "m06": -1.2330524634465847e-16,
      "m07": 0,
      "m08": 0.9999772906303406,
      "m09": 1.2330523310976867e-16,
      "m10": 0.006863282062113285,
      "m11": 0,
      "m12": 0.0008016816573217511,
      "m13": -0.0000646800035610795,
      "m14": -0.000011532646567502525,
      "m15": 1
    }
  ],
  "_hash": 4159399233
}