{
  "__type__": "cc.Skeleton",
  "_name": "Skin-0",
  "_objFlags": 0,
  "_native": "",
  "_joints": [
    "Cirkus/joint5",
    "Cirkus/joint5/joint6",
    "Cirkus/joint5/joint7"
  ],
  "_bindposes": [
    {
      "__type__": "cc.Mat4",
      "m00": -0.007006951607763767,
      "m01": 5.0188924197169804e-12,
      "m02": -0.007134598214179277,
      "m03": 0,
      "m04": -0.007134598214179277,
      "m05": -4.929108770451718e-12,
      "m06": 0.007006951607763767,
      "m07": 0,
      "m08": -7.562976033479499e-18,
      "m09": 0.009999990463256836,
      "m10": 7.034583419246454e-12,
      "m11": 0,
      "m12": 0.2048121839761734,
      "m13": -0.12317722290754318,
      "m14": 0.41209107637405396,
      "m15": 1
    },
    {
      "__type__": "cc.Mat4",
      "m00": -0.007006951607763767,
      "m01": 8.581051216448406e-19,
      "m02": -0.007134598214179277,
      "m03": 0,
      "m04": -0.007134598214179277,
      "m05": 2.6141231217209066e-19,
      "m06": 0.007006951607763767,
      "m07": 0,
      "m08": 7.877775538813345e-19,
      "m09": 0.009999990463256836,
      "m10": 4.290533621536387e-19,
      "m11": 0,
      "m12": 0.6592459082603455,
      "m13": -0.1320660412311554,
      "m14": -2.9058988094329834,
      "m15": 1
    },
    {
      "__type__": "cc.Mat4",
      "m00": -0.007006951607763767,
      "m01": 8.581051216448406e-19,
      "m02": -0.007134598214179277,
      "m03": 0,
      "m04": -0.007134598214179277,
      "m05": 2.6141231217209066e-19,
      "m06": 0.007006951607763767,
      "m07": 0,
      "m08": 7.877775538813345e-19,
      "m09": 0.009999990463256836,
      "m10": 4.290533621536387e-19,
      "m11": 0,
      "m12": -2.955688953399658,
      "m13": -0.1320660412311554,
      "m14": 0.4982679486274719,
      "m15": 1
    }
  ],
  "_hash": 2305485225
}