{
  "__type__": "cc.Skeleton",
  "_name": "Skin-14",
  "_objFlags": 0,
  "_native": "",
  "_joints": [
    "Cizme/Circle020/Bone445",
    "Cizme/Circle020/Bone445/Bone446",
    "Cizme/Circle020/Bone445/Bone446/Bone447",
    "Cizme/Circle020/Bone445/Bone446/Bone447/Bone448"
  ],
  "_bindposes": [
    {
      "__type__": "cc.Mat4",
      "m00": -0.030959730967879295,
      "m01": -0.14849060773849487,
      "m02": -0.9884293079376221,
      "m03": 0,
      "m04": 0.47179150581359863,
      "m05": -0.8739771842956543,
      "m06": 0.11651913076639175,
      "m07": 0,
      "m08": -0.8811665773391724,
      "m09": -0.4627249836921692,
      "m10": 0.09711471945047379,
      "m11": 0,
      "m12": 0.3857656717300415,
      "m13": 0.08785194903612137,
      "m14": 0.012605540454387665,
      "m15": 1
    },
    {
      "__type__": "cc.Mat4",
      "m00": -0.11895548552274704,
      "m01": -0.09412635117769241,
      "m02": -0.9884282946586609,
      "m03": 0,
      "m04": -0.19812721014022827,
      "m05": -0.9732261896133423,
      "m06": 0.11652284860610962,
      "m07": 0,
      "m08": -0.9729321599006653,
      "m09": 0.20969544351100922,
      "m10": 0.09712149202823639,
      "m11": 0,
      "m12": 0.040151793509721756,
      "m13": 0.08091030269861221,
      "m14": 0.01261214166879654,
      "m15": 1
    },
    {
      "__type__": "cc.Mat4",
      "m00": -0.14756157994270325,
      "m01": 0.035104651004076004,
      "m02": -0.9884305000305176,
      "m03": 0,
      "m04": -0.8868542909622192,
      "m05": -0.44711771607398987,
      "m06": 0.11651777476072311,
      "m07": 0,
      "m08": -0.4378542900085449,
      "m09": 0.8937863111495972,
      "m10": 0.0971100926399231,
      "m11": 0,
      "m12": -0.13806988298892975,
      "m13": 0.30571112036705017,
      "m14": 0.012602739967405796,
      "m15": 1
    },
    {
      "__type__": "cc.Mat4",
      "m00": -0.1475653350353241,
      "m01": 0.035105787217617035,
      "m02": -0.9884293675422668,
      "m03": 0,
      "m04": -0.886851966381073,
      "m05": -0.4471189081668854,
      "m06": 0.11652062088251114,
      "m07": 0,
      "m08": -0.437854528427124,
      "m09": 0.8937851190567017,
      "m10": 0.09711300581693649,
      "m11": 0,
      "m12": -0.53323894739151,
      "m13": 0.30571097135543823,
      "m14": 0.012599973939359188,
      "m15": 1
    }
  ],
  "_hash": 3872861470
}