{
  "__type__": "cc.Skeleton",
  "_name": "Skin-1",
  "_objFlags": 0,
  "_native": "",
  "_joints": [
    "Animirani_objekti/Group049/Bone336",
    "Animirani_objekti/Group049/Bone370",
    "Animirani_objekti/Group049/Bone370/Bone371",
    "Animirani_objekti/Group049/Bone370/Bone371/Bone372",
    "Animirani_objekti/Group049/Bone370/Bone371/Bone372/Bone373",
    "Animirani_objekti/Group049/Bone343/Bone344/Bone345/Bone346/Bone347",
    "Animirani_objekti/Group049/Bone343/Bone344/Bone345/Bone346",
    "Animirani_objekti/Group049/Bone343/Bone344/Bone345/Bone346/Bone347/Bone348",
    "Animirani_objekti/Group049/Bone343/Bone344/Bone345",
    "Animirani_objekti/Group049/Bone343/Bone344",
    "Animirani_objekti/Group049/Bone343",
    "Animirani_objekti/Group049/Bone329/Bone330/Bone331/Bone332",
    "Animirani_objekti/Group049/Bone329/Bone330/Bone331/Bone332/Bone333",
    "Animirani_objekti/Group049/Bone329/Bone330/Bone331/Bone332/Bone333/Bone334",
    "Animirani_objekti/Group049/Bone329/Bone330/Bone331",
    "Animirani_objekti/Group049/Bone329/Bone330",
    "Animirani_objekti/Group049/Bone329",
    "Animirani_objekti/Group049/Bone355",
    "Animirani_objekti/Group049/Bone355/Bone356",
    "Animirani_objekti/Group049/Bone355/Bone356/Bone357",
    "Animirani_objekti/Group049/Bone355/Bone356/Bone357/Bone358",
    "Animirani_objekti/Group049/Bone365",
    "Animirani_objekti/Group049/Bone365/Bone366",
    "Animirani_objekti/Group049/Bone365/Bone366/Bone367",
    "Animirani_objekti/Group049/Bone365/Bone366/Bone367/Bone368",
    "Animirani_objekti/Group049/Bone350",
    "Animirani_objekti/Group049/Bone350/Bone351",
    "Animirani_objekti/Group049/Bone350/Bone351/Bone352",
    "Animirani_objekti/Group049/Bone350/Bone351/Bone352/Bone353",
    "Animirani_objekti/Group049/Bone360",
    "Animirani_objekti/Group049/Bone360/Bone361",
    "Animirani_objekti/Group049/Bone360/Bone361/Bone362",
    "Animirani_objekti/Group049/Bone360/Bone361/Bone362/Bone363"
  ],
  "_bindposes": [
    {
      "__type__": "cc.Mat4",
      "m00": -0.0801624059677124,
      "m01": -0.9967813491821289,
      "m02": 0.0000015836619695619447,
      "m03": 0,
      "m04": -0.0000026191708002443193,
      "m05": -0.000001378136971652566,
      "m06": -1.0000001192092896,
      "m07": 0,
      "m08": 0.9967813491821289,
      "m09": -0.0801624208688736,
      "m10": -0.0000025002689199027373,
      "m11": 0,
      "m12": -0.7776620984077454,
      "m13": 0.4537143111228943,
      "m14": 0.20118287205696106,
      "m15": 1
    },
    {
      "__type__": "cc.Mat4",
      "m00": -0.09350914508104324,
      "m01": 0.31701430678367615,
      "m02": 0.9437995553016663,
      "m03": 0,
      "m04": 0.23248496651649475,
      "m05": -0.9147943258285522,
      "m06": 0.33030563592910767,
      "m07": 0,
      "m08": 0.9680945873260498,
      "m09": 0.25030583143234253,
      "m10": 0.011840584687888622,
      "m11": 0,
      "m12": -0.8540263772010803,
      "m13": 0.12392675131559372,
      "m14": -0.21709458529949188,
      "m15": 1
    },
    {
      "__type__": "cc.Mat4",
      "m00": -0.2953372597694397,
      "m01": 0.17824086546897888,
      "m02": 0.9386193156242371,
      "m03": 0,
      "m04": 0.7684912085533142,
      "m05": -0.5393755435943604,
      "m06": 0.3442319333553314,
      "m07": 0,
      "m08": 0.5676247477531433,
      "m09": 0.8229848742485046,
      "m10": 0.022321157157421112,
      "m11": 0,
      "m12": -0.9049854278564453,
      "m13": -0.6233265399932861,
      "m14": -0.23370611667633057,
      "m15": 1
    },
    {
      "__type__": "cc.Mat4",
      "m00": -0.36081281304359436,
      "m01": 0.06382116675376892,
      "m02": 0.9304516315460205,
      "m03": 0,
      "m04": 0.9010186195373535,
      "m05": -0.23372262716293335,
      "m06": 0.36543020606040955,
      "m07": 0,
      "m08": 0.24079006910324097,
      "m09": 0.970206081867218,
      "m10": 0.026826057583093643,
      "m11": 0,
      "m12": -0.8536360859870911,
      "m13": -0.9896416068077087,
      "m14": -0.2524270713329315,
      "m15": 1
    },
    {
      "__type__": "cc.Mat4",
      "m00": -0.3431954085826874,
      "m01": -0.1477307677268982,
      "m02": 0.9275728464126587,
      "m03": 0,
      "m04": 0.8829450011253357,
      "m05": 0.2860790193080902,
      "m06": 0.37224557995796204,
      "m07": 0,
      "m08": -0.3203514516353607,
      "m09": 0.9467496871948242,
      "m10": 0.032257113605737686,
      "m11": 0,
      "m12": -0.3868791460990906,
      "m13": -1.4215071201324463,
      "m14": -0.2651611566543579,
      "m15": 1
    },
    {
      "__type__": "cc.Mat4",
      "m00": 0.8039754629135132,
      "m01": 0.285945862531662,
      "m02": -0.521401047706604,
      "m03": 0,
      "m04": -0.49125421047210693,
      "m05": -0.17472387850284576,
      "m06": -0.8533120155334473,
      "m07": 0,
      "m08": -0.3351023197174072,
      "m09": 0.9421819448471069,
      "m10": -0.0000016137378224811982,
      "m11": 0,
      "m12": 0.18466128408908844,
      "m13": -1.506699562072754,
      "m14": 0.16927656531333923,
      "m15": 1
    },
    {
      "__type__": "cc.Mat4",
      "m00": 0.8068258762359619,
      "m01": -0.27777740359306335,
      "m02": -0.5214136838912964,
      "m03": 0,
      "m04": -0.4930145740509033,
      "m05": 0.16973260045051575,
      "m06": -0.853303849697113,
      "m07": 0,
      "m08": 0.3255298137664795,
      "m09": 0.9455314874649048,
      "m10": -0.0000036455512599786744,
      "m11": 0,
      "m12": -0.6413803696632385,
      "m13": -1.2930516004562378,
      "m14": 0.16928128898143768,
      "m15": 1
    },
    {
      "__type__": "cc.Mat4",
      "m00": 0.6963452100753784,
      "m01": 0.49320927262306213,
      "m02": -0.5213901996612549,
      "m03": 0,
      "m04": -0.42548641562461853,
      "m05": -0.3013450503349304,
      "m06": -0.8533185720443726,
      "m07": 0,
      "m08": -0.5779828429222107,
      "m09": 0.816048800945282,
      "m10": 0.000013669730833498761,
      "m11": 0,
      "m12": 0.4868636429309845,
      "m13": -1.4287675619125366,
      "m14": 0.16924948990345,
      "m15": 1
    },
    {
      "__type__": "cc.Mat4",
      "m00": 0.28951162099838257,
      "m01": -0.8026944994926453,
      "m02": -0.5214059352874756,
      "m03": 0,
      "m04": -0.1769036054611206,
      "m05": 0.49047860503196716,
      "m06": -0.8533084988594055,
      "m07": 0,
      "m08": 0.9406847953796387,
      "m09": 0.3392814099788666,
      "m10": -3.013811920027365e-7,
      "m11": 0,
      "m12": -1.2164942026138306,
      "m13": -0.3111313283443451,
      "m14": 0.16927380859851837,
      "m15": 1
    },
    {
      "__type__": "cc.Mat4",
      "m00": -0.5018352270126343,
      "m01": -0.6901428699493408,
      "m02": -0.5214056968688965,
      "m03": 0,
      "m04": 0.3066406548023224,
      "m05": 0.4217052161693573,
      "m06": -0.853308916091919,
      "m07": 0,
      "m08": 0.808784544467926,
      "m09": -0.5881048440933228,
      "m10": -6.634435862906685e-7,
      "m11": 0,
      "m12": -0.5516624450683594,
      "m13": 0.8321589231491089,
      "m14": 0.16927693784236908,
      "m15": 1
    },
    {
      "__type__": "cc.Mat4",
      "m00": -0.08583991229534149,
      "m01": -0.8489805459976196,
      "m02": -0.5214048027992249,
      "m03": 0,
      "m04": 0.05246370658278465,
      "m05": 0.518758237361908,
      "m06": -0.8533098101615906,
      "m07": 0,
      "m08": 0.9949267506599426,
      "m09": -0.10060279816389084,
      "m10": 0.000010506341823202092,
      "m11": 0,
      "m12": -0.7711002230644226,
      "m13": 0.4407874047756195,
      "m14": 0.16926759481430054,
      "m15": 1
    },
    {
      "__type__": "cc.Mat4",
      "m00": 0.7262673377990723,
      "m01": -0.243637815117836,
      "m02": 0.6427874565124512,
      "m03": 0,
      "m04": 0.6094109416007996,
      "m05": -0.20443697273731232,
      "m06": -0.7660437822341919,
      "m07": 0,
      "m08": 0.31804701685905457,
      "m09": 0.9480748772621155,