{
  "__type__": "cc.Skeleton",
  "_name": "Skin-3",
  "_objFlags": 0,
  "_native": "",
  "_joints": [
    "Animirani_objekti/Group064/Bone418/Bone419/Bone420",
    "Animirani_objekti/Group064/Bone418/Bone419",
    "Animirani_objekti/Group064/Bone418/Bone419/Bone420/Bone421",
    "Animirani_objekti/Group064/Bone418"
  ],
  "_bindposes": [
    {
      "__type__": "cc.Mat4",
      "m00": 0.0000016259200492640957,
      "m01": -1,
      "m02": 1.629200028219202e-7,
      "m03": 0,
      "m04": -1.8185473038556665e-7,
      "m05": -1.6292030124986923e-7,
      "m06": -1,
      "m07": 0,
      "m08": 1,
      "m09": 0.0000016259200492640957,
      "m10": -1.8185500039180624e-7,
      "m11": 0,
      "m12": -1.06739342212677,
      "m13": -0.0015152216656133533,
      "m14": 0.03630495443940163,
      "m15": 1
    },
    {
      "__type__": "cc.Mat4",
      "m00": 6.503742544516911e-10,
      "m01": -1,
      "m02": 1.6292099758175027e-7,
      "m03": 0,
      "m04": 1.535920013395753e-8,
      "m05": -1.6292099758175027e-7,
      "m06": -1,
      "m07": 0,
      "m08": 1,
      "m09": 6.503767524534965e-10,
      "m10": 1.535920013395753e-8,
      "m11": 0,
      "m12": -0.08115880936384201,
      "m13": -0.0015134868444874883,
      "m14": 0.036304738372564316,
      "m15": 1
    },
    {
      "__type__": "cc.Mat4",
      "m00": 6.123234262925839e-17,
      "m01": -1,
      "m02": 0.000005001820227334974,
      "m03": 0,
      "m04": 6.123234262925839e-17,
      "m05": -0.000005001820227334974,
      "m06": -1,
      "m07": 0,
      "m08": 1,
      "m09": 6.123264703172381e-17,
      "m10": 6.123203160934807e-17,
      "m11": 0,
      "m12": -2.172621965408325,
      "m13": -0.0015115737915039062,
      "m14": 0.03630471229553223,
      "m15": 1
    },
    {
      "__type__": "cc.Mat4",
      "m00": -0.000019624400010798126,
      "m01": -1,
      "m02": 4.3799900595331565e-8,
      "m03": 0,
      "m04": -0.000004509320660872618,
      "m05": -4.371140605030632e-8,
      "m06": -1,
      "m07": 0,
      "m08": 1,
      "m09": -0.000019624400010798126,
      "m10": -0.000004509320206125267,
      "m11": 0,
      "m12": -0.0019386839121580124,
      "m13": -0.0015134477289393544,
      "m14": 0.03630475327372551,
      "m15": 1
    }
  ],
  "_hash": 1148937647
}