{
  "__type__": "cc.Skeleton",
  "_name": "Skin-15",
  "_objFlags": 0,
  "_native": "",
  "_joints": [
    "Cizme/Circle021/Bone449",
    "Cizme/Circle021/Bone449/Bone450",
    "Cizme/Circle021/Bone449/Bone450/Bone451",
    "Cizme/Circle021/Bone449/Bone450/Bone451/Bone452"
  ],
  "_bindposes": [
    {
      "__type__": "cc.Mat4",
      "m00": 0.012970022857189178,
      "m01": 0.014645620249211788,
      "m02": -0.9998089075088501,
      "m03": 0,
      "m04": 0.353016197681427,
      "m05": -0.9355721473693848,
      "m06": -0.009125168435275555,
      "m07": 0,
      "m08": -0.9355270266532898,
      "m09": -0.352830171585083,
      "m10": -0.017304552718997,
      "m11": 0,
      "m12": 0.3620252013206482,
      "m13": 0.10905967652797699,
      "m14": 0.0017697012517601252,
      "m15": 1
    },
    {
      "__type__": "cc.Mat4",
      "m00": 0.019224178045988083,
      "m01": 0.003603228833526373,
      "m02": -0.9998089075088501,
      "m03": 0,
      "m04": -0.2952924370765686,
      "m05": -0.9553629159927368,
      "m06": -0.009120898321270943,
      "m07": 0,
      "m08": -0.9552132487297058,
      "m09": 0.29541122913360596,
      "m10": -0.017302075400948524,
      "m11": 0,
      "m12": 0.03640786185860634,
      "m13": 0.10981826484203339,
      "m14": 0.0017696513095870614,
      "m15": 1
    },
    {
      "__type__": "cc.Mat4",
      "m00": 0.014358940534293652,
      "m01": -0.013292272575199604,
      "m02": -0.9998089075088501,
      "m03": 0,
      "m04": -0.9430685639381409,
      "m05": -0.3324737846851349,
      "m06": -0.009123881347477436,
      "m07": 0,
      "m08": -0.33228883147239685,
      "m09": 0.9430191516876221,
      "m10": -0.017309492453932762,
      "m11": 0,
      "m12": -0.11148354411125183,
      "m13": 0.3343348503112793,
      "m14": 0.0017662253230810165,
      "m15": 1
    },
    {
      "__type__": "cc.Mat4",
      "m00": 0.014358476735651493,
      "m01": -0.013291961513459682,
      "m02": -0.9998089075088501,
      "m03": 0,
      "m04": -0.9430674910545349,
      "m05": -0.33247485756874084,
      "m06": -0.009123528376221657,
      "m07": 0,
      "m08": -0.3322899043560028,
      "m09": 0.9430180788040161,
      "m10": -0.017309069633483887,
      "m11": 0,
      "m12": -0.5174857974052429,
      "m13": 0.3343345522880554,
      "m14": 0.0017669281223788857,
      "m15": 1
    }
  ],
  "_hash": 1728080913
}