{
  "__type__": "cc.Skeleton",
  "_name": "Skin-4",
  "_objFlags": 0,
  "_native": "",
  "_joints": [
    "NOVA_Rodjendanska_proslava_9:Klackalica/NOVA_Rodjendanska_proslava_9:joint8",
    "NOVA_Rodjendanska_proslava_9:Klackalica/NOVA_Rodjendanska_proslava_9:joint9"
  ],
  "_bindposes": [
    {
      "__type__": "cc.Mat4",
      "m00": -0.0023332620039582253,
      "m01": 2.8574258911941914e-19,
      "m02": -0.004791574086993933,
      "m03": 0,
      "m04": 6.587370422809383e-20,
      "m05": 0.005329459439963102,
      "m06": 2.857430544085137e-19,
      "m07": 0,
      "m08": 0.004791574086993933,
      "m09": 6.58740984313545e-20,
      "m10": -0.0023332620039582253,
      "m11": 0,
      "m12": -0.00010175093484576792,
      "m13": -0.0009076017304323614,
      "m14": -0.0002052808995358646,
      "m15": 1
    },
    {
      "__type__": "cc.Mat4",
      "m00": -0.0023332620039582253,
      "m01": 2.8574258911941914e-19,
      "m02": -0.004791574086993933,
      "m03": 0,
      "m04": 6.587370422809383e-20,
      "m05": 0.005329459439963102,
      "m06": 2.857430544085137e-19,
      "m07": 0,
      "m08": 0.004791574086993933,
      "m09": 6.58740984313545e-20,
      "m10": -0.0023332620039582253,
      "m11": 0,
      "m12": -0.000006230934559425805,
      "m13": -0.007210617884993553,
      "m14": 0.000025989100322476588,
      "m15": 1
    }
  ],
  "_hash": 3664125490
}