{
  "__type__": "cc.Skeleton",
  "_name": "Skin-3",
  "_objFlags": 0,
  "_native": "",
  "_joints": [
    "NOVA_Rodjendanska_proslava_9:Baloni/NOVA_Rodjendanska_proslava_9:joint3",
    "NOVA_Rodjendanska_proslava_9:Baloni/NOVA_Rodjendanska_proslava_9:joint3/NOVA_Rodjendanska_proslava_9:joint6",
    "NOVA_Rodjendanska_proslava_9:Baloni/NOVA_Rodjendanska_proslava_9:joint3/NOVA_Rodjendanska_proslava_9:joint5",
    "NOVA_Rodjendanska_proslava_9:Baloni/NOVA_Rodjendanska_proslava_9:joint3/NOVA_Rodjendanska_proslava_9:joint4"
  ],
  "_bindposes": [
    {
      "__type__": "cc.Mat4",
      "m00": -0.004623670596629381,
      "m01": 5.662363553606713e-19,
      "m02": 0.0005415799678303301,
      "m03": 0,
      "m04": 6.364318844188987e-19,
      "m05": 0.004655280616134405,
      "m06": 5.662362002643065e-19,
      "m07": 0,
      "m08": -0.0005415799678303301,
      "m09": 6.364317810213221e-19,
      "m10": -0.004623670596629381,
      "m11": 0,
      "m12": 0.00012725288979709148,
      "m13": 0.000017136042515630834,
      "m14": -0.000023645463443244807,
      "m15": 1
    },
    {
      "__type__": "cc.Mat4",
      "m00": -0.004623670596629381,
      "m01": 5.662363553606713e-19,
      "m02": 0.0005415799678303301,
      "m03": 0,
      "m04": 6.364318844188987e-19,
      "m05": 0.004655280616134405,
      "m06": 5.662362002643065e-19,
      "m07": 0,
      "m08": -0.0005415799678303301,
      "m09": 6.364317810213221e-19,
      "m10": -0.004623670596629381,
      "m11": 0,
      "m12": 0.002389012835919857,
      "m13": -0.0126273138448596,
      "m14": -0.0043218256905674934,
      "m15": 1
    },
    {
      "__type__": "cc.Mat4",
      "m00": -0.004623670596629381,
      "m01": 5.662363553606713e-19,
      "m02": 0.0005415799678303301,
      "m03": 0,
      "m04": 6.364318844188987e-19,
      "m05": 0.004655280616134405,
      "m06": 5.662362002643065e-19,
      "m07": 0,
      "m08": -0.0005415799678303301,
      "m09": 6.364317810213221e-19,
      "m10": -0.004623670596629381,
      "m11": 0,
      "m12": 0.0035721929743885994,
      "m13": -0.010014533996582031,
      "m14": 0.0035653244704008102,
      "m15": 1
    },
    {
      "__type__": "cc.Mat4",
      "m00": -0.004623670596629381,
      "m01": 5.662363553606713e-19,
      "m02": 0.0005415799678303301,
      "m03": 0,
      "m04": 6.364318844188987e-19,
      "m05": 0.004655280616134405,
      "m06": 5.662362002643065e-19,
      "m07": 0,
      "m08": -0.0005415799678303301,
      "m09": 6.364317810213221e-19,
      "m10": -0.004623670596629381,
      "m11": 0,
      "m12": -0.0030993770342320204,
      "m13": -0.007239523809403181,
      "m14": -0.0010088954586535692,
      "m15": 1
    }
  ],
  "_hash": 1270274745
}