{
  "__type__": "cc.Skeleton",
  "_name": "Skin-2",
  "_objFlags": 0,
  "_native": "",
  "_joints": [
    "NOVA_Rodjendanska_proslava_9:Zuta_ruza/NOVA_Rodjendanska_proslava_9:joint7"
  ],
  "_bindposes": [
    {
      "__type__": "cc.Mat4",
      "m00": 0.0017452461179345846,
      "m01": 1.0183544285613522e-10,
      "m02": -0.0033325268886983395,
      "m03": 0,
      "m04": -5.640219402636149e-10,
      "m05": 0.003761852392926812,
      "m06": -1.8042334293255635e-10,
      "m07": 0,
      "m08": 0.0033325268886983395,
      "m09": 5.833542537914127e-10,
      "m10": 0.0017452461179345846,
      "m11": 0,
      "m12": -0.00017446608399040997,
      "m13": 0.00006889234646223485,
      "m14": 0.0002545426250435412,
      "m15": 1
    }
  ],
  "_hash": 4035915023
}