{
  "__type__": "cc.Skeleton",
  "_name": "Skin-0",
  "_objFlags": 0,
  "_native": "",
  "_joints": [
    "Balon/joint1",
    "Balon/joint1/joint2"
  ],
  "_bindposes": [
    {
      "__type__": "cc.Mat4",
      "m00": 1,
      "m01": 0,
      "m02": 0,
      "m03": 0,
      "m04": 0,
      "m05": 1,
      "m06": 0,
      "m07": 0,
      "m08": 0,
      "m09": 0,
      "m10": 1,
      "m11": 0,
      "m12": -0.01949087344110012,
      "m13": 0.03756476938724518,
      "m14": 0.08637023717164993,
      "m15": 1
    },
    {
      "__type__": "cc.Mat4",
      "m00": 0.9991801381111145,
      "m01": 0.03875251114368439,
      "m02": 0,
      "m03": 0,
      "m04": -0.04048542678356171,
      "m05": 0.9564117789268494,
      "m06": 0,
      "m07": 0,
      "m08": 0,
      "m09": 0,
      "m10": 1,
      "m11": 0,
      "m12": 0.01830432564020157,
      "m13": -0.8932366967201233,
      "m14": 0.08637023717164993,
      "m15": 1
    }
  ],
  "_hash": 2194001274
}