{
  "__type__": "cc.Skeleton",
  "_name": "Skin-7",
  "_objFlags": 0,
  "_native": "",
  "_joints": [
    "Balon_skelet/joint14",
    "Balon_skelet/joint15",
    "Balon_skelet/joint16"
  ],
  "_bindposes": [
    {
      "__type__": "cc.Mat4",
      "m00": 1,
      "m01": 0,
      "m02": 0,
      "m03": 0,
      "m04": 0,
      "m05": 1,
      "m06": 0,
      "m07": 0,
      "m08": 0,
      "m09": 0,
      "m10": 1,
      "m11": 0,
      "m12": 0.0015428599435836077,
      "m13": -0.009224710054695606,
      "m14": -0.00037590001011267304,
      "m15": 1
    },
    {
      "__type__": "cc.Mat4",
      "m00": 1,
      "m01": 0,
      "m02": 0,
      "m03": 0,
      "m04": 0,
      "m05": 0.9071109890937805,
      "m06": 0,
      "m07": 0,
      "m08": 0,
      "m09": 0,
      "m10": 1,
      "m11": 0,
      "m12": -0.005038070026785135,
      "m13": 0.02086987905204296,
      "m14": 0.015328720211982727,
      "m15": 1
    },
    {
      "__type__": "cc.Mat4",
      "m00": 1,
      "m01": 0,
      "m02": 0,
      "m03": 0,
      "m04": 0,
      "m05": 0.9232239723205566,
      "m06": 0,
      "m07": 0,
      "m08": 0,
      "m09": 0,
      "m10": 1,
      "m11": 0,
      "m12": 0.017742160707712173,
      "m13": 0.02124059945344925,
      "m14": 0.012206969782710075,
      "m15": 1
    }
  ],
  "_hash": 4090433203
}