{
  "__type__": "cc.Skeleton",
  "_name": "Skin-0",
  "_objFlags": 0,
  "_native": "",
  "_joints": [
    "ANIM_scena/ANIM_anim1_leptir/ANIM_anim1_joint1"
  ],
  "_bindposes": [
    {
      "__type__": "cc.Mat4",
      "m00": 0.0013927940744906664,
      "m01": 0,
      "m02": 0,
      "m03": 0,
      "m04": 0,
      "m05": 0.0007164985872805119,
      "m06": 0,
      "m07": 0,
      "m08": 0,
      "m09": 0,
      "m10": 0.0010074699530377984,
      "m11": 0,
      "m12": 9.98595055534679e-7,
      "m13": -0.00024478742852807045,
      "m14": -0.00013578000653069466,
      "m15": 1
    }
  ],
  "_hash": 1301726355
}