{
  "__type__": "cc.Skeleton",
  "_name": "Skin-3",
  "_objFlags": 0,
  "_native": "",
  "_joints": [
    "ANIM_scena/NOVI_ANIM_joint3",
    "ANIM_scena/NOVI_ANIM_joint3/NOVI_ANIM_joint2",
    "ANIM_scena/NOVI_ANIM_joint3/NOVI_ANIM_joint4",
    "ANIM_scena/NOVI_ANIM_joint3/NOVI_ANIM_joint5"
  ],
  "_bindposes": [
    {
      "__type__": "cc.Mat4",
      "m00": -0.0019852861296385527,
      "m01": -1.8316695382658565e-10,
      "m02": 0.0005057131638750434,
      "m03": 0,
      "m04": -1.774983354740911e-10,
      "m05": 0.00204869220033288,
      "m06": 4.52143669726901e-11,
      "m07": 0,
      "m08": -0.0005057131638750434,
      "m09": 1.0020127789032966e-16,
      "m10": -0.0019852861296385527,
      "m11": 0,
      "m12": -0.0008828922873362899,
      "m13": -0.020072123035788536,
      "m14": -0.0018582212505862117,
      "m15": 1
    },
    {
      "__type__": "cc.Mat4",
      "m00": -0.001755256555043161,
      "m01": -0.00022263311257120222,
      "m02": -0.0011268964735791087,
      "m03": 0,
      "m04": -0.000008313898433698341,
      "m05": 0.0021222049836069345,
      "m06": -0.0003661236260086298,
      "m07": 0,
      "m08": 0.0011853411560878158,
      "m09": -0.00031479078461416066,
      "m10": -0.0016712794313207269,
      "m11": 0,
      "m12": 0.0007299780263565481,
      "m13": -0.030827227979898453,
      "m14": 0.0035781438928097486,
      "m15": 1
    },
    {
      "__type__": "cc.Mat4",
      "m00": -0.002302144654095173,
      "m01": -1.8316695382658565e-10,
      "m02": 0.0005057131638750434,
      "m03": 0,
      "m04": -2.0582770210442192e-10,
      "m05": 0.00204869220033288,
      "m06": 4.52143669726901e-11,
      "m07": 0,
      "m08": -0.0005864267586730421,
      "m09": 1.0020139038689296e-16,
      "m10": -0.0019852861296385527,
      "m11": 0,
      "m12": 0.010878970846533775,
      "m13": -0.020026372745633125,
      "m14": -0.005470761097967625,
      "m15": 1
    },
    {
      "__type__": "cc.Mat4",
      "m00": -0.0019852861296385527,
      "m01": -1.8316695382658565e-10,
      "m02": 0.0005057131638750434,
      "m03": 0,
      "m04": -1.774983354740911e-10,
      "m05": 0.00204869220033288,
      "m06": 4.52143669726901e-11,
      "m07": 0,
      "m08": -0.0005057131638750434,
      "m09": 1.0020127789032966e-16,
      "m10": -0.0019852861296385527,
      "m11": 0,
      "m12": -0.011555371806025505,
      "m13": -0.008720862679183483,
      "m14": 0.0033753386233001947,
      "m15": 1
    }
  ],
  "_hash": 345861748
}