{
  "__type__": "cc.Skeleton",
  "_name": "Skin-4",
  "_objFlags": 0,
  "_native": "",
  "_joints": [
    "papirne_vetrenjace/joint17"
  ],
  "_bindposes": [
    {
      "__type__": "cc.Mat4",
      "m00": 0.01719159260392189,
      "m01": 0.9983388185501099,
      "m02": 0.054986003786325455,
      "m03": 0,
      "m04": 3.4198802012497254e-8,
      "m05": 0.05499409884214401,
      "m06": -0.9984869956970215,
      "m07": 0,
      "m08": -0.9998522996902466,
      "m09": 0.017165571451187134,
      "m10": 0.0009454024839214981,
      "m11": 0,
      "m12": -0.0008841817616485059,
      "m13": 0.00003650752114481293,
      "m14": -0.00015444673772435635,
      "m15": 1
    }
  ],
  "_hash": 3498169661
}