{
  "__type__": "cc.Skeleton",
  "_name": "Skin-6",
  "_objFlags": 0,
  "_native": "",
  "_joints": [
    "papirne_vetrenjace/joint19"
  ],
  "_bindposes": [
    {
      "__type__": "cc.Mat4",
      "m00": 0.04445125162601471,
      "m01": 0.8071529269218445,
      "m02": -0.5886642336845398,
      "m03": 0,
      "m04": -8.664914474820762e-8,
      "m05": 0.5892459750175476,
      "m06": 0.807952880859375,
      "m07": 0,
      "m08": 0.999011218547821,
      "m09": -0.03591441735625267,
      "m10": 0.026192830875515938,
      "m11": 0,
      "m12": 0.0004299796710256487,
      "m13": 0.00003977813685196452,
      "m14": -0.00003828643457381986,
      "m15": 1
    }
  ],
  "_hash": 2138047000
}