{
  "__type__": "cc.Skeleton",
  "_name": "Skin-1",
  "_objFlags": 0,
  "_native": "",
  "_joints": [
    "ANIM_scena/ANIM_anim2_leptir/ANIM_anim2_joint2"
  ],
  "_bindposes": [
    {
      "__type__": "cc.Mat4",
      "m00": -0.0008392487070523202,
      "m01": 9.583297755558834e-20,
      "m02": -0.0006879246793687344,
      "m03": 0,
      "m04": 4.940705208574339e-20,
      "m05": 0.0010020232293754816,
      "m06": 1.0533932489595987e-19,
      "m07": 0,
      "m08": 0.0006712013273499906,
      "m09": 4.606813754317309e-20,
      "m10": -0.0008601589943282306,
      "m11": 0,
      "m12": -0.00018041014845948666,
      "m13": 0.00004064565655426122,
      "m14": 0.0002343035739613697,
      "m15": 1
    }
  ],
  "_hash": 390292626
}