{
  "__type__": "cc.Skeleton",
  "_name": "Skin-6",
  "_objFlags": 0,
  "_native": "",
  "_joints": [
    "papirne_vetrenjace/joint19"
  ],
  "_bindposes": [
    {
      "__type__": "cc.Mat4",
      "m00": 0.04445037245750427,
      "m01": 0.8071538209915161,
      "m02": -0.5886635780334473,
      "m03": 0,
      "m04": -6.051008583085604e-10,
      "m05": 0.5892457365989685,
      "m06": 0.8079532384872437,
      "m07": 0,
      "m08": 0.999011218547821,
      "m09": -0.035913798958063126,
      "m10": 0.026192214339971542,
      "m11": 0,
      "m12": 0.0004300386644899845,
      "m13": 0.000039777940401108935,
      "m14": -0.00003832426591543481,
      "m15": 1
    }
  ],
  "_hash": 1600585982
}