{
  "__type__": "cc.Skeleton",
  "_name": "Skin-5",
  "_objFlags": 0,
  "_native": "",
  "_joints": [
    "papirne_vetrenjace/joint18"
  ],
  "_bindposes": [
    {
      "__type__": "cc.Mat4",
      "m00": 0.0068628075532615185,
      "m01": 0.8094714879989624,
      "m02": -0.5871192812919617,
      "m03": 0,
      "m04": 5.704305294784717e-8,
      "m05": 0.5871330499649048,
      "m06": 0.8094900846481323,
      "m07": 0,
      "m08": 0.9999772906303406,
      "m09": -0.005555406678467989,
      "m10": 0.00402933219447732,
      "m11": 0,
      "m12": 0.0008015228668227792,
      "m13": -0.000028726210075546987,
      "m14": -0.000059068606788059697,
      "m15": 1
    }
  ],
  "_hash": 424037260
}