{
  "__type__": "cc.Skeleton",
  "_name": "Skin-3",
  "_objFlags": 0,
  "_native": "",
  "_joints": [
    "ANIM_scena/NOVI_ANIM_joint3",
    "ANIM_scena/NOVI_ANIM_joint3/NOVI_ANIM_joint2",
    "ANIM_scena/NOVI_ANIM_joint3/NOVI_ANIM_joint4",
    "ANIM_scena/NOVI_ANIM_joint3/NOVI_ANIM_joint5"
  ],
  "_bindposes": [
    {
      "__type__": "cc.Mat4",
      "m00": -0.001985281938686967,
      "m01": -6.105543848278217e-11,
      "m02": 0.0005057124071754515,
      "m03": 0,
      "m04": -5.916602624500555e-11,
      "m05": 0.002048684051260352,
      "m06": 1.5071421541335006e-11,
      "m07": 0,
      "m08": -0.0005057124071754515,
      "m09": 1.522646112882909e-17,
      "m10": -0.001985281938686967,
      "m11": 0,
      "m12": -0.0008828840800561011,
      "m13": -0.02007211744785309,
      "m14": -0.0018582004122436047,
      "m15": 1
    },
    {
      "__type__": "cc.Mat4",
      "m00": -0.0017552515491843224,
      "m01": -0.00022263290884438902,
      "m02": -0.001126893563196063,
      "m03": 0,
      "m04": -0.000008313844773510937,
      "m05": 0.0021221968345344067,
      "m06": -0.0003661236260086298,
      "m07": 0,
      "m08": 0.00118533824570477,
      "m09": -0.00031479046447202563,
      "m10": -0.0016712744254618883,
      "m11": 0,
      "m12": 0.0007301259320229292,
      "m13": -0.030827157199382782,
      "m14": 0.0035780328325927258,
      "m15": 1
    },
    {
      "__type__": "cc.Mat4",
      "m00": -0.0023021406959742308,
      "m01": -6.105543848278217e-11,
      "m02": 0.0005057124071754515,
      "m03": 0,
      "m04": -6.860914614215119e-11,
      "m05": 0.002048684051260352,
      "m06": 1.5071421541335006e-11,
      "m07": 0,
      "m08": -0.0005864260019734502,
      "m09": 1.522646443755154e-17,
      "m10": -0.001985281938686967,
      "m11": 0,
      "m12": 0.010878962464630604,
      "m13": -0.020026369020342827,
      "m14": -0.005470740608870983,
      "m15": 1
    },
    {
      "__type__": "cc.Mat4",
      "m00": -0.001985281938686967,
      "m01": -6.105543848278217e-11,
      "m02": 0.0005057124071754515,
      "m03": 0,
      "m04": -5.916602624500555e-11,
      "m05": 0.002048684051260352,
      "m06": 1.5071421541335006e-11,
      "m07": 0,
      "m08": -0.0005057124071754515,
      "m09": 1.522646112882909e-17,
      "m10": -0.001985281938686967,
      "m11": 0,
      "m12": -0.011555364355444908,
      "m13": -0.00872085802257061,
      "m14": 0.0033753595780581236,
      "m15": 1
    }
  ],
  "_hash": 2806381348
}