{
  "__type__": "cc.Skeleton",
  "_name": "Skin-1",
  "_objFlags": 0,
  "_native": "",
  "_joints": [
    "ANIM_scena/ANIM_anim2_leptir/ANIM_anim2_joint2"
  ],
  "_bindposes": [
    {
      "__type__": "cc.Mat4",
      "m00": -0.0008392484160140157,
      "m01": 9.583238948187161e-20,
      "m02": -0.0006879249704070389,
      "m03": 0,
      "m04": 4.9407016542826443e-20,
      "m05": 0.0010020170593634248,
      "m06": 1.0533934428300548e-19,
      "m07": 0,
      "m08": 0.0006712016765959561,
      "m09": 4.606785319983753e-20,
      "m10": -0.000860158703289926,
      "m11": 0,
      "m12": -0.00018041789007838815,
      "m13": 0.000040656010241946205,
      "m14": 0.00023435690673068166,
      "m15": 1
    }
  ],
  "_hash": 390292626
}