{
  "__type__": "cc.Skeleton",
  "_name": "Skin-8",
  "_objFlags": 0,
  "_native": "",
  "_joints": [
    "joint20"
  ],
  "_bindposes": [
    {
      "__type__": "cc.Mat4",
      "m00": 2.3165734857848762e-18,
      "m01": 0.03783251345157623,
      "m02": 0.011905244551599026,
      "m03": 0,
      "m04": -0.03966149315237999,
      "m05": 2.42856608930389e-18,
      "m06": 0,
      "m07": 0,
      "m08": -7.289859503380695e-19,
      "m09": -0.011905244551599026,
      "m10": 0.03783251345157623,
      "m11": 0,
      "m12": -0.00015861252904869616,
      "m13": -0.000005298071755532874,
      "m14": -6.858879020299469e-10,
      "m15": 1
    }
  ],
  "_hash": 1705161651
}