{
  "__type__": "cc.Skeleton",
  "_name": "Skin-12",
  "_objFlags": 0,
  "_native": "",
  "_joints": [
    "joint24"
  ],
  "_bindposes": [
    {
      "__type__": "cc.Mat4",
      "m00": 1.9512689378674716e-17,
      "m01": 0.03861440345644951,
      "m02": 0,
      "m03": 0,
      "m04": -2.364450286049139e-18,
      "m05": 1.1948076311708015e-33,
      "m06": 0.03861440345644951,
      "m07": 0,
      "m08": 0.03861440345644951,
      "m09": -1.9512689378674716e-17,
      "m10": 2.364450286049139e-18,
      "m11": 0,
      "m12": 0,
      "m13": -0.000007019043096079258,
      "m14": 0.00015826808521524072,
      "m15": 1
    }
  ],
  "_hash": 2123793140
}