{
  "__type__": "cc.Skeleton",
  "_name": "Skin-7",
  "_objFlags": 0,
  "_native": "",
  "_joints": [
    "joint13",
    "joint12"
  ],
  "_bindposes": [
    {
      "__type__": "cc.Mat4",
      "m00": 0.18438255786895752,
      "m01": 0,
      "m02": 0,
      "m03": 0,
      "m04": 0,
      "m05": 0.18438255786895752,
      "m06": 0,
      "m07": 0,
      "m08": 0,
      "m09": 0,
      "m10": 0.09139558672904968,
      "m11": 0,
      "m12": 0.019834164530038834,
      "m13": -0.007197705563157797,
      "m14": -0.012962779961526394,
      "m15": 1
    },
    {
      "__type__": "cc.Mat4",
      "m00": 0.18438255786895752,
      "m01": 0,
      "m02": 0,
      "m03": 0,
      "m04": 0,
      "m05": 0.18438255786895752,
      "m06": 0,
      "m07": 0,
      "m08": 0,
      "m09": 0,
      "m10": 0.09139558672904968,
      "m11": 0,
      "m12": -0.02619333565235138,
      "m13": -0.007197705563157797,
      "m14": -0.012962779961526394,
      "m15": 1
    }
  ],
  "_hash": 1055802478
}