{
  "__type__": "cc.Skeleton",
  "_name": "Skin-6",
  "_objFlags": 0,
  "_native": "",
  "_joints": [
    "joint3"
  ],
  "_bindposes": [
    {
      "__type__": "cc.Mat4",
      "m00": 0.3768555223941803,
      "m01": -0.023973900824785233,
      "m02": 0,
      "m03": 0,
      "m04": 2.1820399003810627e-19,
      "m05": 3.4300375860297503e-18,
      "m06": 0.05612999573349953,
      "m07": 0,
      "m08": -0.023973900824785233,
      "m09": -0.3768555223941803,
      "m10": 2.3122391420931596e-17,
      "m11": 0,
      "m12": 0.00005556375253945589,
      "m13": -0.00008772704313741997,
      "m14": 0.00010788707004394382,
      "m15": 1
    }
  ],
  "_hash": 3081330987
}