{
  "__type__": "cc.Skeleton",
  "_name": "Skin-2",
  "_objFlags": 0,
  "_native": "",
  "_joints": [
    "joint2"
  ],
  "_bindposes": [
    {
      "__type__": "cc.Mat4",
      "m00": 0.2785625457763672,
      "m01": 0,
      "m02": 0,
      "m03": 0,
      "m04": 0,
      "m05": 2.5354012217036358e-18,
      "m06": 0.04140624403953552,
      "m07": 0,
      "m08": 0,
      "m09": -0.2785625457763672,
      "m10": 1.7057036639827317e-17,
      "m11": 0,
      "m12": 0.00004501585499383509,
      "m13": -0.00006198466144269332,
      "m14": 0.0000795903179096058,
      "m15": 1
    }
  ],
  "_hash": 3959551527
}