{
  "__type__": "cc.Skeleton",
  "_name": "Skin-4",
  "_objFlags": 0,
  "_native": "",
  "_joints": [
    "joint8"
  ],
  "_bindposes": [
    {
      "__type__": "cc.Mat4",
      "m00": 0.3768555223941803,
      "m01": -0.023973900824785233,
      "m02": 0,
      "m03": 0,
      "m04": 2.1820399003810627e-19,
      "m05": 3.4300375860297503e-18,
      "m06": 0.05612999573349953,
      "m07": 0,
      "m08": -0.023973900824785233,
      "m09": -0.3768555223941803,
      "m10": 2.3122391420931596e-17,
      "m11": 0,
      "m12": 0.00005556241740123369,
      "m13": -0.00005724591392208822,
      "m14": 0.0001854064903454855,
      "m15": 1
    }
  ],
  "_hash": 336663740
}