{
  "__type__": "cc.Skeleton",
  "_name": "Skin-2",
  "_objFlags": 0,
  "_native": "",
  "_joints": [
    "Zeka_u_balonu/joint3",
    "Zeka_u_balonu/joint3/joint4"
  ],
  "_bindposes": [
    {
      "__type__": "cc.Mat4",
      "m00": 0.983582615852356,
      "m01": 0,
      "m02": 0.1804562360048294,
      "m03": 0,
      "m04": 0,
      "m05": 1,
      "m06": 0,
      "m07": 0,
      "m08": -0.1804562360048294,
      "m09": 0,
      "m10": 0.983582615852356,
      "m11": 0,
      "m12": 0.009981665760278702,
      "m13": -3.670619010925293,
      "m14": 0.06036950275301933,
      "m15": 1
    },
    {
      "__type__": "cc.Mat4",
      "m00": 0.9766513109207153,
      "m01": 0.1165739968419075,
      "m02": 0.1804562658071518,
      "m03": 0,
      "m04": -0.1185198724269867,
      "m05": 0.9929519891738892,
      "m06": 5.609489335256512e-7,
      "m07": 0,
      "m08": -0.17918451130390167,
      "m09": -0.021388202905654907,
      "m10": 0.983582615852356,
      "m11": 0,
      "m12": 0.19891798496246338,
      "m13": -1.398758888244629,
      "m14": 0.06036815419793129,
      "m15": 1
    }
  ],
  "_hash": 2352092294
}