{
  "__type__": "cc.Skeleton",
  "_name": "Skin-1",
  "_objFlags": 0,
  "_native": "",
  "_joints": [
    "Veliko_drvo/joint8"
  ],
  "_bindposes": [
    {
      "__type__": "cc.Mat4",
      "m00": 0.02260619029402733,
      "m01": 0,
      "m02": 0,
      "m03": 0,
      "m04": 0,
      "m05": 1.3842188228996859e-18,
      "m06": -0.02260619029402733,
      "m07": 0,
      "m08": 0,
      "m09": 0.026583993807435036,
      "m10": 1.6278131735388956e-18,
      "m11": 0,
      "m12": 0.025786269456148148,
      "m13": -0.03176833689212799,
      "m14": 0.008036765269935131,
      "m15": 1
    }
  ],
  "_hash": 1887661012
}