{
  "__type__": "cc.Skeleton",
  "_name": "Skin-3",
  "_objFlags": 0,
  "_native": "",
  "_joints": [
    "Drvo_lizalica/transform24/joint8"
  ],
  "_bindposes": [
    {
      "__type__": "cc.Mat4",
      "m00": 0.0023011069279164076,
      "m01": -0.00001023208096739836,
      "m02": -0.0006673791212961078,
      "m03": 0,
      "m04": 1.1311575320860356e-7,
      "m05": 0.0023956785444170237,
      "m06": -0.00003633989399531856,
      "m07": 0,
      "m08": 0.0006674575852230191,
      "m09": 0.000034869819501182064,
      "m10": 0.002300842897966504,
      "m11": 0,
      "m12": -0.0000028101212592446245,
      "m13": -0.0022043196950107813,
      "m14": 0.0000491584069095552,
      "m15": 1
    }
  ],
  "_hash": 661630561
}