{
  "__type__": "cc.Skeleton",
  "_name": "Skin-2",
  "_objFlags": 0,
  "_native": "",
  "_joints": [
    "Drvo_lizalica/transform23/joint7"
  ],
  "_bindposes": [
    {
      "__type__": "cc.Mat4",
      "m00": 0.002771677915006876,
      "m01": 0.00011741926573449746,
      "m02": -0.0004654844233300537,
      "m03": 0,
      "m04": -0.00012208495172671974,
      "m05": 0.002810237929224968,
      "m06": -0.000018054526663036086,
      "m07": 0,
      "m08": 0.0004642826097551733,
      "m09": 0.00003799218757194467,
      "m10": 0.0027741054072976112,
      "m11": 0,
      "m12": 0.00013180972018744797,
      "m13": -0.0017854426987469196,
      "m14": 0.000007760712833260186,
      "m15": 1
    }
  ],
  "_hash": 1242444894
}