{
  "__type__": "cc.Skeleton",
  "_name": "Skin-6",
  "_objFlags": 0,
  "_native": "",
  "_joints": [
    "anim1_pile/anim1_Root",
    "anim1_pile/anim1_Root/anim1_Hips",
    "anim1_pile/anim1_Root/anim1_Hips/anim1_Leg_L1",
    "anim1_pile/anim1_Root/anim1_Hips/anim1_Leg_L1/anim1_Leg_L2",
    "anim1_pile/anim1_Root/anim1_Hips/anim1_Leg_L1/anim1_Leg_L2/anim1_Leg_L3",
    "anim1_pile/anim1_Root/anim1_Hips/anim1_Leg_R1",
    "anim1_pile/anim1_Root/anim1_Hips/anim1_Leg_R1/anim1_Leg_R2",
    "anim1_pile/anim1_Root/anim1_Hips/anim1_Leg_R1/anim1_Leg_R2/anim1_Leg_R3",
    "anim1_pile/anim1_Root/anim1_Hips/anim1_Tail_1",
    "anim1_pile/anim1_Root/anim1_Hips/anim1_Tail_1/anim1_Tail_2",
    "anim1_pile/anim1_Root/anim1_Hips/anim1_Breasts1",
    "anim1_pile/anim1_Root/anim1_Hips/anim1_Breasts1/anim1_Breasts2",
    "anim1_pile/anim1_Root/anim1_Hips/anim1_Breasts1/anim1_Head_1",
    "anim1_pile/anim1_Root/anim1_Hips/anim1_Breasts1/anim1_Head_1/anim1_Head_2",
    "anim1_pile/anim1_Root/anim1_Hips/anim1_Breasts1/anim1_Head_1/anim1_Head_2/anim1_Feather_1",
    "anim1_pile/anim1_Root/anim1_Hips/anim1_Breasts1/anim1_Head_1/anim1_Head_2/anim1_Feather_1/anim1_Feather_2"
  ],
  "_bindposes": [
    {
      "__type__": "cc.Mat4",
      "m00": 1.0000004768371582,
      "m01": -1.0257475224761947e-7,
      "m02": 3.0174692255968694e-7,
      "m03": 0,
      "m04": 1.6077432007932657e-7,
      "m05": 0.9798514246940613,
      "m06": -0.19972501695156097,
      "m07": 0,
      "m08": -2.7518072442944685e-7,
      "m09": 0.19972556829452515,
      "m10": 0.9798517227172852,
      "m11": 0,
      "m12": 0.004374813754111528,
      "m13": -0.755426824092865,
      "m14": 0.17457114160060883,
      "m15": 1
    },
    {
      "__type__": "cc.Mat4",
      "m00": -1.0000004768371582,
      "m01": -3.5948346521763597e-7,
      "m02": 2.53591792898078e-7,
      "m03": 0,
      "m04": -4.384010310332087e-7,
      "m05": 0.8622843027114868,
      "m06": -0.5064241290092468,
      "m07": 0,
      "m08": -3.6617105791947324e-8,
      "m09": -0.5064252018928528,
      "m10": -0.8622851371765137,
      "m11": 0,
      "m12": -0.004374679643660784,
      "m13": -0.6770544052124023,
      "m14": 0.20322291553020477,
      "m15": 1
    },
    {
      "__type__": "cc.Mat4",
      "m00": 1.0000004768371582,
      "m01": -1.159799989380872e-8,
      "m02": -5.96816533970923e-8,
      "m03": 0,
      "m04": 5.968149707769044e-8,
      "m05": 1.4675389081730827e-7,
      "m06": 1.0000001192092896,
      "m07": 0,
      "m08": -1.1598001670165559e-8,
      "m09": -0.9999995231628418,
      "m10": 1.4675443082978745e-7,
      "m11": 0,
      "m12": -0.3121691048145294,
      "m13": -0.16029778122901917,
      "m14": -0.4776136577129364,
      "m15": 1
    },
    {
      "__type__": "cc.Mat4",
      "m00": 1.0000004768371582,
      "m01": -3.808258384196961e-7,
      "m02": 3.908450310063927e-7,
      "m03": 0,
      "m04": -4.600784961894533e-7,
      "m05": -0.20321622490882874,
      "m06": 0.9791340231895447,
      "m07": 0,
      "m08": -2.934534961696045e-7,
      "m09": -0.9791340827941895,
      "m10": -0.20321685075759888,
      "m11": 0,
      "m12": -0.25164729356765747,
      "m13": -0.054816216230392456,
      "m14": -0.05792691558599472,
      "m15": 1
    },
    {
      "__type__": "cc.Mat4",
      "m00": 1.0000004768371582,
      "m01": 6.475752822865388e-9,
      "m02": 2.5365599753968127e-7,
      "m03": 0,
      "m04": -5.4084470235693516e-9,
      "m05": -0.9989027976989746,
      "m06": 0.04682360216975212,
      "m07": 0,
      "m08": 2.5368100864398e-7,
      "m09": -0.04682370647788048,
      "m10": -0.9989036321640015,
      "m11": 0,
      "m12": -0.32906264066696167,
      "m13": 0.042896565049886703,
      "m14": 0.1540687084197998,
      "m15": 1
    },
    {
      "__type__": "cc.Mat4",
      "m00": 1.0000004768371582,
      "m01": -1.159799989380872e-8,
      "m02": 2.585509761843241e-8,
      "m03": 0,
      "m04": -2.5855026564158834e-8,
      "m05": 1.477285422879504e-7,
      "m06": 1.0000001192092896,
      "m07": 0,
      "m08": -1.1598014992841854e-8,
      "m09": -0.9999995231628418,
      "m10": 1.4772908230042958e-7,
      "m11": 0,
      "m12": 0.3198124170303345,
      "m13": -0.16029778122901917,
      "m14": -0.4776136577129364,
      "m15": 1
    },
    {
      "__type__": "cc.Mat4",
      "m00": 1.0000004768371582,
      "m01": 7.771510013299121e-7,
      "m02": -9.169162495936689e-8,
      "m03": 0,
      "m04": 2.4770838535914663e-7,
      "m05": -0.20321665704250336,
      "m06": 0.9791339039802551,
      "m07": 0,
      "m08": 7.42302233902592e-7,
      "m09": -0.9791331887245178,
      "m10": -0.20321743190288544,
      "m11": 0,
      "m12": 0.2592906355857849,
      "m13": -0.054816171526908875,
      "m14": -0.05792691558599472,
      "m15": 1
    },
    {
      "__type__": "cc.Mat4",
      "m00": 1.0000004768371582,
      "m01": 6.475752822865388e-9,
      "m02": 2.5365599753968127e-7,
      "m03": 0,
      "m04": -5.4084470235693516e-9,
      "m05": -0.9989027976989746,
      "m06": 0.04682360216975212,
      "m07": 0,
      "m08": 2.5368100864398e-7,
      "m09": -0.04682370647788048,
      "m10": -0.9989036321640015,
      "m11": 0,
      "m12": 0.3367058038711548,
      "m13": 0.042896565049886703,
      "m14": 0.1540687084197998,
      "m15": 1
    },
    {
      "__type__": "cc.Mat4",
      "m00": 1.0000004768371582,
      "m01": -5.580804440796783e-8,
      "m02": -8.057210010292692e-8,
      "m03": 0,
      "m04": -4.3392468285219365e-8,
      "m05": 0.48501914739608765,
      "m06": -0.8745027184486389,
      "m07": 0,
      "m08": 8.788335037479555e-8,
      "m09": 0.8745037317276001,
      "m10": 0.48502010107040405,
      "m11": 0,
      "m12": 0.004375129006803036,
      "m13": 0.07311616837978363,
      "m14": 0.7995729446411133,
      "m15": 1
    },
    {
      "__type__": "cc.Mat4",
      "m00": 0.9999995231628418,
      "m01": -5.580800177540368e-8,
      "m02": 1.593521226084249e-8,
      "m03": 0,
      "m04": 4.100326478351235e-8,
      "m05": 0.48501870036125183,
      "m06": -0.8745028376579285,
      "m07": 0,
      "m08": 4.1075384871192e-8,
      "m09": 0.8745034337043762,
      "m10": 0.48501989245414734,
      "m11": 0,
      "m12": 0.004374970681965351,
      "m13": 0.32610833644866943,
      "m14": 0.9651707410812378,
      "m15": 1
    },
    {
      "__type__": "cc.Mat4",
      "m00": -1.0000004768371582,
      "m01": -2.5825099214671354e-7,
      "m02": 2.141306154612721e-8,
      "m03": 0,
      "m04": -8.723178268610354e-8,
      "m05": 0.2576630413532257,
      "m06": -0.9662355780601501,
      "m07": 0,
      "m08": 2.440139041937073e-7,
      "m09": -0.9662344455718994,
      "m10": -0.25766414403915405,
      "m11": 0,
      "m12": -0.004374867305159569,
      "m13": -0.16680724918842316,
      "m14": 0.9165129065513611,
      "m15": 1
    },
    {
      "__type__": "cc.Mat4",
      "m00": 1.0000004768371582,
      "m01": -4.358178262720003e-9,
      "m02": 2.0450200111099548e-7,
      "m03": 0,
      "m04": 4.3581702691142254e-9,
      "m05": 1.0000001192092896,
      "m06": -1.7470028979005292e-8,
      "m07": 0,
      "m08": -2.0450200111099548e-7,
      "m09": 1.7470076940639956e-8,
      "m10": 1.0000004768371582,
      "m11": 0,
      "m12": 0.004374939948320389,
      "m13": -0.572215735912323,
      "m14": -0.5159279704093933,
      "m15": 1
    },
    {
      "__type__": "cc.Mat4",
      "m00": -1.0000004768371582,
      "m01": 1.8062499407278665e-7,
      "m02": 7.44856265555427e-8,
      "m03": 0,
      "m04": -1.0208778267184471e-10,
      "m05": 0.3807496428489685,
      "m06": -0.9246782064437866,
      "m07": 0,
      "m08": -1.9538039452982048e-7,
      "m09": -0.9246780276298523,
      "m10": -0.3807509243488312,
      "m11": 0,
      "m12": -0.0043748607859015465,
      "m13": -0.23417076468467712,
      "m14": 1.1391468048095703,
      "m15": 1
    },
    {
      "__type__": "cc.Mat4",