{
  "__type__": "cc.Skeleton",
  "_name": "Skin-0",
  "_objFlags": 0,
  "_native": "",
  "_joints": [
    "vrteska/SE_Carousel_01/base",
    "vrteska/SE_Carousel_01/base/wheel1",
    "vrteska/SE_Carousel_01/base/wheel1/wheel2"
  ],
  "_bindposes": [
    {
      "__type__": "cc.Mat4",
      "m00": 8.412649776801118e-8,
      "m01": 0.9999179840087891,
      "m02": 0.012809687294065952,
      "m03": 0,
      "m04": 7.30958347371297e-15,
      "m05": 0.012809687294065952,
      "m06": -0.9999179840087891,
      "m07": 0,
      "m08": -1,
      "m09": 8.411959839804695e-8,
      "m10": 1.0776267655998595e-9,
      "m11": 0,
      "m12": 3.8796268420071556e-9,
      "m13": 0.00020805883104912937,
      "m14": 0.00022167582937981933,
      "m15": 1
    },
    {
      "__type__": "cc.Mat4",
      "m00": 8.412784069378176e-8,
      "m01": 0.9999899864196777,
      "m02": 0.004544517025351524,
      "m03": 0,
      "m04": 7.309699517226743e-15,
      "m05": 0.004544517025351524,
      "m06": -0.9999899864196777,
      "m07": 0,
      "m08": -1,
      "m09": 8.412700225335357e-8,
      "m10": 3.8231309784642065e-10,
      "m11": 0,
      "m12": 3.850570973185086e-9,
      "m13": 0.0016350345686078072,
      "m14": 0.17352020740509033,
      "m15": 1
    },
    {
      "__type__": "cc.Mat4",
      "m00": 8.412792595891005e-8,
      "m01": 0.9999889731407166,
      "m02": 0.004544517025351524,
      "m03": 0,
      "m04": 7.309707140523269e-15,
      "m05": 0.004544512368738651,
      "m06": -0.9999899864196777,
      "m07": 0,
      "m08": -1,
      "m09": 8.412700225335357e-8,
      "m10": 3.8231345866890365e-10,
      "m11": 0,
      "m12": 3.850570973185086e-9,
      "m13": 0.001653326558880508,
      "m14": 3.5443990230560303,
      "m15": 1
    }
  ],
  "_hash": 795831200
}