{
  "__type__": "cc.Skeleton",
  "_name": "Skin-1",
  "_objFlags": 0,
  "_native": "",
  "_joints": [
    "Drvo_lizalica/transform22/joint6"
  ],
  "_bindposes": [
    {
      "__type__": "cc.Mat4",
      "m00": 0.0015647707041352987,
      "m01": -0.00016607233555987477,
      "m02": -0.003164740977808833,
      "m03": 0,
      "m04": 0.0000257526171481004,
      "m05": 0.0035300508607178926,
      "m06": -0.00017250917153432965,
      "m07": 0,
      "m08": 0.003168991068378091,
      "m09": 0.00005331576176104136,
      "m10": 0.0015640741912648082,
      "m11": 0,
      "m12": 0.00003768679016502574,
      "m13": -0.0012583598727360368,
      "m14": 0.00008429431909462437,
      "m15": 1
    }
  ],
  "_hash": 1228073803
}