{
  "__type__": "cc.Skeleton",
  "_name": "Skin-8",
  "_objFlags": 0,
  "_native": "",
  "_joints": [
    "anim1_leptir/anim1_joint1"
  ],
  "_bindposes": [
    {
      "__type__": "cc.Mat4",
      "m00": 0.0010074704186990857,
      "m01": 0,
      "m02": 0,
      "m03": 0,
      "m04": 0,
      "m05": 0.0010074704186990857,
      "m06": 0,
      "m07": 0,
      "m08": 0,
      "m09": 0,
      "m10": 0.0010074704186990857,
      "m11": 0,
      "m12": 7.223262059596891e-7,
      "m13": -0.00002325714194739703,
      "m14": -0.00005785992107121274,
      "m15": 1
    }
  ],
  "_hash": 2129371350
}