{
  "__type__": "cc.Skeleton",
  "_name": "Skin-9",
  "_objFlags": 0,
  "_native": "",
  "_joints": [
    "papirne_vetrenjace/joint19"
  ],
  "_bindposes": [
    {
      "__type__": "cc.Mat4",
      "m00": 0.044449079781770706,
      "m01": 1.1981654262804462e-16,
      "m02": -0.9990116357803345,
      "m03": 0,
      "m04": -1.0236472576907025e-16,
      "m05": 1,
      "m06": 1.1538056490882485e-16,
      "m07": 0,
      "m08": 0.9990116357803345,
      "m09": 9.713499215148949e-17,
      "m10": 0.044449079781770706,
      "m11": 0,
      "m12": 0.0004301507433410734,
      "m13": -0.0000075059178925585,
      "m14": -0.00005467459777719341,
      "m15": 1
    }
  ],
  "_hash": 4184601485
}