{
  "__type__": "cc.Skeleton",
  "_name": "Skin-7",
  "_objFlags": 0,
  "_native": "",
  "_joints": [
    "papirne_vetrenjace/joint17"
  ],
  "_bindposes": [
    {
      "__type__": "cc.Mat4",
      "m00": 0.017191627994179726,
      "m01": 6.453909308089018e-17,
      "m02": 0.9998522400856018,
      "m03": 0,
      "m04": 2.254000200664608e-16,
      "m05": 1,
      "m06": -6.842419498192924e-17,
      "m07": 0,
      "m08": -0.9998522400856018,
      "m09": 2.265430380892213e-16,
      "m10": 0.017191627994179726,
      "m11": 0,
      "m12": -0.0008840971859171987,
      "m13": 0.00015623086073901504,
      "m14": 0.000028264388674870133,
      "m15": 1
    }
  ],
  "_hash": 4147027330
}