{
  "__type__": "cc.Skeleton",
  "_name": "Skin-1",
  "_objFlags": 0,
  "_native": "",
  "_joints": [
    "ANIM_scena/ANIM_anim2_leptir/ANIM_anim2_joint2"
  ],
  "_bindposes": [
    {
      "__type__": "cc.Mat4",
      "m00": -0.0007982851238921285,
      "m01": 9.776200798050175e-20,
      "m02": -0.000638440833427012,
      "m03": 0,
      "m04": 4.699547163333039e-20,
      "m05": 0.0010221931152045727,
      "m06": 9.776201444285029e-20,
      "m07": 0,
      "m08": 0.000638440833427012,
      "m09": 4.699544901511052e-20,
      "m10": -0.0007982851238921285,
      "m11": 0,
      "m12": -0.0001716168044367805,
      "m13": -0.000017675176422926597,
      "m14": 0.00021756309433840215,
      "m15": 1
    }
  ],
  "_hash": 228851023
}