{
  "__type__": "cc.Skeleton",
  "_name": "Skin-2",
  "_objFlags": 0,
  "_native": "",
  "_joints": [
    "ANIM_scena/ANIM_Krojac/ANIM_transform25/ANIM_joint3",
    "ANIM_scena/ANIM_Krojac/ANIM_transform25/ANIM_joint3/ANIM_joint2",
    "ANIM_scena/ANIM_Krojac/ANIM_transform25/ANIM_joint3/ANIM_joint4",
    "ANIM_scena/ANIM_Krojac/ANIM_transform25/ANIM_joint3/ANIM_joint5"
  ],
  "_bindposes": [
    {
      "__type__": "cc.Mat4",
      "m00": -0.001985281938686967,
      "m01": -6.105543848278217e-11,
      "m02": 0.0005057124071754515,
      "m03": 0,
      "m04": -5.916602624500555e-11,
      "m05": 0.002048684051260352,
      "m06": 1.5071421541335006e-11,
      "m07": 0,
      "m08": -0.0005057124071754515,
      "m09": 1.522646112882909e-17,
      "m10": -0.001985281938686967,
      "m11": 0,
      "m12": -0.0008828840800561011,
      "m13": -0.02007211744785309,
      "m14": -0.0018582004122436047,
      "m15": 1
    },
    {
      "__type__": "cc.Mat4",
      "m00": -0.0016926651587709785,
      "m01": -0.00021746335551142693,
      "m02": -0.0011334401788190007,
      "m03": 0,
      "m04": -0.000012846405297750607,
      "m05": 0.0020154134836047888,
      "m06": -0.00036749421269632876,
      "m07": 0,
      "m08": 0.0011540420819073915,
      "m09": -0.000296524609439075,
      "m10": -0.001666538417339325,
      "m11": 0,
      "m12": 0.0007829957758076489,
      "m13": -0.0292753167450428,
      "m14": 0.0036002020351588726,
      "m15": 1
    },
    {
      "__type__": "cc.Mat4",
      "m00": -0.001985281938686967,
      "m01": -6.105543848278217e-11,
      "m02": 0.0005057124071754515,
      "m03": 0,
      "m04": -5.916602624500555e-11,
      "m05": 0.002048684051260352,
      "m06": 1.5071421541335006e-11,
      "m07": 0,
      "m08": -0.0005057124071754515,
      "m09": 1.522646112882909e-17,
      "m10": -0.001985281938686967,
      "m11": 0,
      "m12": 0.009381615556776524,
      "m13": -0.020026369020342827,
      "m14": -0.005470730364322662,
      "m15": 1
    },
    {
      "__type__": "cc.Mat4",
      "m00": -0.001985281938686967,
      "m01": -6.105543848278217e-11,
      "m02": 0.0005057124071754515,
      "m03": 0,
      "m04": -5.916602624500555e-11,
      "m05": 0.002048684051260352,
      "m06": 1.5071421541335006e-11,
      "m07": 0,
      "m08": -0.0005057124071754515,
      "m09": 1.522646112882909e-17,
      "m10": -0.001985281938686967,
      "m11": 0,
      "m12": -0.011555364355444908,
      "m13": -0.00872085802257061,
      "m14": 0.0033753595780581236,
      "m15": 1
    }
  ],
  "_hash": 3828033416
}