{
  "__type__": "cc.Skeleton",
  "_name": "Skin-8",
  "_objFlags": 0,
  "_native": "",
  "_joints": [
    "papirne_vetrenjace/joint18"
  ],
  "_bindposes": [
    {
      "__type__": "cc.Mat4",
      "m00": 0.006863000337034464,
      "m01": -1.224618000525402e-16,
      "m02": -0.9999764561653137,
      "m03": 0,
      "m04": -1.224618000525402e-16,
      "m05": 1,
      "m06": -1.2330515370042986e-16,
      "m07": 0,
      "m08": 0.9999764561653137,
      "m09": 1.2330515370042986e-16,
      "m10": 0.006863000337034464,
      "m11": 0,
      "m12": 0.0008015299681574106,
      "m13": -0.00006467740604421124,
      "m14": -0.000011458223525551148,
      "m15": 1
    }
  ],
  "_hash": 364657133
}