{
  "__type__": "cc.Skeleton",
  "_name": "Skin-5",
  "_objFlags": 0,
  "_native": "",
  "_joints": [
    "ANIM_scena/NOVA_Prolecna_scena_31_MAC:TRG_SE_Baloons_01/transform1/joint12"
  ],
  "_bindposes": [
    {
      "__type__": "cc.Mat4",
      "m00": 0.0012481698067858815,
      "m01": 0,
      "m02": 0.0005871533649042249,
      "m03": 0,
      "m04": 0,
      "m05": 0.0013793841935694218,
      "m06": 0,
      "m07": 0,
      "m08": -0.0005871533649042249,
      "m09": 0,
      "m10": 0.0012481698067858815,
      "m11": 0,
      "m12": 0.0000030613709895987995,
      "m13": -0.00013297281111590564,
      "m14": -0.00004208158134133555,
      "m15": 1
    }
  ],
  "_hash": 971915108
}