{
  "__type__": "cc.Skeleton",
  "_name": "Skin-5",
  "_objFlags": 0,
  "_native": "",
  "_joints": [
    "Suncobran/joint11",
    "Suncobran/joint11/joint10"
  ],
  "_bindposes": [
    {
      "__type__": "cc.Mat4",
      "m00": 0.9963189959526062,
      "m01": 0.004623570013791323,
      "m02": 0.08559740334749222,
      "m03": 0,
      "m04": -0.005111963488161564,
      "m05": 0.9999719858169556,
      "m06": 0.005487409885972738,
      "m07": 0,
      "m08": -0.0855695903301239,
      "m09": -0.005904780700802803,
      "m10": 0.9963150024414062,
      "m11": 0,
      "m12": -0.2616312503814697,
      "m13": -0.025087479501962662,
      "m14": 0.23193605244159698,
      "m15": 1
    },
    {
      "__type__": "cc.Mat4",
      "m00": 0.9940950274467468,
      "m01": 0,
      "m02": 0.10851500183343887,
      "m03": 0,
      "m04": 0,
      "m05": 1,
      "m06": 0,
      "m07": 0,
      "m08": -0.10851500183343887,
      "m09": 0,
      "m10": 0.9940950274467468,
      "m11": 0,
      "m12": -0.2713698148727417,
      "m13": -0.033508241176605225,
      "m14": 0.23042362928390503,
      "m15": 1
    }
  ],
  "_hash": 427948546
}