{
  "__type__": "cc.Skeleton",
  "_name": "Skin-4",
  "_objFlags": 0,
  "_native": "",
  "_joints": [
    "Klackalica/joint8",
    "Klackalica/joint9"
  ],
  "_bindposes": [
    {
      "__type__": "cc.Mat4",
      "m00": -0.0023332699202001095,
      "m01": 2.8574315780609027e-19,
      "m02": -0.004791569896042347,
      "m03": 0,
      "m04": 6.587418244188546e-20,
      "m05": 0.00532947015017271,
      "m06": 2.8574295101093713e-19,
      "m07": 0,
      "m08": 0.004791569896042347,
      "m09": 6.587422767832521e-20,
      "m10": -0.0023332699202001095,
      "m11": 0,
      "m12": -0.00010171000030823052,
      "m13": -0.0009076119749806821,
      "m14": -0.00020531000336632133,
      "m15": 1
    },
    {
      "__type__": "cc.Mat4",
      "m00": -0.0023332699202001095,
      "m01": 2.8574315780609027e-19,
      "m02": -0.004791569896042347,
      "m03": 0,
      "m04": 6.587418244188546e-20,
      "m05": 0.00532947015017271,
      "m06": 2.8574295101093713e-19,
      "m07": 0,
      "m08": 0.004791569896042347,
      "m09": 6.587422767832521e-20,
      "m10": -0.0023332699202001095,
      "m11": 0,
      "m12": -0.000006190000021888409,
      "m13": -0.00721062021329999,
      "m14": 0.00002596000012999866,
      "m15": 1
    }
  ],
  "_hash": 3664125490
}