{
  "__type__": "cc.Skeleton",
  "_name": "Skin-1",
  "_objFlags": 0,
  "_native": "",
  "_joints": [
    "Zastavice/joint2"
  ],
  "_bindposes": [
    {
      "__type__": "cc.Mat4",
      "m00": -0.006935160141438246,
      "m01": 0.0007189739844761789,
      "m02": -0.00040140599594451487,
      "m03": 0,
      "m04": 0.0007427619420923293,
      "m05": 0.00722063984721899,
      "m06": 0.0001003459983621724,
      "m07": 0,
      "m08": 0.0004253453516867012,
      "m09": 0.00005695506479241885,
      "m10": -0.007246749941259623,
      "m11": 0,
      "m12": 0.001106839976273477,
      "m13": 0.00023688000510446727,
      "m14": -0.00015716000052634627,
      "m15": 1
    }
  ],
  "_hash": 541969131
}