{
  "__type__": "cc.Skeleton",
  "_name": "Skin-2",
  "_objFlags": 0,
  "_native": "",
  "_joints": [
    "Zuta_ruza/joint7"
  ],
  "_bindposes": [
    {
      "__type__": "cc.Mat4",
      "m00": 0.0017452399479225278,
      "m01": 2.2558170609254802e-11,
      "m02": -0.003332529915496707,
      "m03": 0,
      "m04": -1.0465382033197912e-11,
      "m05": 0.0037618600763380527,
      "m06": 1.9983639742982007e-11,
      "m07": 0,
      "m08": 0.003332529915496707,
      "m09": -1.3086700394109568e-17,
      "m10": 0.0017452399479225278,
      "m11": 0,
      "m12": -0.0001744399924064055,
      "m13": 0.0000688810323481448,
      "m14": 0.00025453997659496963,
      "m15": 1
    }
  ],
  "_hash": 552154346
}