{
  "gizmos-infos": {
    "is2D": false,
    "is3DIcon": false,
    "iconSize": 2,
    "gridVisible": false,
    "gridColor": [
      150,
      150,
      150,
      255
    ],
    "isIconGizmo3D": false,
    "iconGizmoSize": 2,
    "isGridVisible": false
  },
  "float-window": {
    "position": {
      "cc": {
        "Camera": {
          "dock": false,
          "top": null,
          "bottom": 10,
          "left": null,
          "right": 10
        },
        "ParticleSystem": {
          "dock": false,
          "top": null,
          "bottom": 10,
          "left": null,
          "right": 10
        },
        "Terrain": {
          "dock": false,
          "top": null,
          "bottom": 10,
          "left": null,
          "right": 10
        }
      }
    }
  },
  "camera-infos": {
    "f46876e4-e81b-4931-b493-6d367be385e7": {
      "position": {
        "x": 50,
        "y": 50,
        "z": 50
      },
      "rotation": {
        "x": -0.27984814233312133,
        "y": 0.3647051996310009,
        "z": 0.11591689595929514,
        "w": 0.8804762392171493
      },
      "viewCenter": {
        "x": 0,
        "y": 0,
        "z": 0
      }
    },
    "9f511e12-84ed-4087-9760-8d61d9167c86": {
      "position": {
        "x": 1.2968897941783333,
        "y": 8.032673964615457,
        "z": 7.508312575476152
      },
      "rotation": {
        "x": 0.26846775659868727,
        "y": -0.034540967561169714,
        "z": -0.00963321607178479,
        "w": -0.9626209983035487
      },
      "viewCenter": {
        "x": 1.112907877567436,
        "y": 6.480081321776244,
        "z": 4.947920664115172
      }
    },
    "d386ad73-1fb2-4637-b3d4-30d0d1332e25": {
      "position": {
        "x": 4.394981227445129,
        "y": 3.3826078447546593,
        "z": 2.4798730764138996
      },
      "rotation": {
        "x": -0.07795856663073641,
        "y": 0.38670194442536,
        "z": 0.032828233255433326,
        "w": 0.9183171408008158
      },
      "viewCenter": {
        "x": -14.767691038991707,
        "y": -1.198607803377035,
        "z": -16.23863709747915
      }
    },
    "f571a0c8-9097-4f69-957f-80176613d9d2": {
      "position": {
        "x": 50,
        "y": 50,
        "z": 50
      },
      "rotation": {
        "x": -0.27984814233312133,
        "y": 0.3647051996310009,
        "z": 0.11591689595929514,
        "w": 0.8804762392171493
      },
      "viewCenter": {
        "x": 0,
        "y": 0,
        "z": 0
      }
    },
    "7b99028e-8cfe-4544-9927-417c4b1a036e": {
      "position": {
        "x": 8.645782939831339,
        "y": 8.646608696218427,
        "z": 10.821593462590721
      },
      "rotation": {
        "x": -0.2647994164069215,
        "y": 0.3287141502243892,
        "z": 0.09656568925374076,
        "w": 0.9013896738768103
      },
      "viewCenter": {
        "x": 0.2052879660914968,
        "y": 0.21543669329782134,
        "z": 0.7879807904057472
      }
    },
    "fcb39825-40e1-4b7a-a23a-a06262018778": {
      "position": {
        "x": 4.1354183741188075,
        "y": 3.4467527919133008,
        "z": 5.344068876722101
      },
      "rotation": {
        "x": -0.11905891275732208,
        "y": 0.21043315290406395,
        "z": 0.025829139868160628,
        "w": 0.9699874839323226
      },
      "viewCenter": {
        "x": 1.3042910962762098,
        "y": 1.743914256837789,
        "z": -0.873845592595444
      }
    },
    "69183dad-f1a0-4b21-8da4-ee96449fb3a2": {
      "position": {
        "x": 45.85644704211456,
        "y": 43.68007454756858,
        "z": 34.43759214488189
      },
      "rotation": {
        "x": -0.19630078512288857,
        "y": 0.38903552051658163,
        "z": 0.08523014444693794,
        "w": 0.8960207519730155
      },
      "viewCenter": {
        "x": -11.622205532552456,
        "y": 7.4720493914112325,
        "z": -19.27631119284679
      }
    },
    "a093e4c8-582c-4e73-adb0-c0a3a65b9838": {
      "position": {
        "x": 2.3053596248741726,
        "y": 2.3053596248741726,
        "z": 2.3053596248741726
      },
      "rotation": {
        "x": -0.27984814233312133,
        "y": 0.3647051996310009,
        "z": 0.11591689595929514,
        "w": 0.8804762392171493
      },
      "viewCenter": {
        "x": 0,
        "y": 0,
        "z": 0
      }
    },
    "1ee3d23c-74a6-4240-952d-b55439fb517c": {
      "position": {
        "x": -2.4525609942427806,
        "y": 1.1476694099598959,
        "z": -5.7217204162933655
      },
      "rotation": {
        "x": -0.07430138446219182,
        "y": -0.18823577498040533,
        "z": -0.014283196625708428,
        "w": 0.9792050794284618
      },
      "viewCenter": {
        "x": -1.3529999999999998,
        "y": 0.695,
        "z": -8.475999999999999
      }
    },
    "8822f1d8-0a2d-4e4b-a8eb-f111477f7dd0": {
      "position": {
        "x": 1.042920687861008,
        "y": 0.39681215512243806,
        "z": 0.7610146341154055
      },
      "rotation": {
        "x": -0.06962681158028836,
        "y": -0.6704876811131357,
        "z": -0.0634363703757684,
        "w": 0.7359172531521002
      },
      "viewCenter": {
        "x": 3.9769601420763427,
        "y": -0.16582510030311837,
        "z": 0.48742437724111615
      }
    },
    "1ffaae6b-617a-49fa-8e53-7ce9b8bfa560": {
      "position": {
        "x": -4.203485287747132,
        "y": -25.154559298907426,
        "z": 0.3215954903166818
      },
      "rotation": {
        "x": -0.18713625247584587,
        "y": -0.6535207120494986,
        "z": -0.1715070811037971,
        "w": 0.7130750297952964
      },
      "viewCenter": {
        "x": 52.78176058321294,
        "y": -57.39904607358403,
        "z": -4.654528151022197
      }
    },
    "1e88d334-47b2-4c13-85f6-c9e1986fca28": {
      "position": {
        "x": 830.0244998222701,
        "y": 510.05299741527216,
        "z": 703.1234041679579
      },
      "rotation": {
        "x": -0.003839757773547133,
        "y": -0.05476319750648715,
        "z": -0.005857684518294444,
        "w": 0.9984748048853572
      },
      "viewCenter": {
        "x": 2.1106462863228845,
        "y": 0.5164938399480412,
        "z": 0.9598351827535443
      }
    },
    "3660340f-48c7-4c25-bdae-831717fa9973": {
      "position": {
        "x": 531.6929542491664,
        "y": 290.22017122550415,
        "z": 926.5100944259204
      },
      "rotation": {
        "x": 0,
        "y": 0,
        "z": 0,
        "w": 1
      },
      "viewCenter": {
        "x": 531.6929542491664,
        "y": 290.22017122550415,
        "z": 0
      }
    },
    "5ab2fb0f-b70d-452f-b5f8-5116b1c55fb0": {
      "position": {
        "x": 490,
        "y": 300,
        "z": 5000
      },
      "rotation": {
        "x": 0,
        "y": 0,
        "z": 0,
        "w": 1
      },
      "viewCenter": {
        "x": 0,
        "y": 0,
        "z": 0
      }
    },
    "c2aa6861-27e9-469d-9d7d-d8550bb06f94": {
      "position": {
        "x": 2.0370496095123993,
        "y": 5.273445811819327,
        "z": -1.1379647240276274
      },
      "rotation": {
        "x": -0.16923507764019718,
        "y": -0.7210005771449342,
        "z": -0.18924029228545958,
        "w": 0.6447524858644282
      },
      "viewCenter": {
        "x": 39.58330485062771,
        "y": -16.02710865739298,
        "z": 3.067577761061456
      }
    },
    "86ffd746-92f8-4624-99a9-abdabcec3dfd": {
      "position": {
        "x": -15.029324118147429,
        "y": 7.378659337267793,
        "z": 14.660426154186723
      },
      "rotation": {
        "x": -0.13753722792322082,
        "y": -0.26015959775714625,
        "z": -0.037468258158324726,
        "w": 0.9549851434763876
      },
      "viewCenter": {
        "x": 42.83204056694623,
        "y": -26.176765382619188,
        "z": -83.65598064912797
      }
    },
    "13921665-b890-40f2-a013-d16bbc755235": {
      "position": {
        "x": 6.370601046458064,
        "y": 1.30486753372189,