{
  "gizmos-infos": {
    "is2D": false,
    "is3DIcon": false,
    "iconSize": 2,
    "gridVisible": true,
    "gridColor": [
      150,
      150,
      150,
      255
    ],
    "isIconGizmo3D": false,
    "iconGizmoSize": 2,
    "isGridVisible": true
  },
  "float-window": {
    "position": {
      "cc": {
        "Camera": {
          "dock": false,
          "top": null,
          "bottom": 10,
          "left": null,
          "right": 10
        },
        "ParticleSystem": {
          "dock": false,
          "top": null,
          "bottom": 10,
          "left": null,
          "right": 10
        },
        "Terrain": {
          "dock": false,
          "top": null,
          "bottom": 10,
          "left": null,
          "right": 10
        }
      }
    }
  },
  "camera-infos": {
    "f46876e4-e81b-4931-b493-6d367be385e7": {
      "position": {
        "x": 50,
        "y": 50,
        "z": 50
      },
      "rotation": {
        "x": -0.27984814233312133,
        "y": 0.3647051996310009,
        "z": 0.11591689595929514,
        "w": 0.8804762392171493
      },
      "viewCenter": {
        "x": 0,
        "y": 0,
        "z": 0
      }
    },
    "9f511e12-84ed-4087-9760-8d61d9167c86": {
      "position": {
        "x": 3.1926040982118806,
        "y": 4.2344864701626825,
        "z": 11.663721008985151
      },
      "rotation": {
        "x": -0.0733886377920143,
        "y": 0.15581420601080714,
        "z": 0.011609271263558346,
        "w": 0.9849879521440774
      },
      "viewCenter": {
        "x": 1.948074495369765,
        "y": 3.6302894849267986,
        "z": 7.828475738300163
      }
    },
    "d386ad73-1fb2-4637-b3d4-30d0d1332e25": {
      "position": {
        "x": 4.394981227445129,
        "y": 3.3826078447546593,
        "z": 2.4798730764138996
      },
      "rotation": {
        "x": -0.07795856663073641,
        "y": 0.38670194442536,
        "z": 0.032828233255433326,
        "w": 0.9183171408008158
      },
      "viewCenter": {
        "x": -14.767691038991707,
        "y": -1.198607803377035,
        "z": -16.23863709747915
      }
    },
    "f571a0c8-9097-4f69-957f-80176613d9d2": {
      "position": {
        "x": 50,
        "y": 50,
        "z": 50
      },
      "rotation": {
        "x": -0.27984814233312133,
        "y": 0.3647051996310009,
        "z": 0.11591689595929514,
        "w": 0.8804762392171493
      },
      "viewCenter": {
        "x": 0,
        "y": 0,
        "z": 0
      }
    },
    "7b99028e-8cfe-4544-9927-417c4b1a036e": {
      "position": {
        "x": 8.645782939831339,
        "y": 8.646608696218427,
        "z": 10.821593462590721
      },
      "rotation": {
        "x": -0.2647994164069215,
        "y": 0.3287141502243892,
        "z": 0.09656568925374076,
        "w": 0.9013896738768103
      },
      "viewCenter": {
        "x": 0.2052879660914968,
        "y": 0.21543669329782134,
        "z": 0.7879807904057472
      }
    },
    "fcb39825-40e1-4b7a-a23a-a06262018778": {
      "position": {
        "x": 4.1354183741188075,
        "y": 3.4467527919133008,
        "z": 5.344068876722101
      },
      "rotation": {
        "x": -0.11905891275732208,
        "y": 0.21043315290406395,
        "z": 0.025829139868160628,
        "w": 0.9699874839323226
      },
      "viewCenter": {
        "x": 1.3042910962762098,
        "y": 1.743914256837789,
        "z": -0.873845592595444
      }
    },
    "69183dad-f1a0-4b21-8da4-ee96449fb3a2": {
      "position": {
        "x": 45.85644704211456,
        "y": 43.68007454756858,
        "z": 34.43759214488189
      },
      "rotation": {
        "x": -0.19630078512288857,
        "y": 0.38903552051658163,
        "z": 0.08523014444693794,
        "w": 0.8960207519730155
      },
      "viewCenter": {
        "x": -11.622205532552456,
        "y": 7.4720493914112325,
        "z": -19.27631119284679
      }
    },
    "a093e4c8-582c-4e73-adb0-c0a3a65b9838": {
      "position": {
        "x": 2.3053596248741726,
        "y": 2.3053596248741726,
        "z": 2.3053596248741726
      },
      "rotation": {
        "x": -0.27984814233312133,
        "y": 0.3647051996310009,
        "z": 0.11591689595929514,
        "w": 0.8804762392171493
      },
      "viewCenter": {
        "x": 0,
        "y": 0,
        "z": 0
      }
    },
    "1ee3d23c-74a6-4240-952d-b55439fb517c": {
      "position": {
        "x": -0.7176033474806498,
        "y": 8.794467235020887,
        "z": -12.372777683817143
      },
      "rotation": {
        "x": 0.08471203010497791,
        "y": 0.9152850257128918,
        "z": 0.2796576342038914,
        "w": -0.27725205097147443
      },
      "viewCenter": {
        "x": 19.38480461710882,
        "y": -15.622337119611514,
        "z": 17.764358239764668
      }
    },
    "8822f1d8-0a2d-4e4b-a8eb-f111477f7dd0": {
      "position": {
        "x": 431.06408462834816,
        "y": 338.28544518308746,
        "z": 947.8272400542896
      },
      "rotation": {
        "x": 0,
        "y": 0,
        "z": 0,
        "w": 1
      },
      "viewCenter": {
        "x": 431.06408462834816,
        "y": 338.28544518308746,
        "z": -134.22049540131093
      }
    },
    "1ffaae6b-617a-49fa-8e53-7ce9b8bfa560": {
      "position": {
        "x": -2.7036193926054897,
        "y": 4.760048304293871,
        "z": -0.5886657199873753
      },
      "rotation": {
        "x": 0.28234989221645146,
        "y": 0.5842297540665566,
        "z": 0.22715360169558557,
        "w": -0.7261923365570155
      },
      "viewCenter": {
        "x": -18.971887115494265,
        "y": 3.678808353397425,
        "z": 41.937255766695344
      }
    },
    "1e88d334-47b2-4c13-85f6-c9e1986fca28": {
      "position": {
        "x": 830.0244998222701,
        "y": 510.05299741527216,
        "z": 703.1234041679579
      },
      "rotation": {
        "x": -0.003839757773547133,
        "y": -0.05476319750648715,
        "z": -0.005857684518294444,
        "w": 0.9984748048853572
      },
      "viewCenter": {
        "x": 2.1106462863228845,
        "y": 0.5164938399480412,
        "z": 0.9598351827535443
      }
    },
    "3660340f-48c7-4c25-bdae-831717fa9973": {
      "position": {
        "x": 489.99999999999994,
        "y": 300,
        "z": 1029.455660473245
      },
      "rotation": {
        "x": 0,
        "y": 0,
        "z": 0,
        "w": 1
      },
      "viewCenter": {
        "x": 490.00000000000006,
        "y": 300,
        "z": 0
      }
    },
    "5ab2fb0f-b70d-452f-b5f8-5116b1c55fb0": {
      "position": {
        "x": 490,
        "y": 300,
        "z": 5000
      },
      "rotation": {
        "x": 0,
        "y": 0,
        "z": 0,
        "w": 1
      },
      "viewCenter": {
        "x": -18.971887115494265,
        "y": 3.678808353397425,
        "z": 41.937255766695344
      }
    },
    "c2aa6861-27e9-469d-9d7d-d8550bb06f94": {
      "position": {
        "x": 2.0370496095123993,
        "y": 5.273445811819327,
        "z": -1.1379647240276274
      },
      "rotation": {
        "x": -0.16923507764019718,
        "y": -0.7210005771449342,
        "z": -0.18924029228545958,
        "w": 0.6447524858644282
      },
      "viewCenter": {
        "x": 39.58330485062771,
        "y": -16.02710865739298,
        "z": 3.067577761061456
      }
    },
    "86ffd746-92f8-4624-99a9-abdabcec3dfd": {
      "position": {
        "x": 17.7035247468214,
        "y": 17.149252393601316,
        "z": 21.772156801221897
      },
      "rotation": {
        "x": -0.30392555717525316,
        "y": 0.33261220182923235,
        "z": 0.11417145728335071,
        "w": 0.8854169962406501
      },
      "viewCenter": {
        "x": -44.083262194163,
        "y": -55.88059933561661,
        "z": -48.861076083207166
      }
    },
    "13921665-b890-40f2-a013-d16bbc755235": {
      "position": {
        "x": 5.585285995096122,
        "y": 4.22232839903784,
        "z": -0.9476954938207887
      },