{
  "gizmos-infos": {
    "is2D": false,
    "is3DIcon": false,
    "iconSize": 2,
    "gridVisible": true,
    "gridColor": [
      150,
      150,
      150,
      255
    ],
    "isIconGizmo3D": false,
    "iconGizmoSize": 2,
    "isGridVisible": true
  },
  "float-window": {
    "position": {
      "cc": {
        "Camera": {
          "dock": false,
          "top": null,
          "bottom": 10,
          "left": null,
          "right": 10
        },
        "ParticleSystem": {
          "dock": false,
          "top": null,
          "bottom": 10,
          "left": null,
          "right": 10
        },
        "Terrain": {
          "dock": false,
          "top": null,
          "bottom": 10,
          "left": null,
          "right": 10
        }
      }
    }
  },
  "camera-infos": {
    "f46876e4-e81b-4931-b493-6d367be385e7": {
      "position": {
        "x": 50,
        "y": 50,
        "z": 50
      },
      "rotation": {
        "x": -0.27984814233312133,
        "y": 0.3647051996310009,
        "z": 0.11591689595929514,
        "w": 0.8804762392171493
      },
      "viewCenter": {
        "x": 0,
        "y": 0,
        "z": 0
      }
    },
    "9f511e12-84ed-4087-9760-8d61d9167c86": {
      "position": {
        "x": -0.8753199194189047,
        "y": 5.823570605047228,
        "z": 21.22964613906317
      },
      "rotation": {
        "x": 0.1047735556201646,
        "y": 0.0009660053226785556,
        "z": 0.00010181600966295394,
        "w": -0.9944956069610197
      },
      "viewCenter": {
        "x": -0.6360775712288765,
        "y": -20.416202515800045,
        "z": -101.9199829873875
      }
    },
    "d386ad73-1fb2-4637-b3d4-30d0d1332e25": {
      "position": {
        "x": 4.394981227445129,
        "y": 3.3826078447546593,
        "z": 2.4798730764138996
      },
      "rotation": {
        "x": -0.07795856663073641,
        "y": 0.38670194442536,
        "z": 0.032828233255433326,
        "w": 0.9183171408008158
      },
      "viewCenter": {
        "x": -14.767691038991707,
        "y": -1.198607803377035,
        "z": -16.23863709747915
      }
    },
    "f571a0c8-9097-4f69-957f-80176613d9d2": {
      "position": {
        "x": 50,
        "y": 50,
        "z": 50
      },
      "rotation": {
        "x": -0.27984814233312133,
        "y": 0.3647051996310009,
        "z": 0.11591689595929514,
        "w": 0.8804762392171493
      },
      "viewCenter": {
        "x": 0,
        "y": 0,
        "z": 0
      }
    },
    "7b99028e-8cfe-4544-9927-417c4b1a036e": {
      "position": {
        "x": 8.645782939831339,
        "y": 8.646608696218427,
        "z": 10.821593462590721
      },
      "rotation": {
        "x": -0.2647994164069215,
        "y": 0.3287141502243892,
        "z": 0.09656568925374076,
        "w": 0.9013896738768103
      },
      "viewCenter": {
        "x": 0.2052879660914968,
        "y": 0.21543669329782134,
        "z": 0.7879807904057472
      }
    },
    "fcb39825-40e1-4b7a-a23a-a06262018778": {
      "position": {
        "x": 4.1354183741188075,
        "y": 3.4467527919133008,
        "z": 5.344068876722101
      },
      "rotation": {
        "x": -0.11905891275732208,
        "y": 0.21043315290406395,
        "z": 0.025829139868160628,
        "w": 0.9699874839323226
      },
      "viewCenter": {
        "x": 1.3042910962762098,
        "y": 1.743914256837789,
        "z": -0.873845592595444
      }
    },
    "69183dad-f1a0-4b21-8da4-ee96449fb3a2": {
      "position": {
        "x": 45.85644704211456,
        "y": 43.68007454756858,
        "z": 34.43759214488189
      },
      "rotation": {
        "x": -0.19630078512288857,
        "y": 0.38903552051658163,
        "z": 0.08523014444693794,
        "w": 0.8960207519730155
      },
      "viewCenter": {
        "x": -11.622205532552456,
        "y": 7.4720493914112325,
        "z": -19.27631119284679
      }
    },
    "a093e4c8-582c-4e73-adb0-c0a3a65b9838": {
      "position": {
        "x": 2.3053596248741726,
        "y": 2.3053596248741726,
        "z": 2.3053596248741726
      },
      "rotation": {
        "x": -0.27984814233312133,
        "y": 0.3647051996310009,
        "z": 0.11591689595929514,
        "w": 0.8804762392171493
      },
      "viewCenter": {
        "x": 0,
        "y": 0,
        "z": 0
      }
    },
    "1ee3d23c-74a6-4240-952d-b55439fb517c": {
      "position": {
        "x": 2.4397902816854757,
        "y": 2.2403796309329,
        "z": 5.137468766438572
      },
      "rotation": {
        "x": -0.05370340751206715,
        "y": 0.37384597693831356,
        "z": 0.021689634353400444,
        "w": 0.9256806320942286
      },
      "viewCenter": {
        "x": -2.9028285888560235,
        "y": 1.3447085421440041,
        "z": -0.3981292519381352
      }
    },
    "8822f1d8-0a2d-4e4b-a8eb-f111477f7dd0": {
      "position": {
        "x": 672.5303269798203,
        "y": 458.5309251901077,
        "z": 1357.846697289364
      },
      "rotation": {
        "x": 0,
        "y": 0,
        "z": 0,
        "w": -1
      },
      "viewCenter": {
        "x": 672.5303269798203,
        "y": 458.5309251901077,
        "z": -429.10455396671273
      }
    },
    "1ffaae6b-617a-49fa-8e53-7ce9b8bfa560": {
      "position": {
        "x": -0.5225931636999245,
        "y": -25.967048947001878,
        "z": 1.730932182046546
      },
      "rotation": {
        "x": -0.2546342747856195,
        "y": 0.1550003718718026,
        "z": 0.046063117777698344,
        "w": 0.953422485439025
      },
      "viewCenter": {
        "x": -1.9048678423933256,
        "y": -28.821064148982334,
        "z": -1.4226996995529022
      }
    },
    "1e88d334-47b2-4c13-85f6-c9e1986fca28": {
      "position": {
        "x": 830.0244998222701,
        "y": 510.05299741527216,
        "z": 703.1234041679579
      },
      "rotation": {
        "x": -0.003839757773547133,
        "y": -0.05476319750648715,
        "z": -0.005857684518294444,
        "w": 0.9984748048853572
      },
      "viewCenter": {
        "x": 2.1106462863228845,
        "y": 0.5164938399480412,
        "z": 0.9598351827535443
      }
    },
    "3660340f-48c7-4c25-bdae-831717fa9973": {
      "position": {
        "x": 460.86959804151246,
        "y": 313.77617160522766,
        "z": 1204.0506163399416
      },
      "rotation": {
        "x": 0,
        "y": 0,
        "z": 0,
        "w": -1
      },
      "viewCenter": {
        "x": 460.86959804151246,
        "y": 313.77617160522766,
        "z": -116.39978304505894
      }
    },
    "5ab2fb0f-b70d-452f-b5f8-5116b1c55fb0": {
      "position": {
        "x": 7.357227493220939,
        "y": 0.8185358922101879,
        "z": 2.0736894310887615
      },
      "rotation": {
        "x": 0.038297827596135856,
        "y": -0.4255410537725314,
        "z": -0.01802901449129868,
        "w": -0.903948350605887
      },
      "viewCenter": {
        "x": 2.516978189975182,
        "y": 0.2854288875788077,
        "z": -1.9279258203232739
      }
    },
    "c2aa6861-27e9-469d-9d7d-d8550bb06f94": {
      "position": {
        "x": -1.1002513313032338,
        "y": 9.459430010281611,
        "z": -9.751387676958721
      },
      "rotation": {
        "x": 0.009662342638717916,
        "y": -0.9615416136262095,
        "z": -0.2723614290114694,
        "w": -0.03411182180223804
      },
      "viewCenter": {
        "x": -1.9098584504628469,
        "y": 2.422494005337823,
        "z": 1.6448254670391105
      }
    },
    "86ffd746-92f8-4624-99a9-abdabcec3dfd": {
      "position": {
        "x": 10.747058282136607,
        "y": 5.651666672400388,
        "z": 7.226249028667297
      },
      "rotation": {
        "x": 0.1576291138412068,
        "y": -0.4010382715624871,
        "z": -0.07026593167414294,
        "w": -0.8996577436489384
      },
      "viewCenter": {
        "x": -77.32275849624558,
        "y": -37.15707949878076,
        "z": -71.92886765284935
      }
    },