{
  "gizmos-infos": {
    "is2D": false,
    "is3DIcon": false,
    "iconSize": 2,
    "gridVisible": true,
    "gridColor": [
      150,
      150,
      150,
      255
    ],
    "isIconGizmo3D": false,
    "iconGizmoSize": 2,
    "isGridVisible": true
  },
  "float-window": {
    "position": {
      "cc": {
        "Camera": {
          "dock": false,
          "top": null,
          "bottom": 10,
          "left": null,
          "right": 10
        },
        "ParticleSystem": {
          "dock": false,
          "top": null,
          "bottom": 10,
          "left": null,
          "right": 10
        },
        "Terrain": {
          "dock": false,
          "top": null,
          "bottom": 10,
          "left": null,
          "right": 10
        }
      }
    }
  },
  "camera-infos": {
    "f46876e4-e81b-4931-b493-6d367be385e7": {
      "position": {
        "x": 50,
        "y": 50,
        "z": 50
      },
      "rotation": {
        "x": -0.27984814233312133,
        "y": 0.3647051996310009,
        "z": 0.11591689595929514,
        "w": 0.8804762392171493
      },
      "viewCenter": {
        "x": 0,
        "y": 0,
        "z": 0
      }
    },
    "9f511e12-84ed-4087-9760-8d61d9167c86": {
      "position": {
        "x": 5.217702880000815,
        "y": 5.0081295112589,
        "z": 6.702487831198094
      },
      "rotation": {
        "x": -0.13486800126648907,
        "y": 0.23930041138192093,
        "z": 0.03358560780123902,
        "w": 0.960946378470436
      },
      "viewCenter": {
        "x": 4.967072367646754,
        "y": 4.855101952127872,
        "z": 6.230472517622501
      }
    },
    "d386ad73-1fb2-4637-b3d4-30d0d1332e25": {
      "position": {
        "x": 4.394981227445129,
        "y": 3.3826078447546593,
        "z": 2.4798730764138996
      },
      "rotation": {
        "x": -0.07795856663073641,
        "y": 0.38670194442536,
        "z": 0.032828233255433326,
        "w": 0.9183171408008158
      },
      "viewCenter": {
        "x": -14.767691038991707,
        "y": -1.198607803377035,
        "z": -16.23863709747915
      }
    },
    "f571a0c8-9097-4f69-957f-80176613d9d2": {
      "position": {
        "x": 50,
        "y": 50,
        "z": 50
      },
      "rotation": {
        "x": -0.27984814233312133,
        "y": 0.3647051996310009,
        "z": 0.11591689595929514,
        "w": 0.8804762392171493
      },
      "viewCenter": {
        "x": 0,
        "y": 0,
        "z": 0
      }
    },
    "7b99028e-8cfe-4544-9927-417c4b1a036e": {
      "position": {
        "x": 8.645782939831339,
        "y": 8.646608696218427,
        "z": 10.821593462590721
      },
      "rotation": {
        "x": -0.2647994164069215,
        "y": 0.3287141502243892,
        "z": 0.09656568925374076,
        "w": 0.9013896738768103
      },
      "viewCenter": {
        "x": 0.2052879660914968,
        "y": 0.21543669329782134,
        "z": 0.7879807904057472
      }
    },
    "fcb39825-40e1-4b7a-a23a-a06262018778": {
      "position": {
        "x": 4.1354183741188075,
        "y": 3.4467527919133008,
        "z": 5.344068876722101
      },
      "rotation": {
        "x": -0.11905891275732208,
        "y": 0.21043315290406395,
        "z": 0.025829139868160628,
        "w": 0.9699874839323226
      },
      "viewCenter": {
        "x": 1.3042910962762098,
        "y": 1.743914256837789,
        "z": -0.873845592595444
      }
    },
    "69183dad-f1a0-4b21-8da4-ee96449fb3a2": {
      "position": {
        "x": 45.85644704211456,
        "y": 43.68007454756858,
        "z": 34.43759214488189
      },
      "rotation": {
        "x": -0.19630078512288857,
        "y": 0.38903552051658163,
        "z": 0.08523014444693794,
        "w": 0.8960207519730155
      },
      "viewCenter": {
        "x": -11.622205532552456,
        "y": 7.4720493914112325,
        "z": -19.27631119284679
      }
    },
    "a093e4c8-582c-4e73-adb0-c0a3a65b9838": {
      "position": {
        "x": 2.3053596248741726,
        "y": 2.3053596248741726,
        "z": 2.3053596248741726
      },
      "rotation": {
        "x": -0.27984814233312133,
        "y": 0.3647051996310009,
        "z": 0.11591689595929514,
        "w": 0.8804762392171493
      },
      "viewCenter": {
        "x": 0,
        "y": 0,
        "z": 0
      }
    },
    "1ee3d23c-74a6-4240-952d-b55439fb517c": {
      "position": {
        "x": 2.4397902816854757,
        "y": 2.2403796309329,
        "z": 5.137468766438572
      },
      "rotation": {
        "x": -0.05370340751206715,
        "y": 0.37384597693831356,
        "z": 0.021689634353400444,
        "w": 0.9256806320942286
      },
      "viewCenter": {
        "x": -2.9028285888560235,
        "y": 1.3447085421440041,
        "z": -0.3981292519381352
      }
    },
    "8822f1d8-0a2d-4e4b-a8eb-f111477f7dd0": {
      "position": {
        "x": 0.5780558359263683,
        "y": 0.9238230663562007,
        "z": -0.08124337340382116
      },
      "rotation": {
        "x": 0.029878988660956313,
        "y": 0.791705780474955,
        "z": 0.03884720606889218,
        "w": -0.6089335741587302
      },
      "viewCenter": {
        "x": 4.72403437495672,
        "y": 0.5018431275202624,
        "z": 1.019534769092357
      }
    },
    "1ffaae6b-617a-49fa-8e53-7ce9b8bfa560": {
      "position": {
        "x": 14.948429798808908,
        "y": -29.661299195383275,
        "z": 7.143642694771638
      },
      "rotation": {
        "x": 0.02580314216610751,
        "y": -0.522055350973581,
        "z": -0.015801906494150964,
        "w": -0.8523747462972826
      },
      "viewCenter": {
        "x": 0.047,
        "y": -30.675,
        "z": -0.458
      }
    },
    "1e88d334-47b2-4c13-85f6-c9e1986fca28": {
      "position": {
        "x": 830.0244998222701,
        "y": 510.05299741527216,
        "z": 703.1234041679579
      },
      "rotation": {
        "x": -0.003839757773547133,
        "y": -0.05476319750648715,
        "z": -0.005857684518294444,
        "w": 0.9984748048853572
      },
      "viewCenter": {
        "x": 2.1106462863228845,
        "y": 0.5164938399480412,
        "z": 0.9598351827535443
      }
    },
    "3660340f-48c7-4c25-bdae-831717fa9973": {
      "position": {
        "x": 550,
        "y": 325,
        "z": 5000
      },
      "rotation": {
        "x": 0,
        "y": 0,
        "z": 0,
        "w": 1
      },
      "viewCenter": {
        "x": 0,
        "y": 0,
        "z": 0
      }
    },
    "5ab2fb0f-b70d-452f-b5f8-5116b1c55fb0": {
      "position": {
        "x": 10.406899756378754,
        "y": 4.228247585985536,
        "z": 9.105081640671518
      },
      "rotation": {
        "x": 0.18642555753716858,
        "y": -0.1901995515677331,
        "z": -0.03681355763973061,
        "w": -0.9631793208180975
      },
      "viewCenter": {
        "x": 4.909371941083731,
        "y": -1.5882162351018811,
        "z": -4.271985920521905
      }
    },
    "c2aa6861-27e9-469d-9d7d-d8550bb06f94": {
      "position": {
        "x": 8.807855929626108,
        "y": 1.361676657425523,
        "z": -4.8359588181026325
      },
      "rotation": {
        "x": 0.02580314216610751,
        "y": -0.522055350973581,
        "z": -0.015801906494150964,
        "w": -0.8523747462972826
      },
      "viewCenter": {
        "x": 2.5681086535119277,
        "y": 0.9372048503706261,
        "z": -8.019031176869586
      }
    },
    "86ffd746-92f8-4624-99a9-abdabcec3dfd": {
      "position": {
        "x": 550,
        "y": 325,
        "z": 5000
      },
      "rotation": {
        "x": 0,
        "y": 0,
        "z": 0,
        "w": 1
      },
      "viewCenter": {
        "x": 268.729181908454,
        "y": 452.50977114866,
        "z": 742.9494827493564
      }
    },
    "13921665-b890-40f2-a013-d16bbc755235": {
      "position": {
        "x": -2.3983605165382116,
        "y": 0.7441434922756465,
        "z": 0.048766379918858294
      },
      "rotation": {
        "x": -0.1512004346957995,