{
  "gizmos-infos": {
    "is2D": false,
    "is3DIcon": false,
    "iconSize": 2,
    "gridVisible": true,
    "gridColor": [
      150,
      150,
      150,
      255
    ],
    "isIconGizmo3D": false,
    "iconGizmoSize": 2,
    "isGridVisible": true
  },
  "float-window": {
    "position": {
      "cc": {
        "Camera": {
          "dock": false,
          "top": null,
          "bottom": 10,
          "left": null,
          "right": 10
        },
        "ParticleSystem": {
          "dock": false,
          "top": null,
          "bottom": 10,
          "left": null,
          "right": 10
        },
        "Terrain": {
          "dock": false,
          "top": null,
          "bottom": 10,
          "left": null,
          "right": 10
        }
      }
    }
  },
  "camera-infos": {
    "f46876e4-e81b-4931-b493-6d367be385e7": {
      "position": {
        "x": 50,
        "y": 50,
        "z": 50
      },
      "rotation": {
        "x": -0.27984814233312133,
        "y": 0.3647051996310009,
        "z": 0.11591689595929514,
        "w": 0.8804762392171493
      },
      "viewCenter": {
        "x": 0,
        "y": 0,
        "z": 0
      }
    },
    "9f511e12-84ed-4087-9760-8d61d9167c86": {
      "position": {
        "x": -4.199536827828185,
        "y": 1.6294080462160023,
        "z": 3.2398984504657613
      },
      "rotation": {
        "x": -0.025742467295747605,
        "y": 0.6163659568545992,
        "z": -0.020166731493405934,
        "w": -0.7867805510745132
      },
      "viewCenter": {
        "x": 117.79269548299844,
        "y": 9.860114096746033,
        "z": -26.83607752378996
      }
    },
    "d386ad73-1fb2-4637-b3d4-30d0d1332e25": {
      "position": {
        "x": 4.394981227445129,
        "y": 3.3826078447546593,
        "z": 2.4798730764138996
      },
      "rotation": {
        "x": -0.07795856663073641,
        "y": 0.38670194442536,
        "z": 0.032828233255433326,
        "w": 0.9183171408008158
      },
      "viewCenter": {
        "x": -14.767691038991707,
        "y": -1.198607803377035,
        "z": -16.23863709747915
      }
    },
    "f571a0c8-9097-4f69-957f-80176613d9d2": {
      "position": {
        "x": 50,
        "y": 50,
        "z": 50
      },
      "rotation": {
        "x": -0.27984814233312133,
        "y": 0.3647051996310009,
        "z": 0.11591689595929514,
        "w": 0.8804762392171493
      },
      "viewCenter": {
        "x": 0,
        "y": 0,
        "z": 0
      }
    },
    "7b99028e-8cfe-4544-9927-417c4b1a036e": {
      "position": {
        "x": 8.645782939831339,
        "y": 8.646608696218427,
        "z": 10.821593462590721
      },
      "rotation": {
        "x": -0.2647994164069215,
        "y": 0.3287141502243892,
        "z": 0.09656568925374076,
        "w": 0.9013896738768103
      },
      "viewCenter": {
        "x": 0.2052879660914968,
        "y": 0.21543669329782134,
        "z": 0.7879807904057472
      }
    },
    "fcb39825-40e1-4b7a-a23a-a06262018778": {
      "position": {
        "x": 4.1354183741188075,
        "y": 3.4467527919133008,
        "z": 5.344068876722101
      },
      "rotation": {
        "x": -0.11905891275732208,
        "y": 0.21043315290406395,
        "z": 0.025829139868160628,
        "w": 0.9699874839323226
      },
      "viewCenter": {
        "x": 1.3042910962762098,
        "y": 1.743914256837789,
        "z": -0.873845592595444
      }
    },
    "69183dad-f1a0-4b21-8da4-ee96449fb3a2": {
      "position": {
        "x": 45.85644704211456,
        "y": 43.68007454756858,
        "z": 34.43759214488189
      },
      "rotation": {
        "x": -0.19630078512288857,
        "y": 0.38903552051658163,
        "z": 0.08523014444693794,
        "w": 0.8960207519730155
      },
      "viewCenter": {
        "x": -11.622205532552456,
        "y": 7.4720493914112325,
        "z": -19.27631119284679
      }
    },
    "a093e4c8-582c-4e73-adb0-c0a3a65b9838": {
      "position": {
        "x": 2.3053596248741726,
        "y": 2.3053596248741726,
        "z": 2.3053596248741726
      },
      "rotation": {
        "x": -0.27984814233312133,
        "y": 0.3647051996310009,
        "z": 0.11591689595929514,
        "w": 0.8804762392171493
      },
      "viewCenter": {
        "x": 0,
        "y": 0,
        "z": 0
      }
    },
    "1ee3d23c-74a6-4240-952d-b55439fb517c": {
      "position": {
        "x": 490,
        "y": 300,
        "z": 5000
      },
      "rotation": {
        "x": 0,
        "y": 0,
        "z": 0,
        "w": 1
      },
      "viewCenter": {
        "x": 0,
        "y": 0,
        "z": 0
      }
    },
    "8822f1d8-0a2d-4e4b-a8eb-f111477f7dd0": {
      "position": {
        "x": -0.8234449159072454,
        "y": 0.7566404007094985,
        "z": 1.5101181463781606
      },
      "rotation": {
        "x": 0.06151451996513375,
        "y": 0.6487562329506624,
        "z": 0.052741340853159985,
        "w": -0.7566700656204837
      },
      "viewCenter": {
        "x": 0.67518032317763,
        "y": 0.5084446466626527,
        "z": 1.2786133040491134
      }
    },
    "1ffaae6b-617a-49fa-8e53-7ce9b8bfa560": {
      "position": {
        "x": 0.39342512618472636,
        "y": -28.83054489281273,
        "z": 0.9180716990647237
      },
      "rotation": {
        "x": -0.07133006690856718,
        "y": 0.8110987064753163,
        "z": 0.10120765097538534,
        "w": 0.5716536689338174
      },
      "viewCenter": {
        "x": -3.689324566397265,
        "y": -29.929527899978943,
        "z": 2.375765507552948
      }
    },
    "1e88d334-47b2-4c13-85f6-c9e1986fca28": {
      "position": {
        "x": 830.0244998222701,
        "y": 510.05299741527216,
        "z": 703.1234041679579
      },
      "rotation": {
        "x": -0.003839757773547133,
        "y": -0.05476319750648715,
        "z": -0.005857684518294444,
        "w": 0.9984748048853572
      },
      "viewCenter": {
        "x": 2.1106462863228845,
        "y": 0.5164938399480412,
        "z": 0.9598351827535443
      }
    },
    "3660340f-48c7-4c25-bdae-831717fa9973": {
      "position": {
        "x": 460.86959804151246,
        "y": 313.77617160522766,
        "z": 1072.0055764014414
      },
      "rotation": {
        "x": 0,
        "y": 0,
        "z": 0,
        "w": 1
      },
      "viewCenter": {
        "x": 460.86959804151246,
        "y": 313.77617160522766,
        "z": -116.39978304505894
      }
    },
    "5ab2fb0f-b70d-452f-b5f8-5116b1c55fb0": {
      "position": {
        "x": 4.1908560262974675,
        "y": 1.7896503549244223,
        "z": 9.623023738712341
      },
      "rotation": {
        "x": -0.028393144084449026,
        "y": -0.5388949943973717,
        "z": 0.018181302452367723,
        "w": -0.8416979280966237
      },
      "viewCenter": {
        "x": 1.4724343091510348,
        "y": 1.991827806229967,
        "z": 8.370308610847495
      }
    },
    "c2aa6861-27e9-469d-9d7d-d8550bb06f94": {
      "position": {
        "x": 2.0370496095123993,
        "y": 5.273445811819327,
        "z": -1.1379647240276274
      },
      "rotation": {
        "x": -0.16923507764019718,
        "y": -0.7210005771449342,
        "z": -0.18924029228545958,
        "w": 0.6447524858644282
      },
      "viewCenter": {
        "x": 39.58330485062771,
        "y": -16.02710865739298,
        "z": 3.067577761061456
      }
    },
    "86ffd746-92f8-4624-99a9-abdabcec3dfd": {
      "position": {
        "x": 6.415052492407167,
        "y": 4.92948205656821,
        "z": -4.044005831474709
      },
      "rotation": {
        "x": -0.005448121465223092,
        "y": 0.9915943171015962,
        "z": 0.12136573020383387,
        "w": 0.04451278211142191
      },
      "viewCenter": {
        "x": -4.533802553729206,
        "y": -25.438046891444785,
        "z": 117.66198627214723
      }
    },
    "13921665-b890-40f2-a013-d16bbc755235": {
      "position": {
        "x": 10.440041635847342,
        "y": 2.229194691245911,