{
  "__type__": "cc.Skeleton",
  "_name": "Skin-2",
  "_objFlags": 0,
  "_native": "",
  "_joints": [
    "Slika_2/joint10",
    "Slika_2/joint10/joint11"
  ],
  "_bindposes": [
    {
      "__type__": "cc.Mat4",
      "m00": 0.0909283235669136,
      "m01": -0.0855821743607521,
      "m02": 1.710662841796875,
      "m03": 0,
      "m04": -0.03831442818045616,
      "m05": 0.6632266044616699,
      "m06": 0.04084918275475502,
      "m07": 0,
      "m08": -1.141742467880249,
      "m09": -0.06321126222610474,
      "m10": 0.060689546167850494,
      "m11": 0,
      "m12": 0.00044810911640524864,
      "m13": -0.01025766134262085,
      "m14": -0.0007139230729080737,
      "m15": 1
    },
    {
      "__type__": "cc.Mat4",
      "m00": 0.09092839062213898,
      "m01": -0.08972680568695068,
      "m02": 1.6609283685684204,
      "m03": 0,
      "m04": -0.03831436112523079,
      "m05": 0.6953457593917847,
      "m06": 0.03966156765818596,
      "m07": 0,
      "m08": -1.141742467880249,
      "m09": -0.06627238541841507,
      "m10": 0.05892515555024147,
      "m11": 0,
      "m12": 0.0004481080686673522,
      "m13": 0.011264570988714695,
      "m14": -0.0006931805401109159,
      "m15": 1
    }
  ],
  "_hash": 3604052582
}