{
  "__type__": "cc.Skeleton",
  "_name": "Skin-4",
  "_objFlags": 0,
  "_native": "",
  "_joints": [
    "Knjiga/joint3",
    "Knjiga/joint3/joint4"
  ],
  "_bindposes": [
    {
      "__type__": "cc.Mat4",
      "m00": -0.017091700807213783,
      "m01": 0.0010575799969956279,
      "m02": 0.005756159778684378,
      "m03": 0,
      "m04": -0.0011438489891588688,
      "m05": -0.018029499799013138,
      "m06": -0.00008385538967559114,
      "m07": 0,
      "m08": 0.005739644635468721,
      "m09": -0.00044378620805218816,
      "m10": 0.017124198377132416,
      "m11": 0,
      "m12": -0.000012630000128410757,
      "m13": 0.0004184700082987547,
      "m14": 0.0003700900124385953,
      "m15": 1
    },
    {
      "__type__": "cc.Mat4",
      "m00": -0.017091700807213783,
      "m01": 0.0010575799969956279,
      "m02": 0.005756159778684378,
      "m03": 0,
      "m04": -0.0011438489891588688,
      "m05": -0.018029499799013138,
      "m06": -0.00008385538967559114,
      "m07": 0,
      "m08": 0.005739644635468721,
      "m09": -0.00044378620805218816,
      "m10": 0.017124198377132416,
      "m11": 0,
      "m12": 0.0038214800879359245,
      "m13": 0.0006223400123417377,
      "m14": -0.0012063400354236364,
      "m15": 1
    }
  ],
  "_hash": 1037401108
}