{
  "__type__": "cc.Skeleton",
  "_name": "Skin-0",
  "_objFlags": 0,
  "_native": "",
  "_joints": [
    "Sat/joint1",
    "Sat/joint1/joint2"
  ],
  "_bindposes": [
    {
      "__type__": "cc.Mat4",
      "m00": 0.014156999997794628,
      "m01": -0.002479410031810403,
      "m02": -0.01261220034211874,
      "m03": 0,
      "m04": 0.0018513030372560024,
      "m05": 0.018960200250148773,
      "m06": -0.0016492927679792047,
      "m07": 0,
      "m08": 0.012719572521746159,
      "m09": 1.7414291120232406e-9,
      "m10": 0.014277524314820766,
      "m11": 0,
      "m12": 0.0001701099972706288,
      "m13": 0.0017284000059589744,
      "m14": -0.00007378999725915492,
      "m15": 1
    },
    {
      "__type__": "cc.Mat4",
      "m00": 0.014156999997794628,
      "m01": -0.002479410031810403,
      "m02": -0.01261220034211874,
      "m03": 0,
      "m04": 0.0018513030372560024,
      "m05": 0.018960200250148773,
      "m06": -0.0016492927679792047,
      "m07": 0,
      "m08": 0.012719572521746159,
      "m09": 1.7414291120232406e-9,
      "m10": 0.014277524314820766,
      "m11": 0,
      "m12": -0.0009711299790069461,
      "m13": -0.005365630146116018,
      "m14": -0.00007378999725915492,
      "m15": 1
    }
  ],
  "_hash": 4219688039
}