{
  "__type__": "cc.Skeleton",
  "_name": "Skin-6",
  "_objFlags": 0,
  "_native": "",
  "_joints": [
    "Pismo2/joint14"
  ],
  "_bindposes": [
    {
      "__type__": "cc.Mat4",
      "m00": -0.27891799807548523,
      "m01": 3.4157602832209625e-17,
      "m02": -0.3738729953765869,
      "m03": 0,
      "m04": 2.868991913089941e-17,
      "m05": 1.1803690195083618,
      "m06": 8.643694617533297e-17,
      "m07": 0,
      "m08": 0.48875516653060913,
      "m09": 1.4821241890351613e-17,
      "m10": -0.3646227717399597,
      "m11": 0,
      "m12": 0.004227969795465469,
      "m13": -0.000037009998777648434,
      "m14": 0.0006700999801978469,
      "m15": 1
    }
  ],
  "_hash": 3915449025
}