{
  "__type__": "cc.Skeleton",
  "_name": "Skin-3",
  "_objFlags": 0,
  "_native": "",
  "_joints": [
    "Cirkus/joint5",
    "Cirkus/joint5/joint6",
    "Cirkus/joint5/joint7"
  ],
  "_bindposes": [
    {
      "__type__": "cc.Mat4",
      "m00": -0.0070069534704089165,
      "m01": 5.0188924197169804e-12,
      "m02": -0.007134596351534128,
      "m03": 0,
      "m04": -0.007134596351534128,
      "m05": -4.929108770451718e-12,
      "m06": 0.0070069534704089165,
      "m07": 0,
      "m08": -5.468682108309566e-18,
      "m09": 0.009999990463256836,
      "m10": 7.034583419246454e-12,
      "m11": 0,
      "m12": 0.20481128990650177,
      "m13": -0.12317722290754318,
      "m14": 0.41208910942077637,
      "m15": 1
    },
    {
      "__type__": "cc.Mat4",
      "m00": -0.0070069534704089165,
      "m01": 8.581051216448406e-19,
      "m02": -0.007134596351534128,
      "m03": 0,
      "m04": -0.007134596351534128,
      "m05": 2.6141231217209066e-19,
      "m06": 0.0070069534704089165,
      "m07": 0,
      "m08": 7.877777089776993e-19,
      "m09": 0.009999990463256836,
      "m10": 4.2905312950909143e-19,
      "m11": 0,
      "m12": 0.6592450141906738,
      "m13": -0.1320660412311554,
      "m14": -2.9059009552001953,
      "m15": 1
    },
    {
      "__type__": "cc.Mat4",
      "m00": -0.0070069534704089165,
      "m01": 8.581051216448406e-19,
      "m02": -0.007134596351534128,
      "m03": 0,
      "m04": -0.007134596351534128,
      "m05": 2.6141231217209066e-19,
      "m06": 0.0070069534704089165,
      "m07": 0,
      "m08": 7.877777089776993e-19,
      "m09": 0.009999990463256836,
      "m10": 4.2905312950909143e-19,
      "m11": 0,
      "m12": -2.9556899070739746,
      "m13": -0.1320660412311554,
      "m14": 0.49826595187187195,
      "m15": 1
    }
  ],
  "_hash": 657002789
}