{
  "__type__": "cc.Skeleton",
  "_name": "Skin-4",
  "_objFlags": 0,
  "_native": "",
  "_joints": [
    "Zeka_u_balonu/joint3",
    "Zeka_u_balonu/joint3/joint4"
  ],
  "_bindposes": [
    {
      "__type__": "cc.Mat4",
      "m00": 0.983582615852356,
      "m01": 0,
      "m02": 0.1804562360048294,
      "m03": 0,
      "m04": 0,
      "m05": 1,
      "m06": 0,
      "m07": 0,
      "m08": -0.1804562360048294,
      "m09": 0,
      "m10": 0.983582615852356,
      "m11": 0,
      "m12": 0.0099833058193326,
      "m13": -3.670619010925293,
      "m14": 0.06036816164851189,
      "m15": 1
    },
    {
      "__type__": "cc.Mat4",
      "m00": 0.9766513109207153,
      "m01": 0.11657401919364929,
      "m02": 0.1804562658071518,
      "m03": 0,
      "m04": -0.1185198724269867,
      "m05": 0.9929519891738892,
      "m06": 4.174097512077424e-7,
      "m07": 0,
      "m08": -0.17918452620506287,
      "m09": -0.021388061344623566,
      "m10": 0.983582615852356,
      "m11": 0,
      "m12": 0.19891972839832306,
      "m13": -1.3987587690353394,
      "m14": 0.06036720052361488,
      "m15": 1
    }
  ],
  "_hash": 1961598178
}