{
  "__type__": "cc.Skeleton",
  "_name": "Skin-2",
  "_objFlags": 0,
  "_native": "",
  "_joints": [
    "Veliko_drvo/joint8"
  ],
  "_bindposes": [
    {
      "__type__": "cc.Mat4",
      "m00": 0.022606167942285538,
      "m01": 0,
      "m02": 0,
      "m03": 0,
      "m04": 0,
      "m05": 1.3842202704657579e-18,
      "m06": -0.022606167942285538,
      "m07": 0,
      "m08": 0,
      "m09": 0.026584019884467125,
      "m10": 1.6278115191776705e-18,
      "m11": 0,
      "m12": 0.02578095719218254,
      "m13": -0.031768329441547394,
      "m14": 0.00804051198065281,
      "m15": 1
    }
  ],
  "_hash": 1887661012
}