{
  "__type__": "cc.Skeleton",
  "_name": "Skin-4",
  "_objFlags": 0,
  "_native": "",
  "_joints": [
    "papirne_vetrenjace/joint17"
  ],
  "_bindposes": [
    {
      "__type__": "cc.Mat4",
      "m00": 0.01719159632921219,
      "m01": 0.9983388185501099,
      "m02": 0.05498601496219635,
      "m03": 0,
      "m04": -1.987270081826864e-8,
      "m05": 0.054994113743305206,
      "m06": -0.9984869956970215,
      "m07": 0,
      "m08": -0.9998522996902466,
      "m09": 0.017165571451187134,
      "m10": 0.0009454568498767912,
      "m11": 0,
      "m12": -0.00088410236639902,
      "m13": 0.000036747522244695574,
      "m14": -0.00015445001190528274,
      "m15": 1
    }
  ],
  "_hash": 635180364
}