{
  "__type__": "cc.Skeleton",
  "_name": "Skin-1",
  "_objFlags": 0,
  "_native": "",
  "_joints": [
    "ANIM_scena/ANIM_anim2_leptir/ANIM_anim2_joint2"
  ],
  "_bindposes": [
    {
      "__type__": "cc.Mat4",
      "m00": -0.000839248183183372,
      "m01": 9.583180140815487e-20,
      "m02": -0.0006879252614453435,
      "m03": 0,
      "m04": 4.940697776873523e-20,
      "m05": 0.001002010889351368,
      "m06": 1.0533936367005109e-19,
      "m07": 0,
      "m08": 0.0006712019676342607,
      "m09": 4.606757208767623e-20,
      "m10": -0.0008601584704592824,
      "m11": 0,
      "m12": -0.00018042563169728965,
      "m13": 0.00004066636392963119,
      "m14": 0.0002344102249480784,
      "m15": 1
    }
  ],
  "_hash": 390292626
}