{
  "__type__": "cc.Skeleton",
  "_name": "Skin-3",
  "_objFlags": 0,
  "_native": "",
  "_joints": [
    "ANIM_scena/NOVI_ANIM_joint3",
    "ANIM_scena/NOVI_ANIM_joint3/NOVI_ANIM_joint2",
    "ANIM_scena/NOVI_ANIM_joint3/NOVI_ANIM_joint4",
    "ANIM_scena/NOVI_ANIM_joint3/NOVI_ANIM_joint5"
  ],
  "_bindposes": [
    {
      "__type__": "cc.Mat4",
      "m00": -0.0019852779805660248,
      "m01": 6.105529276601018e-11,
      "m02": 0.0005057115922681987,
      "m03": 0,
      "m04": 5.916588746712748e-11,
      "m05": 0.0020486756693571806,
      "m06": -1.5071378173248107e-11,
      "m07": 0,
      "m08": -0.0005057115922681987,
      "m09": -9.87922161969968e-20,
      "m10": -0.0019852779805660248,
      "m11": 0,
      "m12": -0.0008828831487335265,
      "m13": -0.02007211558520794,
      "m14": -0.0018581898184493184,
      "m15": 1
    },
    {
      "__type__": "cc.Mat4",
      "m00": -0.0017552459612488747,
      "m01": -0.00022263318533077836,
      "m02": -0.0011268914677202702,
      "m03": 0,
      "m04": -0.000008314525075547863,
      "m05": 0.002122189151123166,
      "m06": -0.00036612252006307244,
      "m07": 0,
      "m08": 0.0011853358009830117,
      "m09": -0.00031478930031880736,
      "m10": -0.0016712697688490152,
      "m11": 0,
      "m12": 0.0007302581216208637,
      "m13": -0.030827246606349945,
      "m14": 0.003577941795811057,
      "m15": 1
    },
    {
      "__type__": "cc.Mat4",
      "m00": -0.0023021353408694267,
      "m01": 6.105529276601018e-11,
      "m02": 0.0005057115922681987,
      "m03": 0,
      "m04": 6.860897266980359e-11,
      "m05": 0.0020486756693571806,
      "m06": -1.5071378173248107e-11,
      "m07": 0,
      "m08": -0.0005864250124432147,
      "m09": -9.87922161969968e-20,
      "m10": -0.0019852779805660248,
      "m11": 0,
      "m12": 0.010878964327275753,
      "m13": -0.02002636529505253,
      "m14": -0.0054707275703549385,
      "m15": 1
    },
    {
      "__type__": "cc.Mat4",
      "m00": -0.0019852779805660248,
      "m01": 6.105529276601018e-11,
      "m02": 0.0005057115922681987,
      "m03": 0,
      "m04": 5.916588746712748e-11,
      "m05": 0.0020486756693571806,
      "m06": -1.5071378173248107e-11,
      "m07": 0,
      "m08": -0.0005057115922681987,
      "m09": -9.87922161969968e-20,
      "m10": -0.0019852779805660248,
      "m11": 0,
      "m12": -0.011555357836186886,
      "m13": -0.008720851503312588,
      "m14": 0.003375366795808077,
      "m15": 1
    }
  ],
  "_hash": 2360770894
}