{
  "__type__": "cc.Skeleton",
  "_name": "Skin-5",
  "_objFlags": 0,
  "_native": "",
  "_joints": [
    "papirne_vetrenjace/joint18"
  ],
  "_bindposes": [
    {
      "__type__": "cc.Mat4",
      "m00": 0.0068628075532615185,
      "m01": 0.8094714283943176,
      "m02": -0.5871194005012512,
      "m03": 0,
      "m04": 5.704305294784717e-8,
      "m05": 0.5871331691741943,
      "m06": 0.8094900250434875,
      "m07": 0,
      "m08": 0.9999772906303406,
      "m09": -0.005555406212806702,
      "m10": 0.004029332660138607,
      "m11": 0,
      "m12": 0.0008014316554181278,
      "m13": -0.000028726219170494005,
      "m14": -0.00005906859951210208,
      "m15": 1
    }
  ],
  "_hash": 424037260
}