{
  "__type__": "cc.Skeleton",
  "_name": "Skin-0",
  "_objFlags": 0,
  "_native": "",
  "_joints": [
    "Sat/joint1",
    "Sat/joint1/joint2"
  ],
  "_bindposes": [
    {
      "__type__": "cc.Mat4",
      "m00": 0.01415699627250433,
      "m01": -0.0024794123601168394,
      "m02": -0.01261219847947359,
      "m03": 0,
      "m04": 0.0018513036193326116,
      "m05": 0.018960172310471535,
      "m06": -0.001649291138164699,
      "m07": 0,
      "m08": 0.012719579972326756,
      "m09": -2.6536551171705815e-19,
      "m10": 0.014277530834078789,
      "m11": 0,
      "m12": 0.00017010740702971816,
      "m13": 0.001728405593894422,
      "m14": -0.00007378668669844046,
      "m15": 1
    },
    {
      "__type__": "cc.Mat4",
      "m00": 0.01415699627250433,
      "m01": -0.0024794123601168394,
      "m02": -0.01261219847947359,
      "m03": 0,
      "m04": 0.0018513036193326116,
      "m05": 0.018960172310471535,
      "m06": -0.001649291138164699,
      "m07": 0,
      "m08": 0.012719579972326756,
      "m09": -2.6536551171705815e-19,
      "m10": 0.014277530834078789,
      "m11": 0,
      "m12": -0.0009711331804282963,
      "m13": -0.005365627817809582,
      "m14": -0.00007378668669844046,
      "m15": 1
    }
  ],
  "_hash": 468926248
}