{
  "__type__": "cc.Skeleton",
  "_name": "Skin-4",
  "_objFlags": 0,
  "_native": "",
  "_joints": [
    "Knjiga/joint3",
    "Knjiga/joint3/joint4"
  ],
  "_bindposes": [
    {
      "__type__": "cc.Mat4",
      "m00": -0.01709170453250408,
      "m01": 0.0010575794149190187,
      "m02": 0.005756164435297251,
      "m03": 0,
      "m04": -0.0011438480578362942,
      "m05": -0.018029499799013138,
      "m06": -0.00008385540422750637,
      "m07": 0,
      "m08": 0.005739644169807434,
      "m09": -0.0004437858588062227,
      "m10": 0.01712418720126152,
      "m11": 0,
      "m12": -0.000012628414879145566,
      "m13": 0.00041846439125947654,
      "m14": 0.0003700830857269466,
      "m15": 1
    },
    {
      "__type__": "cc.Mat4",
      "m00": -0.01709170453250408,
      "m01": 0.0010575794149190187,
      "m02": 0.005756164435297251,
      "m03": 0,
      "m04": -0.0011438480578362942,
      "m05": -0.018029499799013138,
      "m06": -0.00008385540422750637,
      "m07": 0,
      "m08": 0.005739644169807434,
      "m09": -0.0004437858588062227,
      "m10": 0.01712418720126152,
      "m11": 0,
      "m12": 0.0038214800879359245,
      "m13": 0.0006223325035534799,
      "m14": -0.001206346438266337,
      "m15": 1
    }
  ],
  "_hash": 1037401108
}