{
  "__type__": "cc.Skeleton",
  "_name": "Skin-3",
  "_objFlags": 0,
  "_native": "",
  "_joints": [
    "Strik_i_cilimi/Zeleni_cilim/transform6/joint3"
  ],
  "_bindposes": [
    {
      "__type__": "cc.Mat4",
      "m00": 0.013509586453437805,
      "m01": 0,
      "m02": 0,
      "m03": 0,
      "m04": 0,
      "m05": 0.013509586453437805,
      "m06": 0,
      "m07": 0,
      "m08": 0,
      "m09": 0,
      "m10": 0.013509586453437805,
      "m11": 0,
      "m12": 0.006356650497764349,
      "m13": -0.00520098302513361,
      "m14": -0.014681109227240086,
      "m15": 1
    }
  ],
  "_hash": 1106594546
}