{
  "__type__": "cc.Skeleton",
  "_name": "Skin-2",
  "_objFlags": 0,
  "_native": "",
  "_joints": [
    "NOVA_Rodjendanska_proslava_9:Zuta_ruza/NOVA_Rodjendanska_proslava_9:joint7"
  ],
  "_bindposes": [
    {
      "__type__": "cc.Mat4",
      "m00": 0.0017452584579586983,
      "m01": 1.018412854048023e-10,
      "m02": -0.003332520369440317,
      "m03": 0,
      "m04": -1.25306209852738e-9,
      "m05": 0.0037618374917656183,
      "m06": -5.412726933329282e-10,
      "m07": 0,
      "m08": 0.003332520369440317,
      "m09": 1.3611577420746812e-9,
      "m10": 0.0017452584579586983,
      "m11": 0,
      "m12": -0.00017452659085392952,
      "m13": 0.00006891702651046216,
      "m14": 0.0002545478637330234,
      "m15": 1
    }
  ],
  "_hash": 657125708
}