{
  "__type__": "cc.Skeleton",
  "_name": "Skin-5",
  "_objFlags": 0,
  "_native": "",
  "_joints": [
    "NOVA_Rodjendanska_proslava_9:Suncobran/NOVA_Rodjendanska_proslava_9:joint11",
    "NOVA_Rodjendanska_proslava_9:Suncobran/NOVA_Rodjendanska_proslava_9:joint11/NOVA_Rodjendanska_proslava_9:joint10"
  ],
  "_bindposes": [
    {
      "__type__": "cc.Mat4",
      "m00": 0.9940950274467468,
      "m01": 0,
      "m02": 0.10851500183343887,
      "m03": 0,
      "m04": 0,
      "m05": 1,
      "m06": 0,
      "m07": 0,
      "m08": -0.10851500183343887,
      "m09": 0,
      "m10": 0.9940950274467468,
      "m11": 0,
      "m12": 0.00016953350859694183,
      "m13": -0.00016182000399567187,
      "m14": 0.0006204486126080155,
      "m15": 1
    },
    {
      "__type__": "cc.Mat4",
      "m00": 0.9826139807701111,
      "m01": 0,
      "m02": 0.1856590062379837,
      "m03": 0,
      "m04": 0,
      "m05": 1,
      "m06": 0,
      "m07": 0,
      "m08": -0.1856590062379837,
      "m09": 0,
      "m10": 0.9826139807701111,
      "m11": 0,
      "m12": -0.0043775769881904125,
      "m13": -0.01119345985352993,
      "m14": 0.004762109834700823,
      "m15": 1
    }
  ],
  "_hash": 1869688279
}