{
  "__type__": "cc.Skeleton",
  "_name": "Skin-3",
  "_objFlags": 0,
  "_native": "",
  "_joints": [
    "NOVA_Rodjendanska_proslava_9:Baloni/NOVA_Rodjendanska_proslava_9:joint3",
    "NOVA_Rodjendanska_proslava_9:Baloni/NOVA_Rodjendanska_proslava_9:joint3/NOVA_Rodjendanska_proslava_9:joint6",
    "NOVA_Rodjendanska_proslava_9:Baloni/NOVA_Rodjendanska_proslava_9:joint3/NOVA_Rodjendanska_proslava_9:joint5",
    "NOVA_Rodjendanska_proslava_9:Baloni/NOVA_Rodjendanska_proslava_9:joint3/NOVA_Rodjendanska_proslava_9:joint4"
  ],
  "_bindposes": [
    {
      "__type__": "cc.Mat4",
      "m00": -0.004623651970177889,
      "m01": 5.662340806139868e-19,
      "m02": 0.0005415799096226692,
      "m03": 0,
      "m04": 6.364296096722141e-19,
      "m05": 0.004655261989682913,
      "m06": 5.662336670236805e-19,
      "m07": 0,
      "m08": -0.0005415799096226692,
      "m09": 6.364291960819079e-19,
      "m10": -0.004623651970177889,
      "m11": 0,
      "m12": 0.00012725868145935237,
      "m13": 0.000017128128092736006,
      "m14": -0.00002367638808209449,
      "m15": 1
    },
    {
      "__type__": "cc.Mat4",
      "m00": -0.004623651970177889,
      "m01": 5.662340806139868e-19,
      "m02": 0.0005415799096226692,
      "m03": 0,
      "m04": 6.364296096722141e-19,
      "m05": 0.004655261989682913,
      "m06": 5.662336670236805e-19,
      "m07": 0,
      "m08": -0.0005415799096226692,
      "m09": 6.364291960819079e-19,
      "m10": -0.004623651970177889,
      "m11": 0,
      "m12": 0.0023890186566859484,
      "m13": -0.012627322226762772,
      "m14": -0.004321856424212456,
      "m15": 1
    },
    {
      "__type__": "cc.Mat4",
      "m00": -0.004623651970177889,
      "m01": 5.662340806139868e-19,
      "m02": 0.0005415799096226692,
      "m03": 0,
      "m04": 6.364296096722141e-19,
      "m05": 0.004655261989682913,
      "m06": 5.662336670236805e-19,
      "m07": 0,
      "m08": -0.0005415799096226692,
      "m09": 6.364291960819079e-19,
      "m10": -0.004623651970177889,
      "m11": 0,
      "m12": 0.0035721987951546907,
      "m13": -0.010014541447162628,
      "m14": 0.0035652935039252043,
      "m15": 1
    },
    {
      "__type__": "cc.Mat4",
      "m00": -0.004623651970177889,
      "m01": 5.662340806139868e-19,
      "m02": 0.0005415799096226692,
      "m03": 0,
      "m04": 6.364296096722141e-19,
      "m05": 0.004655261989682913,
      "m06": 5.662336670236805e-19,
      "m07": 0,
      "m08": -0.0005415799096226692,
      "m09": 6.364291960819079e-19,
      "m10": -0.004623651970177889,
      "m11": 0,
      "m12": -0.003099371213465929,
      "m13": -0.007239531725645065,
      "m14": -0.0010089264251291752,
      "m15": 1
    }
  ],
  "_hash": 1270274745
}