{
  "__type__": "cc.Skeleton",
  "_name": "Skin-4",
  "_objFlags": 0,
  "_native": "",
  "_joints": [
    "NOVA_Rodjendanska_proslava_9:Klackalica/NOVA_Rodjendanska_proslava_9:joint8",
    "NOVA_Rodjendanska_proslava_9:Klackalica/NOVA_Rodjendanska_proslava_9:joint9"
  ],
  "_bindposes": [
    {
      "__type__": "cc.Mat4",
      "m00": -0.002333246171474457,
      "m01": 2.857414517460769e-19,
      "m02": -0.00479158153757453,
      "m03": 0,
      "m04": 6.587276072520764e-20,
      "m05": 0.005329438019543886,
      "m06": 2.85743287053061e-19,
      "m07": 0,
      "m08": 0.00479158153757453,
      "m09": 6.587383347506454e-20,
      "m10": -0.002333246171474457,
      "m11": 0,
      "m12": -0.00010181280231336132,
      "m13": -0.0009075812413357198,
      "m14": -0.00020522270642686635,
      "m15": 1
    },
    {
      "__type__": "cc.Mat4",
      "m00": -0.002333246171474457,
      "m01": 2.857414517460769e-19,
      "m02": -0.00479158153757453,
      "m03": 0,
      "m04": 6.587276072520764e-20,
      "m05": 0.005329438019543886,
      "m06": 2.85743287053061e-19,
      "m07": 0,
      "m08": 0.00479158153757453,
      "m09": 6.587383347506454e-20,
      "m10": -0.002333246171474457,
      "m11": 0,
      "m12": -0.00000629280384600861,
      "m13": -0.00721061322838068,
      "m14": 0.000026047298888443038,
      "m15": 1
    }
  ],
  "_hash": 282526363
}