{
  "__type__": "cc.Skeleton",
  "_name": "Skin-2",
  "_objFlags": 0,
  "_native": "",
  "_joints": [
    "ANIM_scena/ANIM_Krojac/ANIM_transform25/ANIM_joint3",
    "ANIM_scena/ANIM_Krojac/ANIM_transform25/ANIM_joint3/ANIM_joint2",
    "ANIM_scena/ANIM_Krojac/ANIM_transform25/ANIM_joint3/ANIM_joint4",
    "ANIM_scena/ANIM_Krojac/ANIM_transform25/ANIM_joint3/ANIM_joint5"
  ],
  "_bindposes": [
    {
      "__type__": "cc.Mat4",
      "m00": -0.0019855869468301535,
      "m01": -1.7443799293914708e-8,
      "m02": 0.0005045059369876981,
      "m03": 0,
      "m04": -1.0838390185341495e-9,
      "m05": 0.00204868009313941,
      "m06": 6.656949835814885e-8,
      "m07": 0,
      "m08": -0.0005045059369876981,
      "m09": 6.425244691854459e-8,
      "m10": -0.0019855869468301535,
      "m11": 0,
      "m12": -0.0008817598572932184,
      "m13": -0.020071865990757942,
      "m14": -0.0018594200955703855,
      "m15": 1
    },
    {
      "__type__": "cc.Mat4",
      "m00": -0.0016926750540733337,
      "m01": -0.00021746382117271423,
      "m02": -0.001133445999585092,
      "m03": 0,
      "m04": -0.000012846507161157206,
      "m05": 0.0020154297817498446,
      "m06": -0.0003674941835924983,
      "m07": 0,
      "m08": 0.0011540480190888047,
      "m09": -0.0002965252788271755,
      "m10": -0.001666548429057002,
      "m11": 0,
      "m12": 0.0007828995585441589,
      "m13": -0.02927541919052601,
      "m14": 0.0036004239227622747,
      "m15": 1
    },
    {
      "__type__": "cc.Mat4",
      "m00": -0.0019852900877594948,
      "m01": -3.0527833039251107e-10,
      "m02": 0.0005057139787822962,
      "m03": 0,
      "m04": -2.95829971630468e-10,
      "m05": 0.0020487005822360516,
      "m06": 7.535741475273028e-11,
      "m07": 0,
      "m08": -0.0005057139787822962,
      "m09": 4.784740888273773e-16,
      "m10": -0.0019852900877594948,
      "m11": 0,
      "m12": 0.009381599724292755,
      "m13": -0.020026376470923424,
      "m14": -0.00547077227383852,
      "m15": 1
    },
    {
      "__type__": "cc.Mat4",
      "m00": -0.0019852900877594948,
      "m01": -3.0527833039251107e-10,
      "m02": 0.0005057139787822962,
      "m03": 0,
      "m04": -2.95829971630468e-10,
      "m05": 0.0020487005822360516,
      "m06": 7.535741475273028e-11,
      "m07": 0,
      "m08": -0.0005057139787822962,
      "m09": 4.784740888273773e-16,
      "m10": -0.0019852900877594948,
      "m11": 0,
      "m12": -0.011555380187928677,
      "m13": -0.008720867335796356,
      "m14": 0.0033753179013729095,
      "m15": 1
    }
  ],
  "_hash": 1051197042
}