{
  "__type__": "cc.Skeleton",
  "_name": "Skin-5",
  "_objFlags": 0,
  "_native": "",
  "_joints": [
    "papirne_vetrenjace/joint17"
  ],
  "_bindposes": [
    {
      "__type__": "cc.Mat4",
      "m00": 0.017190737649798393,
      "m01": 2.974048152223361e-17,
      "m02": 0.9998522996902466,
      "m03": 0,
      "m04": 1.698889217747622e-16,
      "m05": 1,
      "m06": -3.266582891958454e-17,
      "m07": 0,
      "m08": -0.9998522996902466,
      "m09": 1.7042533185839058e-16,
      "m10": 0.017190737649798393,
      "m11": 0,
      "m12": -0.0008840123773552477,
      "m13": 0.00015623000217601657,
      "m14": 0.000028162647140561603,
      "m15": 1
    }
  ],
  "_hash": 830656999
}