{
  "__type__": "cc.Skeleton",
  "_name": "Skin-7",
  "_objFlags": 0,
  "_native": "",
  "_joints": [
    "papirne_vetrenjace/joint19"
  ],
  "_bindposes": [
    {
      "__type__": "cc.Mat4",
      "m00": 0.0444527342915535,
      "m01": 1.0919348553749971e-16,
      "m02": -0.9990108013153076,
      "m03": 0,
      "m04": -1.0236505002387037e-16,
      "m05": 1,
      "m06": 1.0474660226908404e-16,
      "m07": 0,
      "m08": 0.9990108013153076,
      "m09": 9.760760344883288e-17,
      "m10": 0.0444527342915535,
      "m11": 0,
      "m12": 0.00042993557872250676,
      "m13": -0.000007510000159527408,
      "m14": -0.00005488761598826386,
      "m15": 1
    }
  ],
  "_hash": 1125093622
}