{
  "__type__": "cc.Skeleton",
  "_name": "Skin-0",
  "_objFlags": 0,
  "_native": "",
  "_joints": [
    "Sat/joint1",
    "Sat/joint1/joint2"
  ],
  "_bindposes": [
    {
      "__type__": "cc.Mat4",
      "m00": 0.01415699440985918,
      "m01": -0.002479408634826541,
      "m02": -0.012612207792699337,
      "m03": 0,
      "m04": 0.0018512908136472106,
      "m05": 0.018960237503051758,
      "m06": -0.0016492968425154686,
      "m07": 0,
      "m08": 0.01271958090364933,
      "m09": 1.1512417685821674e-8,
      "m10": 0.01427751686424017,
      "m11": 0,
      "m12": 0.00017008930444717407,
      "m13": 0.0017283764900639653,
      "m14": -0.00007380723400274292,
      "m15": 1
    },
    {
      "__type__": "cc.Mat4",
      "m00": 0.01415699440985918,
      "m01": -0.002479408634826541,
      "m02": -0.012612207792699337,
      "m03": 0,
      "m04": 0.0018512908136472106,
      "m05": 0.018960237503051758,
      "m06": -0.0016492968425154686,
      "m07": 0,
      "m08": 0.01271958090364933,
      "m09": 1.1512417685821674e-8,
      "m10": 0.01427751686424017,
      "m11": 0,
      "m12": -0.0009711489547044039,
      "m13": -0.005365653429180384,
      "m14": -0.00007380723400274292,
      "m15": 1
    }
  ],
  "_hash": 1651136788
}