{
  "__type__": "cc.Skeleton",
  "_name": "Skin-3",
  "_objFlags": 0,
  "_native": "",
  "_joints": [
    "Knjiga/joint3",
    "Knjiga/joint3/joint4"
  ],
  "_bindposes": [
    {
      "__type__": "cc.Mat4",
      "m00": -0.01709170453250408,
      "m01": 0.0010575815103948116,
      "m02": 0.005756144877523184,
      "m03": 0,
      "m04": -0.001143850153312087,
      "m05": -0.018029499799013138,
      "m06": -0.00008385528781218454,
      "m07": 0,
      "m08": 0.0057396297343075275,
      "m09": -0.00044378553866408765,
      "m10": 0.017124203965067863,
      "m11": 0,
      "m12": -0.000012636617611860856,
      "m13": 0.0004184675926808268,
      "m14": 0.0003701294190250337,
      "m15": 1
    },
    {
      "__type__": "cc.Mat4",
      "m00": -0.01709170453250408,
      "m01": 0.0010575815103948116,
      "m02": 0.005756144877523184,
      "m03": 0,
      "m04": -0.001143850153312087,
      "m05": -0.018029499799013138,
      "m06": -0.00008385528781218454,
      "m07": 0,
      "m08": 0.0057396297343075275,
      "m09": -0.00044378553866408765,
      "m10": 0.017124203965067863,
      "m11": 0,
      "m12": 0.0038214842788875103,
      "m13": 0.0006223375676199794,
      "m14": -0.001206300570629537,
      "m15": 1
    }
  ],
  "_hash": 1037401108
}