{
  "__type__": "cc.Skeleton",
  "_name": "Skin-13",
  "_objFlags": 0,
  "_native": "",
  "_joints": [
    "Animirani_objekti/Group115/Bone468",
    "Animirani_objekti/Group115/Bone468/Bone469/Bone470",
    "Animirani_objekti/Group115/Bone468/Bone469"
  ],
  "_bindposes": [
    {
      "__type__": "cc.Mat4",
      "m00": -0.000029113753043930046,
      "m01": -0.9999989867210388,
      "m02": 0.000017567599570611492,
      "m03": 0,
      "m04": -3.2721177944949886e-7,
      "m05": -0.00001756757228577044,
      "m06": -1,
      "m07": 0,
      "m08": 1.0000009536743164,
      "m09": -0.000029113700293237343,
      "m10": -3.266999897277856e-7,
      "m11": 0,
      "m12": -0.15743115544319153,
      "m13": 0.0176404919475317,
      "m14": 0.1824333518743515,
      "m15": 1
    },
    {
      "__type__": "cc.Mat4",
      "m00": 5.840426098302487e-8,
      "m01": -1,
      "m02": 0.00001757119935064111,
      "m03": 0,
      "m04": -9.165633585439537e-9,
      "m05": -0.00001757119935064111,
      "m06": -1,
      "m07": 0,
      "m08": 1,
      "m09": 5.8404101110909323e-8,
      "m10": -9.16666031969271e-9,
      "m11": 0,
      "m12": -0.942084789276123,
      "m13": 0.0176225695759058,
      "m14": 0.18243364989757538,
      "m15": 1
    },
    {
      "__type__": "cc.Mat4",
      "m00": -0.000032733682019170374,
      "m01": -0.9999989867210388,
      "m02": 0.00001757119935064111,
      "m03": 0,
      "m04": 8.584426609559159e-7,
      "m05": -0.00001757121026457753,
      "m06": -1,
      "m07": 0,
      "m08": 1.0000009536743164,
      "m09": -0.00003273359834565781,
      "m10": 8.590170068600855e-7,
      "m11": 0,
      "m12": -0.5484901666641235,
      "m13": 0.017655106261372566,
      "m14": 0.18243268132209778,
      "m15": 1
    }
  ],
  "_hash": 1642236951
}