{
  "__type__": "cc.Skeleton",
  "_name": "Skin-4",
  "_objFlags": 0,
  "_native": "",
  "_joints": [
    "Animirani_objekti/Group069/Bone434/Bone435/Bone436",
    "Animirani_objekti/Group069/Bone434/Bone435",
    "Animirani_objekti/Group069/Bone434/Bone435/Bone436/Bone437",
    "Animirani_objekti/Group069/Bone434"
  ],
  "_bindposes": [
    {
      "__type__": "cc.Mat4",
      "m00": 7.582980288134422e-7,
      "m01": -1,
      "m02": 1.6292086968405783e-7,
      "m03": 0,
      "m04": -1.807578797752285e-7,
      "m05": -1.6292099758175027e-7,
      "m06": -1,
      "m07": 0,
      "m08": 1,
      "m09": 7.582979719700234e-7,
      "m10": -1.8075799346206622e-7,
      "m11": 0,
      "m12": -1.0673933029174805,
      "m13": -0.0015142952324822545,
      "m14": 0.03630490228533745,
      "m15": 1
    },
    {
      "__type__": "cc.Mat4",
      "m00": 3.4928202552464427e-9,
      "m01": -1,
      "m02": 1.6292099758175027e-7,
      "m03": 0,
      "m04": -1.3701892953577044e-9,
      "m05": -1.6292099758175027e-7,
      "m06": -1,
      "m07": 0,
      "m08": 1,
      "m09": 3.4928200332018378e-9,
      "m10": -1.3701898504692167e-9,
      "m11": 0,
      "m12": -0.08115902543067932,
      "m13": -0.001513483701273799,
      "m14": 0.03630470857024193,
      "m15": 1
    },
    {
      "__type__": "cc.Mat4",
      "m00": 3.7493993930529855e-33,
      "m01": -1,
      "m02": 0.000005001820227334974,
      "m03": 0,
      "m04": 0,
      "m05": -0.000005001820227334974,
      "m06": -1,
      "m07": 0,
      "m08": 1,
      "m09": 3.7494464128270184e-33,
      "m10": -1.875382117399182e-38,
      "m11": 0,
      "m12": -2.172621965408325,
      "m13": -0.001512532471679151,
      "m14": 0.03630470857024193,
      "m15": 1
    },
    {
      "__type__": "cc.Mat4",
      "m00": -0.00001962870010174811,
      "m01": -1,
      "m02": 4.3800962856721526e-8,
      "m03": 0,
      "m04": -0.0000045629408305103425,
      "m05": -4.3711398944878965e-8,
      "m06": -1,
      "m07": 0,
      "m08": 1,
      "m09": -0.00001962870010174811,
      "m10": -0.000004562939921015641,
      "m11": 0,
      "m12": -0.0019389210501685739,
      "m13": -0.0015134451678022742,
      "m14": 0.03630472347140312,
      "m15": 1
    }
  ],
  "_hash": 1677042150
}