{
  "__type__": "cc.Skeleton",
  "_name": "Skin-11",
  "_objFlags": 0,
  "_native": "",
  "_joints": [
    "Animirani_objekti/Group115/Point010/Bone471",
    "Animirani_objekti/Group115/Point010/Bone471/Bone472",
    "Animirani_objekti/Group115/Point010/Bone471/Bone472/Bone473",
    "Animirani_objekti/Group115/Point010/Bone471/Bone472/Bone473/Bone474"
  ],
  "_bindposes": [
    {
      "__type__": "cc.Mat4",
      "m00": 0.9884819984436035,
      "m01": -0.15133799612522125,
      "m02": 0.000013802099601889495,
      "m03": 0,
      "m04": 0.000013929475244367495,
      "m05": -2.184655301107341e-7,
      "m06": -1,
      "m07": 0,
      "m08": 0.15133799612522125,
      "m09": 0.9884819984436035,
      "m10": 0.0000018921100490842946,
      "m11": 0,
      "m12": 0.06759428232908249,
      "m13": 0.016573641449213028,
      "m14": 0.000014632162674388383,
      "m15": 1
    },
    {
      "__type__": "cc.Mat4",
      "m00": 0.9995409846305847,
      "m01": 0.030302299186587334,
      "m02": -0.000004887130216957303,
      "m03": 0,
      "m04": -0.000004882603661826579,
      "m05": -2.2339830252349202e-7,
      "m06": -1,
      "m07": 0,
      "m08": -0.030302299186587334,
      "m09": 0.9995409846305847,
      "m10": -7.534160317845817e-8,
      "m11": 0,
      "m12": -0.003140045562759042,
      "m13": 0.01627412997186184,
      "m14": 0.000014641894267697353,
      "m15": 1
    },
    {
      "__type__": "cc.Mat4",
      "m00": 0.989808976650238,
      "m01": -0.1424030065536499,
      "m02": 0.000004475190053199185,
      "m03": 0,
      "m04": 0.000004559249646263197,
      "m05": 2.639999934217485e-7,
      "m06": -1,
      "m07": 0,
      "m08": 0.1424030065536499,
      "m09": 0.989808976650238,
      "m10": 9.105600042857986e-7,
      "m11": 0,
      "m12": -0.09787489473819733,
      "m13": 0.03363494575023651,
      "m14": 0.00001370493191643618,
      "m15": 1
    },
    {
      "__type__": "cc.Mat4",
      "m00": 0.9898059964179993,
      "m01": -0.14242200553417206,
      "m02": -3.1857400051293894e-10,
      "m03": 0,
      "m04": 3.594674069518078e-8,
      "m05": 2.5205989118148864e-7,
      "m06": -1,
      "m07": 0,
      "m08": 0.14242200553417206,
      "m09": 0.9898059964179993,
      "m10": 2.546100006384222e-7,
      "m11": 0,
      "m12": -0.17394082248210907,
      "m13": 0.03363765403628349,
      "m14": 0.00001475209319323767,
      "m15": 1
    }
  ],
  "_hash": 4168351709
}