{
  "__type__": "cc.Skeleton",
  "_name": "Skin-14",
  "_objFlags": 0,
  "_native": "",
  "_joints": [
    "Cizme/Circle020/Bone445",
    "Cizme/Circle020/Bone445/Bone446",
    "Cizme/Circle020/Bone445/Bone446/Bone447",
    "Cizme/Circle020/Bone445/Bone446/Bone447/Bone448"
  ],
  "_bindposes": [
    {
      "__type__": "cc.Mat4",
      "m00": -0.030962781980633736,
      "m01": -0.1484893411397934,
      "m02": -0.9884294867515564,
      "m03": 0,
      "m04": 0.47176793217658997,
      "m05": -0.8739901185035706,
      "m06": 0.11651919782161713,
      "m07": 0,
      "m08": -0.8811794519424438,
      "m09": -0.46270129084587097,
      "m10": 0.09711364656686783,
      "m11": 0,
      "m12": 0.38576942682266235,
      "m13": 0.08784551173448563,
      "m14": 0.012614223174750805,
      "m15": 1
    },
    {
      "__type__": "cc.Mat4",
      "m00": -0.11896326392889023,
      "m01": -0.09412543475627899,
      "m02": -0.9884272217750549,
      "m03": 0,
      "m04": -0.19813276827335358,
      "m05": -0.9732251167297363,
      "m06": 0.1165241077542305,
      "m07": 0,
      "m08": -0.9729298949241638,
      "m09": 0.20970191061496735,
      "m10": 0.09712856262922287,
      "m11": 0,
      "m12": 0.040157899260520935,
      "m13": 0.08090600371360779,
      "m14": 0.012609276920557022,
      "m15": 1
    },
    {
      "__type__": "cc.Mat4",
      "m00": -0.1475733369588852,
      "m01": 0.035107363015413284,
      "m02": -0.9884282350540161,
      "m03": 0,
      "m04": -0.886854350566864,
      "m05": -0.4471147358417511,
      "m06": 0.1165274903178215,
      "m07": 0,
      "m08": -0.4378494918346405,
      "m09": 0.8937882781028748,
      "m10": 0.09711726009845734,
      "m11": 0,
      "m12": -0.1380624771118164,
      "m13": 0.3057110607624054,
      "m14": 0.012609452940523624,
      "m15": 1
    },
    {
      "__type__": "cc.Mat4",
      "m00": -0.1475653350353241,
      "m01": 0.035105787217617035,
      "m02": -0.9884293675422668,
      "m03": 0,
      "m04": -0.886851966381073,
      "m05": -0.4471189081668854,
      "m06": 0.11652062088251114,
      "m07": 0,
      "m08": -0.437854528427124,
      "m09": 0.8937851190567017,
      "m10": 0.09711300581693649,
      "m11": 0,
      "m12": -0.53323894739151,
      "m13": 0.30571097135543823,
      "m14": 0.012599973939359188,
      "m15": 1
    }
  ],
  "_hash": 3872861470
}