{
  "__type__": "cc.Skeleton",
  "_name": "Skin-18",
  "_objFlags": 0,
  "_native": "",
  "_joints": [
    "Zelena_zgrada/Bone415",
    "Zelena_zgrada/Bone415/Bone416",
    "Zelena_zgrada/Bone415/Bone416/Bone417"
  ],
  "_bindposes": [
    {
      "__type__": "cc.Mat4",
      "m00": -0.000026383608201285824,
      "m01": -1,
      "m02": 4.5233485934659257e-7,
      "m03": 0,
      "m04": 0.000018463988453731872,
      "m05": -4.528220074462297e-7,
      "m06": -1,
      "m07": 0,
      "m08": 1,
      "m09": -0.000026383599106338806,
      "m10": 0.000018463999367668293,
      "m11": 0,
      "m12": -0.015200384892523289,
      "m13": -0.0024553141556680202,
      "m14": -0.016123104840517044,
      "m15": 1
    },
    {
      "__type__": "cc.Mat4",
      "m00": 0.00000567313736610231,
      "m01": -0.9060429930686951,
      "m02": -5.069917392575007e-7,
      "m03": 0,
      "m04": -0.0000025390747850906337,
      "m05": 5.06980995851336e-7,
      "m06": -0.9060429930686951,
      "m07": 0,
      "m08": 1.103700041770935,
      "m09": 0.000004657159934140509,
      "m10": -0.000002084359948639758,
      "m11": 0,
      "m12": -0.1875377595424652,
      "m13": -0.0022257333621382713,
      "m14": -0.014603542163968086,
      "m15": 1
    },
    {
      "__type__": "cc.Mat4",
      "m00": 4.13820149642715e-33,
      "m01": -0.9060440063476562,
      "m02": -6.545960218318214e-7,
      "m03": 0,
      "m04": 1.351642634715903e-16,
      "m05": 6.545960218318214e-7,
      "m06": -0.9060440063476562,
      "m07": 0,
      "m08": 1.103700041770935,
      "m09": -8.016489084744962e-23,
      "m10": 1.1095839117966736e-16,
      "m11": 0,
      "m12": -2.9649317264556885,
      "m13": -0.002215386601164937,
      "m14": -0.01460973359644413,
      "m15": 1
    }
  ],
  "_hash": 2624443779
}