{
  "__type__": "cc.Skeleton",
  "_name": "Skin-0",
  "_objFlags": 0,
  "_native": "",
  "_joints": [
    "Animirani_objekti/BlueBuilding/Bone431",
    "Animirani_objekti/BlueBuilding/Bone431/Bone432",
    "Animirani_objekti/BlueBuilding/Bone431/Bone432/Bone433"
  ],
  "_bindposes": [
    {
      "__type__": "cc.Mat4",
      "m00": 0.000028615664632525295,
      "m01": -1.0000005960464478,
      "m02": 0.0000010600099358271109,
      "m03": 0,
      "m04": -0.00004538281064014882,
      "m05": -0.000001061309376382269,
      "m06": -0.9999999403953552,
      "m07": 0,
      "m08": 1,
      "m09": 0.0000286156155198114,
      "m10": -0.00004538281064014882,
      "m11": 0,
      "m12": -0.03510193154215813,
      "m13": -0.00190832675434649,
      "m14": 0.0031261222902685404,
      "m15": 1
    },
    {
      "__type__": "cc.Mat4",
      "m00": 0.0000021940184069535462,
      "m01": -0.9060437679290771,
      "m02": -7.071054142215871e-7,
      "m03": 0,
      "m04": 0.0000019617375528468983,
      "m05": 7.071085974530433e-7,
      "m06": -0.9060437679290771,
      "m07": 0,
      "m08": 1.103700041770935,
      "m09": 0.0000018010999838224961,
      "m10": 0.0000016104199858091306,
      "m11": 0,
      "m12": -0.20950308442115784,
      "m13": -0.001717540086247027,
      "m14": 0.002817421220242977,
      "m15": 1
    },
    {
      "__type__": "cc.Mat4",
      "m00": 2.431118275580957e-7,
      "m01": -0.9060437679290771,
      "m02": -7.071070058373152e-7,
      "m03": 0,
      "m04": -1.896838263716616e-13,
      "m05": 7.071070058373152e-7,
      "m06": -0.9060437679290771,
      "m07": 0,
      "m08": 1.103700041770935,
      "m09": 1.9957400354542187e-7,
      "m10": 4.0070240219901914e-17,
      "m11": 0,
      "m12": -2.9868969917297363,
      "m13": -0.0017111600609496236,
      "m14": 0.002825701842084527,
      "m15": 1
    }
  ],
  "_hash": 4097886715
}