{
  "__type__": "cc.Skeleton",
  "_name": "Skin-5",
  "_objFlags": 0,
  "_native": "",
  "_joints": [
    "papirne_vetrenjace/joint19"
  ],
  "_bindposes": [
    {
      "__type__": "cc.Mat4",
      "m00": 0.0444490872323513,
      "m01": 0.8071548342704773,
      "m02": -0.5886640548706055,
      "m03": 0,
      "m04": -2.9915909986543855e-17,
      "m05": 0.5892464518547058,
      "m06": 0.8079533576965332,
      "m07": 0,
      "m08": 0.9990116357803345,
      "m09": -0.03591278940439224,
      "m10": 0.0261914674192667,
      "m11": 0,
      "m12": 0.0004301449516788125,
      "m13": 0.000039751521399011835,
      "m14": -0.000038281978049781173,
      "m15": 1
    }
  ],
  "_hash": 2826851371
}