{
  "__type__": "cc.Skeleton",
  "_name": "Skin-14",
  "_objFlags": 0,
  "_native": "",
  "_joints": [
    "Objekti_iz_jezerca/transform86/joint12"
  ],
  "_bindposes": [
    {
      "__type__": "cc.Mat4",
      "m00": -0.0004979930236004293,
      "m01": 6.098655961041716e-20,
      "m02": -0.0023625479079782963,
      "m03": 0,
      "m04": 6.35771705432789e-21,
      "m05": 0.002414462622255087,
      "m06": 6.098655961041716e-20,
      "m07": 0,
      "m08": 0.0023625479079782963,
      "m09": 6.35771705432789e-21,
      "m10": -0.0004979930236004293,
      "m11": 0,
      "m12": 0.00017583827138878405,
      "m13": -0.0010687485337257385,
      "m14": 0.00005362087904359214,
      "m15": 1
    }
  ],
  "_hash": 2068102802
}