{
  "__type__": "cc.Skeleton",
  "_name": "Skin-8",
  "_objFlags": 0,
  "_native": "",
  "_joints": [
    "Objekti_iz_jezerca/transform81/joint7"
  ],
  "_bindposes": [
    {
      "__type__": "cc.Mat4",
      "m00": 0.00199711206369102,
      "m01": 0,
      "m02": -1.3552527156068805e-20,
      "m03": 0,
      "m04": 0,
      "m05": 0.00199711206369102,
      "m06": 0,
      "m07": 0,
      "m08": 1.3552527156068805e-20,
      "m09": 0,
      "m10": 0.00199711206369102,
      "m11": 0,
      "m12": -0.0005904042045585811,
      "m13": -0.0001770239759935066,
      "m14": 0.00028853194089606404,
      "m15": 1
    }
  ],
  "_hash": 1822371108
}