{
  "__type__": "cc.Skeleton",
  "_name": "Skin-10",
  "_objFlags": 0,
  "_native": "",
  "_joints": [
    "Objekti_iz_jezerca/transform83/joint9"
  ],
  "_bindposes": [
    {
      "__type__": "cc.Mat4",
      "m00": -0.0005077896057628095,
      "m01": 6.218629461604582e-20,
      "m02": -0.0017034737393260002,
      "m03": 0,
      "m04": 9.07134969677737e-21,
      "m05": 0.0017775469459593296,
      "m06": 6.218629461604582e-20,
      "m07": 0,
      "m08": 0.0017034737393260002,
      "m09": 9.07134969677737e-21,
      "m10": -0.0005077896057628095,
      "m11": 0,
      "m12": 0.00024859124096110463,
      "m13": -0.0001770239759935066,
      "m14": 0.0006232711602933705,
      "m15": 1
    }
  ],
  "_hash": 2618276410
}