{
  "__type__": "cc.Skeleton",
  "_name": "Skin-17",
  "_objFlags": 0,
  "_native": "",
  "_joints": [
    "Objekti_iz_jezerca/transform91/joint17"
  ],
  "_bindposes": [
    {
      "__type__": "cc.Mat4",
      "m00": 0.0021296788472682238,
      "m01": 0,
      "m02": -0.0008101117564365268,
      "m03": 0,
      "m04": 0,
      "m05": 0.0022785551846027374,
      "m06": 0,
      "m07": 0,
      "m08": 0.0008101117564365268,
      "m09": 0,
      "m10": 0.0021296788472682238,
      "m11": 0,
      "m12": 0.00008616822742624208,
      "m13": -0.0010646749287843704,
      "m14": 0.00029424644890241325,
      "m15": 1
    }
  ],
  "_hash": 2858040168
}