{
  "__type__": "cc.Skeleton",
  "_name": "Skin-12",
  "_objFlags": 0,
  "_native": "",
  "_joints": [
    "Objekti_iz_jezerca/transform85/joint11"
  ],
  "_bindposes": [
    {
      "__type__": "cc.Mat4",
      "m00": -0.00038020845386199653,
      "m01": 4.656210654053503e-20,
      "m02": -0.0018037615809589624,
      "m03": 0,
      "m04": 4.8539992320377355e-21,
      "m05": 0.0018433973891660571,
      "m06": 4.656210654053503e-20,
      "m07": 0,
      "m08": 0.0018037615809589624,
      "m09": 4.8539992320377355e-21,
      "m10": -0.00038020845386199653,
      "m11": 0,
      "m12": 0.00022293301299214363,
      "m13": -0.0010687485337257385,
      "m14": 0.00004158309820923023,
      "m15": 1
    }
  ],
  "_hash": 1408596393
}