{
  "__type__": "cc.Skeleton",
  "_name": "Skin-4",
  "_objFlags": 0,
  "_native": "",
  "_joints": [
    "NOVA_Rodjendanska_proslava_9:Klackalica/NOVA_Rodjendanska_proslava_9:joint8",
    "NOVA_Rodjendanska_proslava_9:Klackalica/NOVA_Rodjendanska_proslava_9:joint9"
  ],
  "_bindposes": [
    {
      "__type__": "cc.Mat4",
      "m00": -0.002333258045837283,
      "m01": 2.8574230477608357e-19,
      "m02": -0.004791575949639082,
      "m03": 0,
      "m04": 6.587347158354655e-20,
      "m05": 0.005329453852027655,
      "m06": 2.85743106107302e-19,
      "m07": 0,
      "m08": 0.004791575949639082,
      "m09": 6.587402734552061e-20,
      "m10": -0.002333258045837283,
      "m11": 0,
      "m12": -0.00010176640353165567,
      "m13": -0.000907596608158201,
      "m14": -0.00020526634762063622,
      "m15": 1
    },
    {
      "__type__": "cc.Mat4",
      "m00": -0.002333258045837283,
      "m01": 2.8574230477608357e-19,
      "m02": -0.004791575949639082,
      "m03": 0,
      "m04": 6.587347158354655e-20,
      "m05": 0.005329453852027655,
      "m06": 2.85743106107302e-19,
      "m07": 0,
      "m08": 0.004791575949639082,
      "m09": 6.587402734552061e-20,
      "m10": -0.002333258045837283,
      "m11": 0,
      "m12": -0.000006246401881071506,
      "m13": -0.007210616488009691,
      "m14": 0.00002600365041871555,
      "m15": 1
    }
  ],
  "_hash": 3664125490
}