{
  "__type__": "cc.Skeleton",
  "_name": "Skin-3",
  "_objFlags": 0,
  "_native": "",
  "_joints": [
    "NOVA_Rodjendanska_proslava_9:Baloni/NOVA_Rodjendanska_proslava_9:joint3",
    "NOVA_Rodjendanska_proslava_9:Baloni/NOVA_Rodjendanska_proslava_9:joint3/NOVA_Rodjendanska_proslava_9:joint6",
    "NOVA_Rodjendanska_proslava_9:Baloni/NOVA_Rodjendanska_proslava_9:joint3/NOVA_Rodjendanska_proslava_9:joint5",
    "NOVA_Rodjendanska_proslava_9:Baloni/NOVA_Rodjendanska_proslava_9:joint3/NOVA_Rodjendanska_proslava_9:joint4"
  ],
  "_bindposes": [
    {
      "__type__": "cc.Mat4",
      "m00": -0.004623665940016508,
      "m01": 5.662357866740002e-19,
      "m02": 0.0005415799678303301,
      "m03": 0,
      "m04": 6.364313157322275e-19,
      "m05": 0.004655275959521532,
      "m06": 5.6623557987884705e-19,
      "m07": 0,
      "m08": -0.0005415799678303301,
      "m09": 6.364311089370744e-19,
      "m10": -0.004623665940016508,
      "m11": 0,
      "m12": 0.00012725434498861432,
      "m13": 0.000017134063455159776,
      "m14": -0.000023653194148209877,
      "m15": 1
    },
    {
      "__type__": "cc.Mat4",
      "m00": -0.004623665940016508,
      "m01": 5.662357866740002e-19,
      "m02": 0.0005415799678303301,
      "m03": 0,
      "m04": 6.364313157322275e-19,
      "m05": 0.004655275959521532,
      "m06": 5.6623557987884705e-19,
      "m07": 0,
      "m08": -0.0005415799678303301,
      "m09": 6.364311089370744e-19,
      "m10": -0.004623665940016508,
      "m11": 0,
      "m12": 0.002389014232903719,
      "m13": -0.01262731570750475,
      "m14": -0.00432183314114809,
      "m15": 1
    },
    {
      "__type__": "cc.Mat4",
      "m00": -0.004623665940016508,
      "m01": 5.662357866740002e-19,
      "m02": 0.0005415799678303301,
      "m03": 0,
      "m04": 6.364313157322275e-19,
      "m05": 0.004655275959521532,
      "m06": 5.6623557987884705e-19,
      "m07": 0,
      "m08": -0.0005415799678303301,
      "m09": 6.364311089370744e-19,
      "m10": -0.004623665940016508,
      "m11": 0,
      "m12": 0.0035721943713724613,
      "m13": -0.01001453585922718,
      "m14": 0.0035653167869895697,
      "m15": 1
    },
    {
      "__type__": "cc.Mat4",
      "m00": -0.004623665940016508,
      "m01": 5.662357866740002e-19,
      "m02": 0.0005415799678303301,
      "m03": 0,
      "m04": 6.364313157322275e-19,
      "m05": 0.004655275959521532,
      "m06": 5.6623557987884705e-19,
      "m07": 0,
      "m08": -0.0005415799678303301,
      "m09": 6.364311089370744e-19,
      "m10": -0.004623665940016508,
      "m11": 0,
      "m12": -0.0030993756372481585,
      "m13": -0.007239526137709618,
      "m14": -0.0010089031420648098,
      "m15": 1
    }
  ],
  "_hash": 1270274745
}