{
  "__type__": "cc.Skeleton",
  "_name": "Skin-0",
  "_objFlags": 0,
  "_native": "",
  "_joints": [
    "NOVA_Rodjendanska_proslava_9:Ljuljaska/NOVA_Rodjendanska_proslava_9:joint1"
  ],
  "_bindposes": [
    {
      "__type__": "cc.Mat4",
      "m00": 0.9781079888343811,
      "m01": 0.20809899270534515,
      "m02": 0,
      "m03": 0,
      "m04": -0.20809899270534515,
      "m05": 0.9781079888343811,
      "m06": 0,
      "m07": 0,
      "m08": 0,
      "m09": 0,
      "m10": 1,
      "m11": 0,
      "m12": -0.0013254545629024506,
      "m13": -0.016870351508259773,
      "m14": -0.01054861955344677,
      "m15": 1
    }
  ],
  "_hash": 375689154
}